_id,都道府県コード又は市区町村コード,NO,都道府県名,市区町村名,名称,名称_カナ,住所,方書,緯度,経度,設置位置,電話番号,内線番号,法人番号,団体名,利用可能曜日,開始時間,終了時間,利用可能日時特記事項,小児対応設備の有無,URL,備考
1,472085,,沖縄県,浦添市,浦添市役所,ウラソエシヤクショ,沖縄県浦添市安波茶1-1-1,,26.245787,127.721828,,,,,,,,,,,http://www.city.urasoe.lg.jp/,
2,472085,,沖縄県,浦添市,浦添市美術館,ウラソエシビジュツカン,沖縄県浦添市仲間1-9-2,,26.249927,127.719496,,,,,,,,,,,http://museum.city.urasoe.lg.jp/,
3,472085,,沖縄県,浦添市,浦添市立中央公民館,ウラソエシリツチュウオウコウミンカン,沖縄県浦添市安波茶1-1-2,,26.245927,127.721152,,,,,,,,,,,https://www.city.urasoe.lg.jp/soshiki/kyoikuiinkai/kyouikubu/chuoukouminkan/,
4,472085,,沖縄県,浦添市,浦添市立中央公民館　分館,ウラソエシリツチュウオウコウミンカン　ブンカン,沖縄県浦添市牧港3-40-6,,26.255891,127.730803,,,,,,,,,,,,
5,472085,,沖縄県,浦添市,浦添市保健相談センター,ウラソエシホケンソウダンセンター,沖縄県浦添市仲間1-8-1,,26.249096,127.719776,,,,,,,,,,,,
6,472085,,沖縄県,浦添市,ANA ARENA 浦添　(浦添市民体育館),アナ　アリーナ ウラソエ　(ウラソエシミンタイイクカン),沖縄県浦添市仲間1-13-1,,26.250484,127.722843,,,,,,,,,,,http://urataishisetsu.jp/,
7,472085,,沖縄県,浦添市,ANA FIELD　浦添　(浦添市陸上競技場),アナ　フィールド　ウラソエ　(ウラソエシリクジョウキョウギジョウ),沖縄県浦添市仲間1-13-1,,26.25211,127.722057,,,,,,,,,,,http://urataishisetsu.jp/,
8,472085,,沖縄県,浦添市,ANA BALL PARK 　(浦添市民球場),アナ　ボール　パーク 　(ウラソエシミンキュウジョウ),沖縄県浦添市仲間1-13-1,,26.25131,127.724542,,,,,,,,,,,http://urataishisetsu.jp/,
9,472085,,沖縄県,浦添市,ANA SPORTS HALL てだこ　(浦添市多目的屋内運動場),アナ　スポーツ　ホール テダコ　(ウラソエシミンタモクテキオクナイウンドウジョウ),沖縄県浦添市仲間1-13-1,,26.252236,127.723753,,,,,,,,,,,http://urataishisetsu.jp/,
10,472085,,沖縄県,浦添市,ANA まじゅんらんど　浦添　(浦添温水プールまじゅんらんど),アナ　マジュンランド　ウラソエ　(ウラソエオンスイプールマジュンランド),沖縄県浦添市仲間1-13-1,,26.252236,127.723753,,,,,,,,,,,http://www.majunland.com/,
11,472085,,沖縄県,浦添市,浦添市産業振興センター・結の街,ウラソエシサンギョウシンコウセンター・ユイノマチ,沖縄県浦添市勢理客4-13-1,,26.246031,127.689837,,,,,,,,,,,,
12,472085,,沖縄県,浦添市,浦添市地域福祉センター,ウラソエシチイキフクシセンター,沖縄県浦添市内間2-18-2,,26.235988,127.704876,,,,,,,,,,,,
13,472085,,沖縄県,浦添市,浦添市かりゆしセンター,ウラソエシカリユシセンター,沖縄県浦添市西原4-11-8,,26.250038,127.743903,,,,,,,,,,,http://www.urasoe-kariyushi.com/summary/,
14,472085,,沖縄県,浦添市,サン・アビリティーズうらそえ,サン・アビリティーズウラソエ,沖縄県浦添市宮城4-11-1,,26.244027,127.704886,,,,,,,,,,,,
15,472085,,沖縄県,浦添市,浦添市立経塚児童センター,ウラソエシリツキョウヅカジドウセンター,沖縄県浦添市経塚1-17-1,,26.240278,127.722493,,,,,,,,,,,http://www.city.urasoe.okinawa.jp/cgi/jidoc/kyouzuka/index.cgi,
16,472085,,沖縄県,浦添市,浦添市てだこホール,ウラソエシテダコホール,沖縄県浦添市仲間1-9-3,,26.250113,127.720576,,,,,,,,,,,http://www.tedakohall.jp/,
17,472085,,沖縄県,浦添市,小湾自治会,コワンジチカイ,沖縄県浦添市宮城6-13-1,,26.243944,127.706903,,,,,,,,,,,https://www.city.urasoe.lg.jp/docs/2014110102233/,
18,472085,,沖縄県,浦添市,城間公民館,グスクマコウミンカン,沖縄県浦添市城間1-9-1,,26.255726,127.70966,,,,,,,,,,,https://www.city.urasoe.lg.jp/docs/2014110101472/,
19,472085,,沖縄県,浦添市,宮城自治会,ミヤギジチカイ,沖縄県浦添市宮城2-22-3,,26.248457,127.704664,,,,,,,,,,,https://www.city.urasoe.lg.jp/docs/2014110102027/,
20,472085,,沖縄県,浦添市,国立劇場おきなわ,コクリツゲキジョウオキナワ,沖縄県浦添市勢理客4-14-1,,26.24632,127.688629,,,,,,,,,,,http://www.nt-okinawa.or.jp/,
21,472085,,沖縄県,浦添市,浦添市社会福祉協議会,ウラソエシシャカイフクシキョウギカイ,沖縄県浦添市仲間1-10-7,,26.248736,127.722057,,,,,,,,,,,http://www2.urasoeshakyo.org/,
22,472085,,沖縄県,浦添市,沖縄県中央卸売市場,オキナワケンチュウオウオロシウリイチバ,沖縄県浦添市伊奈武瀬1-11-1,,26.247207,127.669809,,,,,,,,,,,http://www.pref.okinawa.jp/site/norin/oroshiuri/,
23,472085,,沖縄県,浦添市,浦添大公園管理事務所,ウラソエダイコウエンカンリジムショ,沖縄県浦添市字伊祖115-1,,26.254594,127.726651,,,,,,,,,,,http://okiryoku.org/park/,
24,472085,,沖縄県,浦添市,浦添年金事務所,ウラソエネンキンジムショ,沖縄県浦添市内間3-3-25,,26.235179,127.703401,,,,,,,,,,,http://www.nenkin.go.jp/n/www/section/detail.jsp?id=3571&part_id=270,
25,472085,,沖縄県,浦添市,軽自動車検査協会,ケイジドウシャケンサキョウカイ,沖縄県浦添市字港川512-12,,26.274105,127.71502,,,,,,,,,,,http://www.keikenkyo.or.jp/okinawa/okinawa_000245.html,
26,472085,,沖縄県,浦添市,鏡が丘特別支援学校,カガミガオカトクベツシエンガッコウ,沖縄県浦添市当山3-2-7,,26.24585,127.736822,,,,,,,,,,,http://www.kagamigaoka-sh.open.ed.jp/,
27,472085,,沖縄県,浦添市,浦添職業能力開発校,ウラソエショクギョウノウリョクカイハツコウ,沖縄県浦添市字大平531,,26.242009,127.713075,,,,,,,,,,,http://www.pref.okinawa.jp/site/shoko/shokuno-urse/,
28,472085,,沖縄県,浦添市,沖縄療育園,オキナワリョウイクエン,沖縄県浦添市字経塚714,,26.236987,127.725447,,,,,,,,,,,http://www.okinawa-j.jp/institution.php?i=1,
29,472085,,沖縄県,浦添市,沖縄県卸商業団地協同組合,オキナワケンオロシショウギョウダンチキョウドウクミアイ,沖縄県浦添市西洲2-6-6,,26.253453,127.690087,,,,,,,,,,,http://www.oroshinet.or.jp/,
30,472085,,沖縄県,浦添市,浦添小学校,ウラソエショウガッコウ,沖縄県浦添市仲間2-47-1,,26.246659,127.729657,,,,,,,,,,,http://www.urasoe.ed.jp/e01/,
31,472085,,沖縄県,浦添市,仲西小学校,ナカニシショウガッコウ,沖縄県浦添市屋富祖2-32-1,,26.250133,127.706821,,,,,,,,,,,http://www.urasoe.ed.jp/e02/,
32,472085,,沖縄県,浦添市,神森小学校,カミモリショウガッコウ,沖縄県浦添市勢理客1-4-1,,26.24204,127.699975,,,,,,,,,,,http://www.urasoe.ed.jp/e03/,
33,472085,,沖縄県,浦添市,浦城小学校,ウラシロショウガッコウ,沖縄県浦添市伊祖2-13-1,,26.253842,127.716727,,,,,,,,,,,http://www.urasoe.ed.jp/e04/,
34,472085,,沖縄県,浦添市,牧港小学校,マキミナトショウガッコウ,沖縄県浦添市牧港2-14-1,,26.259151,127.724906,,,,,,,,,,,http://www.urasoe.ed.jp/e05/,
35,472085,,沖縄県,浦添市,当山小学校,トウヤマショウガッコウ,沖縄県浦添市当山2-34-1,,26.251947,127.733908,,,,,,,,,,,http://www.urasoe.ed.jp/e06/,
36,472085,,沖縄県,浦添市,内間小学校,ウチマショウガッコウ,沖縄県浦添市内間4-3-1,,26.239024,127.70437,,,,,,,,,,,http://www.urasoe.ed.jp/e07/,
37,472085,,沖縄県,浦添市,港川小学校,ミナトガワショウガッコウ,沖縄県浦添市城間4-37-1,,26.260795,127.716359,,,,,,,,,,,http://www.urasoe.ed.jp/e08/,
38,472085,,沖縄県,浦添市,宮城小学校,ミヤギショウガッコウ,沖縄県浦添市宮城3-7-3,,26.24706,127.706494,,,,,,,,,,,http://www.urasoe.ed.jp/e09/,
39,472085,,沖縄県,浦添市,沢岻小学校,タクシショウガッコウ,沖縄県浦添市字沢岻998,,26.237151,127.717334,,,,,,,,,,,http://www.urasoe.ed.jp/e10/,
40,472085,,沖縄県,浦添市,前田小学校,マエダショウガッコウ,沖縄県浦添市字前田333,,26.239112,127.733912,,,,,,,,,,,http://www.urasoe.ed.jp/e11/,
41,472085,,沖縄県,浦添市,浦添中学校,ウラソエチュウガッコウ,沖縄県浦添市仲間2-46-1,,26.24591,127.727509,,,,,,,,,,,http://www.urasoe.ed.jp/j01/,
42,472085,,沖縄県,浦添市,仲西中学校,ナカニシチュウガッコウ,沖縄県浦添市屋富祖2-13-1,,26.250284,127.709593,,,,,,,,,,,http://www.urasoe.ed.jp/j02/,
43,472085,,沖縄県,浦添市,神森中学校,カミモリチュウガッコウ,沖縄県浦添市内間1-6-1,,26.239553,127.70738,,,,,,,,,,,http://www.urasoe.ed.jp/j03/,
44,472085,,沖縄県,浦添市,港川中学校,ミナトガワチュウガッコウ,沖縄県浦添市港川1-1-1,,26.261445,127.718276,,,,,,,,,,,http://www.urasoe.ed.jp/j04/,
45,472085,,沖縄県,浦添市,浦西中学校,ウラニシチュウガッコウ,沖縄県浦添市当山3-1-1,,26.248479,127.73575,,,,,,,,,,,http://www.urasoe.ed.jp/j05/,
46,472085,,沖縄県,浦添市,浦添高等学校,ウラソエコウトウガッコウ,沖縄県浦添市内間3-26-1,,26.237673,127.702807,,,,,,,,,,,http://www.urasoe-h.open.ed.jp/,
47,472085,,沖縄県,浦添市,浦添商業高等学校,ウラソエショウギョウコウトウガッコウ,沖縄県浦添市伊祖3-11-1,,26.259061,127.7205,,,,,,,,,,,http://www.urasoe-ch.open.ed.jp/,
48,472085,,沖縄県,浦添市,那覇工業高等学校,ナハコウギョウコウトウガッコウ,沖縄県浦添市勢理客4-22-1,,26.243642,127.686816,,,,,,,,,,,http://www.naha-th.open.ed.jp/,
49,472085,,沖縄県,浦添市,陽明高等学校,ヨウメイコウトウガッコウ,沖縄県浦添市字大平488,,26.244046,127.711848,,,,,,,,,,,http://www.yomei-h.open.ed.jp/,
50,472085,,沖縄県,浦添市,浦添工業高等学校,ウラソエコウギョウコウトウガッコウ,沖縄県浦添市経塚1-1-1,,26.24319,127.722311,,,,,,,,,,,http://www.urasoe-th.open.ed.jp/,
51,472085,,沖縄県,浦添市,昭和薬科大学附属高等学校,ショウワヤッカダイガクフゾクコウトウガッコウ,沖縄県浦添市字沢岻450,,26.237942,127.713227,,,,,,,,,,,http://www.showayakka-jh.ed.jp/,
1,472115,,沖縄県,沖縄市,ファミリーマート　泡瀬三丁目店,ﾌｧﾐﾘｰﾏｰﾄ　ｱﾜｾｻﾝﾁｮｳﾒﾃﾝ,沖縄県沖縄市泡瀬3-1-1,,26.316616,127.830879,店内,(098）937-1210,,,,月火水木金土日,00:00,23:59,,,,
2,472115,,沖縄県,沖縄市,ファミリーマート　沖縄池原3丁目店,ﾌｧﾐﾘｰﾏｰﾄ　ｵｷﾅﾜｲｹﾊﾗｻﾝﾁｮｳﾒﾃﾝ,沖縄県沖縄市池原3-3-14,,26.386465,127.827248,店内,(098）937-8639,,,,月火水木金土日,00:00,23:59,,,,
3,472115,,沖縄県,沖縄市,ファミリーマート　タピックこども館店,ﾌｧﾐﾘｰﾏｰﾄ　ﾀﾋﾟｯｸｺﾄﾞﾓｶﾝﾃﾝ,沖縄県沖縄市比屋根1-16-2,,26.314922,127.823418,店内,(098）931-1558,,,,月火水木金土日,00:00,23:59,,,,
4,472115,,沖縄県,沖縄市,ファミリーマート　球陽高校前店,ﾌｧﾐﾘｰﾏｰﾄ　ｷｭｳﾖｳｺｳｺｳﾏｴﾃﾝ,沖縄県沖縄市山内2-4-32,,26.321035,127.786171,店内,(098）931-9131,,,,月火水木金土日,00:00,23:59,,,,
5,472115,,沖縄県,沖縄市,ファミリーマート　グラウンド通り店,ﾌｧﾐﾘｰﾏｰﾄ　ｸﾞﾗﾝﾄﾞﾄｵﾘﾃﾝ,沖縄県沖縄市上地3-2-15,,26.332514,127.793892,店内,(098）930-0223,,,,月火水木金土日,00:00,23:59,,,,
6,472115,,沖縄県,沖縄市,ファミリーマート　こどもの国前店,ﾌｧﾐﾘｰﾏｰﾄ　ｺﾄﾞﾓﾉｸﾆﾏｴﾃﾝ,沖縄県沖縄市園田2-19-15,,26.326759,127.801735,店内,(098）930-1087,,,,月火水木金土日,00:00,23:59,,,,
7,472115,,沖縄県,沖縄市,ファミリーマート　高原小学校前店,ﾌｧﾐﾘｰﾏｰﾄ　ﾀｶﾊﾗｼｮｳｶﾞｯｺｳﾏｴﾃﾝ,沖縄県沖縄市高原5-8-6,,26.323666,127.822617,店内,(098）929-1630,,,,月火水木金土日,00:00,23:59,,,,
8,472115,,沖縄県,沖縄市,ファミリーマート　美里公園前店,ﾌｧﾐﾘｰﾏｰﾄ　ﾐｻﾄｺｳｴﾝﾏｴﾃﾝ,沖縄県沖縄市美原1-6-20,,26.347534,127.819702,店内,(098）937-0065,,,,月火水木金土日,00:00,23:59,,,,
9,472115,,沖縄県,沖縄市,ファミリーマート　美里工業高校前店,ﾌｧﾐﾘｰﾏｰﾄ　ﾐｻﾄｺｳｷﾞｮｳｺｳｺｳﾏｴﾃﾝ,沖縄県沖縄市大里3-17-23,,26.328417,127.82,店内,(098）921-1011,,,,月火水木金土日,00:00,23:59,,,,
10,472115,,沖縄県,沖縄市,ファミリーマート　宮里一丁目店,ﾌｧﾐﾘｰﾏｰﾄ　ﾐﾔｻﾞﾄｲｯﾁｮｳﾒﾃﾝ,沖縄県沖縄市宮里1-5-3,,26.339802,127.817139,店内,(098）982-1530,,,,月火水木金土日,00:00,23:59,,,,
11,472115,,沖縄県,沖縄市,ファミリーマート　山里二丁目店,ﾌｧﾐﾘｰﾏｰﾄ　ﾔﾏｻﾞﾄﾆﾁｮｳﾒﾃﾝ,沖縄県沖縄市山里2-3-13,,26.321373,127.792969,店内,(098）933-7022,,,,月火水木金土日,00:00,23:59,,,,
12,472115,,沖縄県,沖縄市,ファミリーマート　沖縄越来店,ﾌｧﾐﾘｰﾏｰﾄ　ｵｷﾅﾜｺﾞｴｸﾃﾝ,沖縄県沖縄市越来2-1-20,,26.344452,127.813042,店内,(098）983-4087,,,,月火水木金土日,00:00,23:59,,,,
13,472115,,沖縄県,沖縄市,ファミリーマート　海邦一丁目店,ﾌｧﾐﾘｰﾏｰﾄ　ｶｲﾎｳｲｯﾁｮｳﾒﾃﾝ,沖縄県沖縄市海邦1-22-35,,26.329519,127.833466,店内,(098）939-5955,,,,月火水木金土日,00:00,23:59,,,,
14,472115,,沖縄県,沖縄市,ファミリーマート　知花四丁目店,ﾌｧﾐﾘｰﾏｰﾄ　ﾁﾊﾞﾅﾖﾝﾁｮｳﾒﾃﾝ,沖縄県沖縄市知花4-12-17,,26.359816,127.800156,店内,(098）934-7055,,,,月火水木金土日,00:00,23:59,,,,
15,472115,,沖縄県,沖縄市,ファミリーマート　比屋根店,ﾌｧﾐﾘｰﾏｰﾄ　ﾋﾔﾈﾃﾝ,沖縄県沖縄市比屋根1-2-15,,26.31765,127.822052,店内,(098）931-9755,,,,月火水木金土日,00:00,23:59,,,,
16,472115,,沖縄県,沖縄市,ファミリーマート　比屋根サミット店,ﾌｧﾐﾘｰﾏｰﾄ　ﾋﾔﾈｻﾐｯﾄﾃﾝ,沖縄県沖縄市比屋根7-20-3,,26.320082,127.80835,店内,(098）930-7500,,,,月火水木金土日,00:00,23:59,,,,
17,472115,,沖縄県,沖縄市,ファミリーマート　松本五丁目店,ﾌｧﾐﾘｰﾏｰﾄ　ﾏﾂﾓﾄｺﾞﾁｮｳﾒﾃﾝ,沖縄県沖縄市松本5-19-10,,26.357487,127.806839,店内,(098）934-8161,,,,月火水木金土日,00:00,23:59,,,,
18,472115,,沖縄県,沖縄市,ファミリーマート　松本店,ﾌｧﾐﾘｰﾏｰﾄ　ﾏﾂﾓﾄﾃﾝ,沖縄県沖縄市松本885-1,,26.352606,127.822479,店内,(098）939-9966,,,,月火水木金土日,00:00,23:59,,,,
19,472115,,沖縄県,沖縄市,ファミリーマート　沖縄市消防本部前店,ﾌｧﾐﾘｰﾏｰﾄ　ｵｷﾅﾜｼｼｮｳﾎﾞｳﾎﾝﾌﾞﾏｴﾃﾝ,沖縄県沖縄市美里5-17-15,,26.352976,127.809547,店内,(098）983-4131,,,,月火水木金土日,00:00,23:59,,,,
20,472115,,沖縄県,沖縄市,ファミリーマート　沖縄北インター店,ﾌｧﾐﾘｰﾏｰﾄ　ｵｷﾅﾜｷﾀｲﾝﾀｰﾃﾝ,沖縄県沖縄市登川1015-1,,26.373186,127.826248,店内,(098）983-4640,,,,月火水木金土日,00:00,23:59,,,,
21,472115,,沖縄県,沖縄市,ファミリーマート　美里仲原店,ﾌｧﾐﾘｰﾏｰﾄ　ﾐｻﾄﾅｶﾊﾗﾃﾝ,沖縄県沖縄市美里仲原町25-7,,26.344818,127.826759,店内,(098）921-3008,,,,月火水木金土日,00:00,23:59,,,,
22,472115,,沖縄県,沖縄市,ファミリーマート　沖縄与儀三丁目店,ﾌｧﾐﾘｰﾏｰﾄ　ｵｷﾅﾜﾖｷﾞｻﾝﾁｮｳﾒﾃﾝ,沖縄県沖縄市与儀3-7-6,,26.308842,127.814713,店内,(098）931-9511,,,,月火水木金土日,00:00,23:59,,,,
23,472115,,沖縄県,沖縄市,ファミリーマート　沖縄ももやま通り店,ﾌｧﾐﾘｰﾏｰﾄ　ｵｷﾅﾜﾓﾓﾔﾏﾄｵﾘﾃﾝ,沖縄県沖縄市山内3-9-1,,26.325874,127.782555,店内,(098）931-1125,,,,月火水木金土日,00:00,23:59,,,,
24,472115,,沖縄県,沖縄市,ファミリーマート　沖縄古謝店,ﾌｧﾐﾘｰﾏｰﾄ　ｵｷﾅﾜｺｼﾞｬﾃﾝ,沖縄県沖縄市古謝2-20-12,,26.333948,127.834633,店内,(098）921-1198,,,,月火水木金土日,00:00,23:59,,,,
25,472115,,沖縄県,沖縄市,ファミリーマート　美里大通り店,ﾌｧﾐﾘｰﾏｰﾄ　ﾐｻﾄｵｵﾄｵﾘﾃﾝ,沖縄県沖縄市美原2-1-8,,26.343094,127.818665,店内,(098）921-4888,,,,月火水木金土日,00:00,23:59,,,,
26,472115,,沖縄県,沖縄市,ファミリーマート　沖縄知花店,ﾌｧﾐﾘｰﾏｰﾄ　ｵｷﾅﾜﾁﾊﾞﾅﾃﾝ,沖縄県沖縄市知花5-16-16,,26.366522,127.815781,店内,(098）921-3188,,,,月火水木金土日,00:00,23:59,,,,
27,472115,,沖縄県,沖縄市,ファミリーマート　沖縄税務署前店,ﾌｧﾐﾘｰﾏｰﾄ　ｵｷﾅﾜｾﾞｲﾑｼｮﾏｴﾃﾝ,沖縄県沖縄市東1-32-2,,26.343868,127.822487,店内,(098）921-4523,,,,月火水木金土日,00:00,23:59,,,,
28,472115,,沖縄県,沖縄市,ファミリーマート　沖縄泡瀬店,ﾌｧﾐﾘｰﾏｰﾄ　ｵｷﾅﾜｱﾜｾﾃﾝ,沖縄県沖縄市泡瀬4-44-8,,26.316694,127.827873,店内,(098）921-1006,,,,月火水木金土日,00:00,23:59,,,,
29,472115,,沖縄県,沖縄市,ファミリーマート　沖縄宮里店,ﾌｧﾐﾘｰﾏｰﾄ　ｵｷﾅﾜﾐﾔｻﾞﾄﾃﾝ,沖縄県沖縄市宮里4-1-8,,26.340576,127.822418,店内,(098）921-2505,,,,月火水木金土日,00:00,23:59,,,,
30,472115,,沖縄県,沖縄市,ファミリーマート　沖縄胡屋六丁目店,ﾌｧﾐﾘｰﾏｰﾄ　ｵｷﾅﾜｺﾞﾔﾛｸﾁｮｳﾒﾃﾝ,沖縄県沖縄市胡屋6-10-1,,26.324697,127.809082,店内,(098）931-9722,,,,月火水木金土日,00:00,23:59,,,,
31,472115,,沖縄県,沖縄市,ファミリーマート　沖縄与儀店,ﾌｧﾐﾘｰﾏｰﾄ　ｵｷﾅﾜﾖｷﾞﾃﾝ,沖縄県沖縄市与儀3-17-1,,26.307148,127.816902,店内,(098）931-1711,,,,月火水木金土日,00:00,23:59,,,,
32,472115,,沖縄県,沖縄市,ファミリーマート　くすの木通り店,ﾌｧﾐﾘｰﾏｰﾄ　ｸｽﾉｷﾄｵﾘﾃﾝ,沖縄県沖縄市胡屋1-12-20,,26.334856,127.80162,店内,(098）921-2433,,,,月火水木金土日,00:00,23:59,,,,
33,472115,,沖縄県,沖縄市,ファミリーマート　アワセベイストリート店,ﾌｧﾐﾘｰﾏｰﾄ　ｱﾜｾﾍﾞｲｽﾄﾘｰﾄﾃﾝ,沖縄県沖縄市泡瀬5-1-4,,26.321922,127.832413,店内,(098）921-1525,,,,月火水木金土日,00:00,23:59,,,,
34,472115,,沖縄県,沖縄市,ファミリーマート　沖縄泡瀬ﾋﾞｼﾞｭﾙ前店,ﾌｧﾐﾘｰﾏｰﾄ　ｵｷﾅﾜｱﾜｾﾋﾞｼﾞｭﾙﾃﾝ,沖縄県沖縄市泡瀬1-6-7,,26.321386,127.833527,店内,(098）921-2313,,,,月火水木金土日,00:00,23:59,,,,
35,472115,,沖縄県,沖縄市,ローソン沖縄　松本二丁目店,ﾛｰｿﾝｵｷﾅﾜ　ﾏﾂﾓﾄﾆﾁｮｳﾒﾃﾝ,沖縄県沖縄市松本847,,26.355236,127.807907,店内,(098）934-3963,,,,月火水木金土日,00:00,23:59,,,,
36,472115,,沖縄県,沖縄市,ローソン沖縄　法務局前店,ﾛｰｿﾝｵｷﾅﾜ　ﾎｳﾑｷｮｸﾏｴﾃﾝ,沖縄県沖縄市知花6-6-10,,26.361185,127.818916,店内,(098）934-0283,,,,月火水木金土日,00:00,23:59,,,,
37,472115,,沖縄県,沖縄市,ローソン沖縄　美里工業高校前店,ﾛｰｿﾝｵｷﾅﾜ　ﾐｻﾄｺｳｷﾞｮｳｺｳｺｳﾏｴﾃﾝ,沖縄県沖縄市泡瀬5-24-12,,26.325033,127.829819,店内,(098）989-3171,,,,月火水木金土日,00:00,23:59,,,,
38,472115,,沖縄県,沖縄市,ローソン沖縄　上地店,ﾛｰｿﾝｵｷﾅﾜ　ｳｴﾁﾃﾝ,沖縄県沖縄市上地1-10-2,,26.334076,127.798737,店内,(098）930-5670,,,,月火水木金土日,00:00,23:59,,,,
39,472115,,沖縄県,沖縄市,ローソン沖縄　泡瀬団地前店,ﾛｰｿﾝｵｷﾅﾜ　ｱﾜｾﾀﾞﾝﾁﾏｴﾃﾝ,沖縄県沖縄市古謝2-18-3,,26.332485,127.834389,店内,(098）934-2790,,,,月火水木金土日,00:00,23:59,,,,
40,472115,,沖縄県,沖縄市,ローソン沖縄　園田三丁目店,ﾛｰｿﾝｵｷﾅﾜ　ｿﾉﾀﾞｻﾝﾁｮｳﾒﾃﾝ,沖縄県沖縄市園田3-9-15,,26.326717,127.793678,店内,(098）930-1163,,,,月火水木金土日,00:00,23:59,,,,
41,472115,,沖縄県,沖縄市,ローソン沖縄　コザ高校前店,ﾛｰｿﾝｵｷﾅﾜ　ｺｻﾞｺｳｺｳﾏｴﾃﾝ,沖縄県沖縄市宮里3-3-33,,26.334681,127.818527,店内,(098）934-7077,,,,月火水木金土日,00:00,23:59,,,,
42,472115,,沖縄県,沖縄市,ローソン沖縄　高原店,ﾛｰｿﾝｵｷﾅﾜ　ﾀｶﾊﾗﾃﾝ,沖縄県沖縄市高原7-1-1,,26.322071,127.821854,店内,(098）937-3963,,,,月火水木金土日,00:00,23:59,,,,
43,472115,,沖縄県,沖縄市,ローソン沖縄　松本店,ﾛｰｿﾝｵｷﾅﾜ　ﾏﾂﾓﾄﾃﾝ,沖縄県沖縄市松本1-22-8,,26.355562,127.817375,店内,(098）934-4472,,,,月火水木金土日,00:00,23:59,,,,
44,472115,,沖縄県,沖縄市,ローソン沖縄　美里店,ﾛｰｿﾝｵｷﾅﾜ　ﾐｻﾄﾃﾝ,沖縄県沖縄市美原1-11-11,,26.347002,127.822952,店内,(098）937-7050,,,,月火水木金土日,00:00,23:59,,,,
45,472115,,沖縄県,沖縄市,ローソン沖縄　南インター店,ﾛｰｿﾝｵｷﾅﾜ　ﾐﾅﾐｲﾝﾀｰﾃﾝ,沖縄県沖縄市上地4-20-9,,26.335896,127.791641,店内,(098）933-0063,,,,月火水木金土日,00:00,23:59,,,,
46,472115,,沖縄県,沖縄市,ローソン沖縄　山内三丁目店,ﾛｰｿﾝｵｷﾅﾜ　ﾔﾏｳﾁｻﾝﾁｮｳﾒﾃﾝ,沖縄県沖縄市山内3-15-6,,26.327785,127.781876,店内,(098）933-7337,,,,月火水木金土日,00:00,23:59,,,,
47,472115,,沖縄県,沖縄市,ローソン沖縄　沖縄市役所前店,ﾛｰｿﾝｵｷﾅﾜ　ｵｷﾅﾜｼﾔｸｼｮﾏｴﾃﾝ,沖縄県沖縄市仲宗根町30-4,,26.333374,127.804543,店内,(098）983-4089,,,,月火水木金土日,00:00,23:59,,,,
48,472115,,沖縄県,沖縄市,ローソン沖縄　古謝店,ﾛｰｿﾝｵｷﾅﾜ　ｺｼﾞｬﾃﾝ,沖縄県沖縄市古謝2-30-12,,26.33416,127.837189,店内,(098）921-1858,,,,月火水木金土日,00:00,23:59,,,,
49,472115,,沖縄県,沖縄市,ローソン沖縄　中頭病院前店,ﾛｰｿﾝｵｷﾅﾜ　ﾅｶｶﾞﾐﾋﾞｮｳｲﾝﾏｴﾃﾝ,沖縄県沖縄市登川2-24-16,,26.365938,127.823624,店内,(098）937-3553,,,,月火水木金土日,00:00,23:59,,,,
50,472115,,沖縄県,沖縄市,ローソン沖縄　越来一丁目店,ﾛｰｿﾝｵｷﾅﾜ　ｺﾞｴｸｲｯﾁｮｳﾒﾃﾝ,沖縄県沖縄市越来1-19-7,,26.343176,127.809174,店内,(098）934-5298,,,,月火水木金土日,00:00,23:59,,,,
51,472115,,沖縄県,沖縄市,ローソン沖縄　安慶田三丁目店,ﾛｰｿﾝｵｷﾅﾜ　ｱｹﾞﾀﾞｻﾝﾁｮｳﾒﾃﾝ,沖縄県沖縄市安慶田3-1-11,,26.331911,127.809708,店内,(098）937-3022,,,,月火水木金土日,00:00,23:59,,,,
52,472115,,沖縄県,沖縄市,ローソン沖縄　八重島二丁目店,ﾛｰｿﾝｵｷﾅﾜ　ﾔｴｼﾏﾆﾁｮｳﾒﾃﾝ,沖縄県沖縄市八重島2-9-1,,26.348612,127.802971,店内,(098）934-8300,,,,月火水木金土日,00:00,23:59,,,,
53,472115,,沖縄県,沖縄市,ローソン沖縄　こどもの国前店,ﾛｰｿﾝｵｷﾅﾜ　ｺﾄﾞﾓﾉｸﾏｴﾃﾝ,沖縄県沖縄市胡屋4-24-16,,26.329573,127.800003,店内,(098）933-6770,,,,月火水木金土日,00:00,23:59,,,,
54,472115,,沖縄県,沖縄市,ローソン沖縄　登川店,ﾛｰｿﾝｵｷﾅﾜ　ﾉﾎﾞﾘｶﾜﾃﾝ,沖縄県沖縄市登川2712-1,,26.370152,127.816231,店内,(098）938-5606,,,,月火水木金土日,00:00,23:59,,,,
55,472115,,沖縄県,沖縄市,ローソン沖縄　美原三丁目店,ﾛｰｿﾝｵｷﾅﾜ　ﾐﾊﾗｻﾝﾁｮｳﾒﾃﾝ,沖縄県沖縄市美原3-9-9,,26.351427,127.816498,店内,(098）923-3963,,,,月火水木金土日,00:00,23:59,,,,
56,472115,,沖縄県,沖縄市,ローソン沖縄　越来三丁目店,ﾛｰｿﾝｵｷﾅﾜ　ｺﾞｴｸｻﾝﾁｮｳﾒﾃﾝ,沖縄県沖縄市越来3-8-17,,26.346342,127.812386,店内,(098）939-5933,,,,月火水木金土日,00:00,23:59,,,,
57,472115,,沖縄県,沖縄市,ローソン沖縄　大里店,ﾛｰｿﾝｵｷﾅﾜ　ｵｵｻﾞﾄﾃﾝ,沖縄県沖縄市大里57-3,,26.325623,127.824623,店内,(098）937-5566,,,,月火水木金土日,00:00,23:59,,,,
58,472115,,沖縄県,沖縄市,セブンイレブン沖縄　沖縄美里,ｾﾌﾞﾝｲﾚﾌﾞﾝｵｷﾅﾜ　ｵｷﾅﾜﾐｻﾄ,沖縄県沖縄市美原1-21-4,,26.347965,127.823738,店内,(098）937-5718,,,,月火水木金土日,00:00,23:59,,,,
59,472115,,沖縄県,沖縄市,セブンイレブン沖縄　沖縄高原６丁目,ｾﾌﾞﾝｲﾚﾌﾞﾝｵｷﾅﾜ　ｵｷﾅﾜﾀｶﾊﾗﾛｸﾁｮｳﾒ,沖縄県沖縄市高原6-9-4,,26.319811,127.827034,店内,(098）930-7309,,,,月火水木金土日,00:00,23:59,,,,
60,472115,,沖縄県,沖縄市,セブンイレブン沖縄　沖縄照屋２丁目,ｾﾌﾞﾝｲﾚﾌﾞﾝｵｷﾅﾜ　ｵｷﾅﾜﾃﾙﾔﾆﾁｮｳﾒ,沖縄県沖縄市照屋2-231-9,,26.335085,127.815033,店内,(098）939-0711,,,,月火水木金土日,00:00,23:59,,,,
61,472115,,沖縄県,沖縄市,セブンイレブン沖縄　沖縄胡屋１丁目,ｾﾌﾞﾝｲﾚﾌﾞﾝｵｷﾅﾜ　ｵｷﾅﾜｺﾞﾔｲｯﾁｮｳﾒ,沖縄県沖縄市胡屋1-1387-1,,26.336126,127.80217,店内,(098）937-5602,,,,月火水木金土日,00:00,23:59,,,,
62,472115,,沖縄県,沖縄市,セブンイレブン沖縄　沖縄北インター,ｾﾌﾞﾝｲﾚﾌﾞﾝｵｷﾅﾜ　ｵｷﾅﾜｷﾀｲﾝﾀｰ,沖縄県沖縄市登川3-9-10,,26.374184,127.821327,店内,(098）939-9929,,,,月火水木金土日,00:00,23:59,,,,
63,472115,,沖縄県,沖縄市,セブンイレブン沖縄　沖縄宮里4丁目,ｾﾌﾞﾝｲﾚﾌﾞﾝｵｷﾅﾜ　ｵｷﾅﾜﾐﾔｻﾞﾄﾖﾝﾁｮｳﾒ,沖縄県沖縄市宮里4-3-10,,26.341581,127.823883,店内,(098）938-7110,,,,月火水木金土日,00:00,23:59,,,,
64,472115,,沖縄県,沖縄市,セブンイレブン沖縄　沖縄登川2丁目,ｾﾌﾞﾝｲﾚﾌﾞﾝｵｷﾅﾜ　ｵｷﾅﾜﾉﾎﾞﾘｶﾜﾆﾁｮｳﾒ,沖縄県沖縄市登川2-9-6,,26.364805,127.823593,店内,(098）921-0711,,,,月火水木金土日,00:00,23:59,,,,
65,472115,,沖縄県,沖縄市,セブンイレブン沖縄　沖縄高原２丁目,ｾﾌﾞﾝｲﾚﾌﾞﾝｵｷﾅﾜ　ｵｷﾅﾜﾀｶﾊﾗﾆﾁｮｳﾒ,沖縄県沖縄市高原2-4-8,,26.326881,127.814972,店内,(098）933-1711,,,,月火水木金土日,00:00,23:59,,,,
66,472115,,沖縄県,沖縄市,セブンイレブン沖縄　沖縄諸見里１丁目,ｾﾌﾞﾝｲﾚﾌﾞﾝｵｷﾅﾜ　ｵｷﾅﾜﾓﾛﾐｻﾞﾄｲｯﾁｮｳﾒ,沖縄県沖縄市諸見里1-1201-1,,26.330706,127.792564,店内,(098）933-8230,,,,月火水木金土日,00:00,23:59,,,,
67,472115,,沖縄県,沖縄市,セブンイレブン沖縄　沖縄胡屋7丁目,ｾﾌﾞﾝｲﾚﾌﾞﾝｵｷﾅﾜ　ｵｷﾅﾜｺﾞﾔﾅﾅﾁｮｳﾒ,沖縄県沖縄市胡屋7-5-12,,26.323231,127.809547,店内,(098）983-8182,,,,月火水木金土日,00:00,23:59,,,,
68,472115,,沖縄県,沖縄市,セブンイレブン沖縄　沖縄泡瀬,ｾﾌﾞﾝｲﾚﾌﾞﾝｵｷﾅﾜ　ｵｷﾅﾜｱﾜｾ,沖縄県沖縄市高原6-1-3,,26.32225,127.829376,店内,(098）934-3077,,,,月火水木金土日,00:00,23:59,,,,
1,473138,,沖縄県,宜野座村,宜野座村役場,ギノザソンヤクバ,沖縄県宜野座村宜野座296,,26.498165,127.971642,２階ロビー,,,,,,,,,,,
2,473138,,沖縄県,宜野座村,宜野座村立中央公民館,ギノザソンリツチュウオウコウミンカン,沖縄県宜野座村宜野座246,,26.498165,127.971642,１階ロビー,,,,,,,,,,,
3,473138,,沖縄県,宜野座村,宜野座村文化センター図書館棟,ギノザソンブンカセンタートショカントウ,沖縄県宜野座村宜野座314-1,,26.498165,127.971642,３階図書館入り口付近,,,,,,,,,,,
4,473138,,沖縄県,宜野座村,宜野座村総合体育館,ギノザソンソウゴウタイイクカン,沖縄県宜野座村惣慶1880,,26.490911,127.960503,１階玄関付近,,,,,,,,,,,
5,473138,,沖縄県,宜野座村,宜野座ドーム,ギノザドーム,沖縄県宜野座村宜野座181,,26.498165,127.971642,１階玄関付近,,,,,,,,,,,
6,473138,,沖縄県,宜野座村,宜野座村立保育所,ギノザソンリツホイクエン,沖縄県宜野座村惣慶126-1,,26.490911,127.960503,１階玄関付近,,,,,,,,,,,
7,473138,,沖縄県,宜野座村,宜野座村社会福祉協議会,ギノザソンシャカイフクシキョウギカイ,沖縄県宜野座村惣慶1898-1,,26.490911,127.960503,１階玄関付近,,,,,,,,,,,
8,473138,,沖縄県,宜野座村,タピックタラソセンター宜野座,タピックタラソセンターギノザ,沖縄県宜野座村漢那1817,,26.488623,127.944199,１階玄関付近,,,,,,,,,,,
9,473138,,沖縄県,宜野座村,宜野座村総合グラウンド管理棟,ギノザソンソウゴウグラウンドカンリトウ,沖縄県宜野座村宜野座250,,26.498165,127.971642,１階玄関付近,,,,,,,,,,,
10,473138,,沖縄県,宜野座村,宜野座村立松田小学校,ギノザソンリツマツダショウガッコウ,沖縄県宜野座村松田601,,26.504902,127.984398,１階玄関付近,,,,,,,,,,,
11,473138,,沖縄県,宜野座村,宜野座村立松田幼稚園,ギノザソンリツマツダヨウチエン,沖縄県宜野座村松田601,,26.504902,127.984398,１階玄関付近,,,,,,,,,,,
12,473138,,沖縄県,宜野座村,宜野座村立宜野座小学校,ギノザソンリツギノザショウガッコウ,沖縄県宜野座村宜野座1190,,26.498165,127.971642,１階玄関付近,,,,,,,,,,,
13,473138,,沖縄県,宜野座村,宜野座村立宜野座幼稚園,ギノザソンリツギノザヨウチエン,沖縄県宜野座村宜野座1190,,26.498165,127.971642,１階玄関付近,,,,,,,,,,,
14,473138,,沖縄県,宜野座村,宜野座村立漢那小学校,ギノザソンリツカンナショウガッコウ,沖縄県宜野座村漢那1987-5,,26.488623,127.944199,１階玄関付近,,,,,,,,,,,
15,473138,,沖縄県,宜野座村,宜野座村立漢那幼稚園,ギノザソンリツカンナヨウチエン,沖縄県宜野座村漢那1987-5,,26.488623,127.944199,１階玄関付近,,,,,,,,,,,
16,473138,,沖縄県,宜野座村,宜野座村立宜野座中学校,ギノザソンリツギノザチュウガッコウ,沖縄県宜野座村惣慶1505,,26.490911,127.960503,１階玄関付近,,,,,,,,,,,
17,473138,,沖縄県,宜野座村,沖縄県立宜野座高等学校,オキナワケンリツギノザコウトウガッコウ,沖縄県宜野座村宜野座1,,26.498165,127.971642,１階玄関付近,,,,,,,,,,,
18,473138,,沖縄県,宜野座村,ＪＡおきなわ宜野座支店,ジェイエイオキナワギノザシテン,沖縄県宜野座村宜野座133,,26.498165,127.971642,１階玄関付近,,,,,,,,,,,
19,473138,,沖縄県,宜野座村,松田区公民館,マツダクコウミンカン,沖縄県宜野座村松田1,,26.504902,127.984398,１階玄関付近,,,,,,,,,,,
20,473138,,沖縄県,宜野座村,宜野座区公民館,ギノザクコウミンカン,沖縄県宜野座村宜野座427,,26.498165,127.971642,１階玄関付近,,,,,,,,,,,
21,473138,,沖縄県,宜野座村,惣慶区公民館,ソケイクコウミンカン,沖縄県宜野座村惣慶1585,,26.490911,127.960503,１階玄関付近,,,,,,,,,,,
22,473138,,沖縄県,宜野座村,漢那区公民館,カンナクコウミンカン,沖縄県宜野座村漢那1840,,26.488623,127.944199,１階玄関付近,,,,,,,,,,,
23,473138,,沖縄県,宜野座村,道の駅ぎのざ,ミチノエキギノザ,沖縄県宜野座村漢那1646-4,,26.488623,127.944199,１階案内所内,,,,,,,,,,,
24,473138,,沖縄県,宜野座村,道の駅ぎのざ,ミチノエキギノザ,沖縄県宜野座村漢那1646-4,,26.488623,127.944199,２階店舗内,,,,,,,,,,,
25,473138,,沖縄県,宜野座村,未来ぎのざ,ミライギノザ,沖縄県宜野座村漢那1633,,26.488623,127.944199,１階レジ付近,,,,,,,,,,,
26,473138,,沖縄県,宜野座村,松田保育園,マツダホイクエン,沖縄県宜野座村松田611-5,,26.504902,127.984398,１階玄関付近,,,,,,,,,,,
27,473138,,沖縄県,宜野座村,かんな保育園,カンナホイクエン,沖縄県宜野座村漢那213,,26.488623,127.944199,１階玄関付近,,,,,,,,,,,
28,473138,,沖縄県,宜野座村,宜野座村漁業協同組合,ギノザソンギョギョウキョウドウクミアイ,沖縄県宜野座村漢那1703-4,,26.488623,127.944199,１階事務所内,,,,,,,,,,,
29,473138,,沖縄県,宜野座村,宜野座漁港,ギノザギョコウ,沖縄県宜野座村宜野座990-1,,26.498165,127.971642,1階事務所内,,,,,,,,,,,
1,472051,,沖縄県,宜野湾市,宜野湾市役所,ギノワンシヤクショ,沖縄県宜野湾市野嵩1-1-1,,26.281174,127.778488,1階案内所の隣,,,,,月～金,08:30,17:15,,,,
2,472051,,沖縄県,宜野湾市,宜野湾市消防署,ギノワンシショウボウショ,沖縄県宜野湾市野嵩677,,26.280935,127.776962,事務所内,,,,,月～日,,,,,,
3,472051,,沖縄県,宜野湾市,普天間小学校,フテンマショウガッコウ,沖縄県宜野湾市普天間1-10-1,,26.2903,127.778618,体育館入口、職員玄関、５年１組,,,,,月～金,08:00,18:00,,,,
4,472051,,沖縄県,宜野湾市,新城児童センター,アラグスクジドウセンター,沖縄県宜野湾市新城2-4-11,,26.285898,127.771492,事務室,,,,,月～土,10:00,18:00,,,,
5,472051,,沖縄県,宜野湾市,普天間第二小学校,フテンマダイニショウガッコウ,沖縄県宜野湾市新城2-8-19,,26.284962,127.77018,体育館、事務室前,,,,,月～金,08:00,18:00,,,,
6,472051,,沖縄県,宜野湾市,普天間中学校,フテンマチュウガッコウ,沖縄県宜野湾市新城2-41-1,,26.285488,127.767601,職員室前、体育館,,,,,月～金,08:00,18:00,,,,
7,472051,,沖縄県,宜野湾市,うなばら保育園,ウナバラホイクエン,沖縄県宜野湾市大山3-30-1,,26.28717,127.751755,事務室,,,,,月～土（土14：00まで）,07:30,18:30,,,,
8,472051,,沖縄県,宜野湾市,大山児童センター,オオヤマジドウセンター,沖縄県宜野湾市大山4-14-3,,26.283632,127.748894,図書室と事務室の間,,,,,月～土,10:00,18:00,,,,
9,472051,,沖縄県,宜野湾市,宜野湾マリン支援センター,ギノワンマリンシエンセンター,沖縄県宜野湾市大山7-10-27,,26.284184,127.744133,1階自動販売機の横,,,,,月～日,09:00,17:00,,,,
10,472051,,沖縄県,宜野湾市,大山小学校,オオヤマショウガッコウ,沖縄県宜野湾市大山5-16-1,,26.278948,127.746193,体育館入口、職員室前,,,,,月～金,08:00,17:00,,,,
11,472051,,沖縄県,宜野湾市,宜野湾市立野球場,ギノワンシリツヤキュウジョウ,沖縄県宜野湾市真志喜4-2,,26.281324,127.735092,正面入り口付近事務所,,,,,月水木金土日,,17:00,,,,
12,472051,,沖縄県,宜野湾市,宜野湾市立体育館,ギノワンシリツタイイクカン,沖縄県宜野湾市真志喜4-2-1,,26.281324,127.735092,正面入り口付近窓口,,,,,月水木金土日,08:30,21:30,,,,
13,472051,,沖縄県,宜野湾市,宜野湾市立トロピカルビーチ,ギノワンシリツトロピカルビーチ,沖縄県宜野湾市真志喜4-2,,26.281324,127.735092,管理棟,,,,,月～日,,,,,,
14,472051,,沖縄県,宜野湾市,宜野湾市立グラウンド,ギノワンシリツグラウンド,沖縄県宜野湾市真志喜3-25-1,,26.277119,127.734093,事務所,,,,,月水木金土日,09:00,17:00,,,,
29,472051,,沖縄県,宜野湾市,長田小学校,ナガタショウガッコウ,沖縄県宜野湾市長田3-19-1,,26.260063,127.767082,①事務所前②体育館入口,,,,,月～金,08:00,18:00,,,,
15,472051,,沖縄県,宜野湾市,宜野湾市消防署真志喜出張所,ギノワンシショウボウショマシキシュッチョウジョ,沖縄県宜野湾市真志喜3-25-3,,26.277119,127.734093,事務所内,,,,,月～日,,,,,,
16,472051,,沖縄県,宜野湾市,真志喜中学校,マシキチュウガッコウ,沖縄県宜野湾市真志喜3-19-1,,26.275082,127.73365,体育館入口、職員室,,,,,月～金,08:00,18:00,,,,
17,472051,,沖縄県,宜野湾市,宜野湾ベイサイド情報センター,ギノワンベイサイドジョウホウセンター,沖縄県宜野湾市宇地泊558-18,,26.273804,127.727959,１階管理事務室,,,,,月～日（第二日曜・年末年始以外）,09:00,21:00,,,,
18,472051,,沖縄県,宜野湾市,宜野湾市立博物館,ギノワンシリツハクブツカン,沖縄県宜野湾市真志喜1-25-1,,26.269882,127.74041,1階事務所入ってすぐ左側,,,,,月水木金土日,09:00,17:00,,,,
19,472051,,沖縄県,宜野湾市,大謝名小学校,オオジャナショウガッコウ,沖縄県宜野湾市大謝名5-12-1,,26.266403,127.732506,保健室前、体育館,,,,,月～金,08:00,18:00,,,,
20,472051,,沖縄県,宜野湾市,大謝名児童センター,オオジャナジドウセンター,沖縄県宜野湾市大謝名5-25-2,,26.264833,127.731956,事務所,,,,,月～土,10:00,18:00,,,,
21,472051,,沖縄県,宜野湾市,嘉数中学校,カカズチュウガッコウ,沖縄県宜野湾市我如古423,,26.260557,127.746101,体育館入口、職員室前,,,,,月～金,08:00,18:00,,,,
22,472051,,沖縄県,宜野湾市,嘉数小学校,カカズショウガッコウ,沖縄県宜野湾市真栄原1-13-1,,26.257557,127.744675,玄関前,,,,,月～金,08:00,18:00,,,,
23,472051,,沖縄県,宜野湾市,宜野湾市消防署我如古出張所,ギノワンシショウボウショガネコシュッチョウジョ,沖縄県宜野湾市我如古3-2-1,,26.255102,127.753784,事務所内,,,,,月～日,,,,,,
24,472051,,沖縄県,宜野湾市,宜野湾市民図書館,ギノワンシミントショカン,沖縄県宜野湾市我如古3-4-10,,26.254318,127.754707,児童カウンター内,,,,,月水木金土日（月17：00まで）,10:00,19:00,,,,
25,472051,,沖縄県,宜野湾市,我如古児童センター,ガネコジドウセンター,沖縄県宜野湾市我如古2-5-1,,26.25499,127.757584,事務室入口,,,,,月～土,10:00,17:30,,,,
26,472051,,沖縄県,宜野湾市,志真志小学校,シマシショウガッコウ,沖縄県宜野湾市宜野湾3-5-1,,26.25968,127.756111,職員室前、体育館,,,,,月～金,08:00,18:00,,,,
27,472051,,沖縄県,宜野湾市,宜野湾保育所,ギノワンホイクショ,沖縄県宜野湾市宜野湾3-13-10,,26.261494,127.754562,事務所入って正面,,,,,月～土（土14：00まで）,07:30,18:30,,,,
28,472051,,沖縄県,宜野湾市,人材育成交流センター（めぶき）,ジンザイイクセイコウリュウセンター（メブキ）,沖縄県宜野湾市志真志1-15-22,,26.257734,127.764053,2階給湯室付近,,,,,月～土,09:00,21:00,,,,
30,472051,,沖縄県,宜野湾市,宜野湾小学校,ギノワンショウガッコウ,沖縄県宜野湾市神山1-1-1,,26.268808,127.766907,①職員室入口②体育館入口,,,,,月～金,08:00,18:00,,,,
31,472051,,沖縄県,宜野湾市,福寿園,フクジュエン,沖縄県宜野湾市赤道2-7-2,,26.270609,127.772064,２階医務室,,,,,月～日,08:30,17:30,,,,
32,472051,,沖縄県,宜野湾市,赤道児童センター,アカミチジドウセンター,沖縄県宜野湾市赤道1-5-16,,26.272249,127.770691,事務所前,,,,,月～土,10:00,18:00,,,,
33,472051,,沖縄県,宜野湾市,赤道老人福祉センター,アカミチロウジンフクシセンター,沖縄県宜野湾市赤道1-5-17,,26.272249,127.770691,1階ロビー,,,,,月～金（土日17：00まで）,09:00,21:00,,,,
34,472051,,沖縄県,宜野湾市,宜野湾中学校,ギノワンチュウガッコウ,沖縄県宜野湾市赤道1-15-1,,26.274481,127.772057,①職員室②体育館の教官室,,,,,月～金,08:00,18:00,,,,
35,472051,,沖縄県,宜野湾市,宜野湾市民会館,ギノワンシミンカイカン,沖縄県宜野湾市野嵩1-1-2,,26.281174,127.778488,正面玄関右側正面,,,,,月水木金土日,08:30,17:15,,,,
36,472051,,沖縄県,宜野湾市,はごろも小学校,ハゴロモショウガッコウ,沖縄県宜野湾市大山6-23-1,,26.278095,127.739937,①自動玄関②体育館の正面入り口,,,,,月～金,08:00,18:00,,,,
37,472051,,沖縄県,宜野湾市,保健相談センター,ホケンソウダンセンター,沖縄県宜野湾市真栄原1-13-15,,26.257557,127.744675,１階出入口,,,,,月～金,08:30,17:15,,,,
38,472051,,沖縄県,宜野湾市,長田児童館,ナガタジドウカン,沖縄県宜野湾市長田3-28-1,（2階）,26.260975,127.765106,事務所窓口,,,,,月～土,10:00,18:00,,,,
39,472051,,沖縄県,宜野湾市,宜野湾市社会福祉センター,ギノワンシシャカイフクシセンター,沖縄県宜野湾市赤道2-7-1,,26.270609,127.772064,1階通路,,,,,月～金,08:30,17:00,,,,
40,472051,,沖縄県,宜野湾市,宜野湾市伊利原老人福祉センター,ギノワンシイリバルロウジンフクシセンター,沖縄県宜野湾市伊佐4-3-17,,26.28838,127.752266,２階事務所廊下,,,,,月～金（土日17：00まで）,09:00,21:00,,,,
41,472051,,沖縄県,宜野湾市,宜野湾市上下水道局,ギノワンシジョウゲスイドウキョク,沖縄県宜野湾市野嵩730,,26.287209,127.783791,1階正面入口,,,,,月～金,08:30,17:15,,,,
1,473022,11,沖縄県,大宜味村,大宜味村役場,オオギミソンヤクバ,沖縄県国頭郡大宜味村字大兼久157番地,,26.701571,128.120627,住民福祉課前,(0980)44-3001,,5000020000000,大宜味村,月火水木金土日,0:00,0:00,18：00～08：00は夜間警備対応,有,http://www.vill.ogimi.okinawa.jp/,
2,473022,12,沖縄県,大宜味村,大宜味村診療所,オオギミソンシンリョウショ,沖縄県国頭郡大宜味村字塩屋1306番地62,,26.678449,128.101015,診察室棚,(0980)50-5450,,,大宜味村,月火水木金土,8:30,17:30,木土は8:30-12:30,有,http://www.vill.ogimi.okinawa.jp/,
3,473022,13,沖縄県,大宜味村,大宜味村社会福祉協議会,オオギミソンシャカイフクシキョウギカイ,沖縄県国頭郡大宜味村字喜如嘉320番地,,26.70793,128.143501,事務所棚,(0980)44-3800,,,大宜味村社会福祉協議会,月火水木金,8:30,17:00,年末年始、旧盆は休み,有,https://www.oogimishakyo.com/,
4,473022,14,沖縄県,大宜味村,大宜味小学校中学校,オオギミショウガッコウチュウガッコウ,沖縄県国頭郡大宜味村字塩屋1306番地6,,26.682516,128.102474,職員室及び体育館玄関,(0980)44-1306,,,大宜味村,月火水木金,8:00,17:00,年末年始、旧盆は休み,有,http://ogimi-school.ed.jp/jr/,
5,473022,15,沖縄県,大宜味村,道の駅大宜味　やんばるの森ビジターセンター,ミチノエキオオギミ　ヤンバルノモリビジターセンター,沖縄県国頭郡大宜味村字津波95番地,,26.660781,128.102217,レジ横,(0980)44-2233,,,（株）ファーマーズフォレスト,月火水木金土日,9:30,18:30,,有,https://www.yambaru-vc.com/,
6,473022,16,沖縄県,大宜味村,平南川ター滝駐車場,ヘナンカワタータキチュウシャジョウ,沖縄県国頭郡大宜味村字津波1570番地1,,26.632916,128.09608,管理所内,(0980)50-5707,,3360010000000,一般社団法人大宜味村観光協会,月火水木金土日,8:00,17:30,,有,http://ta-taki-falls.com/about/,
1,473286,1001,沖縄県,中城村,中城村役場,ナカグスクソンヤクバ,沖縄県中頭郡中城村字当間585-1,,26.262002,127.789648,2階総務課,098-895-2131,,,中城村,月火水木金,8:30,17:15,土日・祝日は8：30～17：00利用可。,有,https://www.vill.nakagusuku.okinawa.jp/,
2,473286,2001,沖縄県,中城村,中城村立中城小学校,ナカグスクソンリツナカグスクショウガッコウ,沖縄県中頭郡中城村字屋宜239,,26.270719,127.795768,職員室,098-895-3272,,,中城村,月火水木金,,,中城小学校の開始時間、終了時間に従う。,有,http://academic4.plala.or.jp/nakag-s1/,
3,473286,2002,沖縄県,中城村,中城村立中城小学校,ナカグスクソンリツナカグスクショウガッコウ,沖縄県中頭郡中城村字屋宜239,,26.270358,127.794916,体育館,098-895-3272,,,中城村,月火水木金,,,中城小学校の開始時間、終了時間に従う。,有,http://academic4.plala.or.jp/nakag-s1/,
4,473286,3001,沖縄県,中城村,中城村立中城幼稚園,ナカグスクソンリツナカグスクヨウチエン,沖縄県中頭郡中城村字屋宜240-1,,26.270813,127.796432,事務所,098-895-2496,,,中城村,月火水木金,,,中城幼稚園の開始時間、終了時間に従う。,有,http://academic4.plala.or.jp/nakag-s1/,
5,473286,4001,沖縄県,中城村,中城村立津覇小学校,ナカグスクソンリツツハショウガッコウ,沖縄県中頭郡中城村字津覇1174,,26.248642,127.781311,職員室,098-895-2062,,,中城村,月火水木金,,,津覇小学校の開始時間、終了時間に従う。,有,http://academic4.plala.or.jp/tsuha-s1/,
6,473286,4002,沖縄県,中城村,中城村立津覇小学校,ナカグスクソンリツツハショウガッコウ,沖縄県中頭郡中城村字津覇1174,,26.248392,127.780748,体育館,098-895-2062,,,中城村,月火水木金,,,津覇小学校の開始時間、終了時間に従う。,有,http://academic4.plala.or.jp/tsuha-s1/,
7,473286,5001,沖縄県,中城村,中城村立津覇幼稚園,ナカグスクソンリツツハヨウチエン,沖縄県中頭郡中城村字津覇1182,,26.248715,127.780426,事務所,098-895-2473,,,中城村,月火水木金,,,津覇幼稚園の開始時間、終了時間に従う。,有,,
8,473286,6001,沖縄県,中城村,中城村立中城南小学校,ナカグスクソンリツナカグスクミナミショウガッコウ,沖縄県中頭郡中城村字南上原800,,26.247849,127.773436,1階ロビー,098-895-5505,,,中城村,月火水木金,,,中城南小学校の開始時間、終了時間に従う。,有,http://academic4.plala.or.jp/n-minami/,
9,473286,6002,沖縄県,中城村,中城村立中城南小学校,ナカグスクソンリツナカグスクミナミショウガッコウ,沖縄県中頭郡中城村字南上原800,,26.248248,127.773565,体育館,098-895-5505,,,中城村,月火水木金,,,中城南小学校の開始時間、終了時間に従う。,有,http://academic4.plala.or.jp/n-minami/,
10,473286,7001,沖縄県,中城村,中城村立中城中学校,ナカグスクソンリツナカグスクチュウガッコウ,沖縄県中頭郡中城村字屋宜741-1,,26.268752,127.791504,職員室,098-895-3271,,,中城村,月火水木金,,,中城中学校の開始時間、終了時間に従う。,有,http://academic4.plala.or.jp/nakachu/,
11,473286,7002,沖縄県,中城村,中城村立中城中学校,ナカグスクソンリツナカグスクチュウガッコウ,沖縄県中頭郡中城村字屋宜741-1,,26.268752,127.791504,体育館,098-895-3271,,,中城村,月火水木金,,,中城中学校の開始時間、終了時間に従う。,無,http://academic4.plala.or.jp/nakachu/,
12,473286,8001,沖縄県,中城村,中城村立吉の浦保育所,ナカグスクソンリツヨシノウラホイクショ,沖縄県中頭郡中城村字当間847-1,,26.260872,127.793129,事務室,098-988-0002,,,中城村,月火水木金,,,吉の浦保育所の開始時間、終了時間に従う。,有,,
13,473286,9001,沖縄県,中城村,なかよし児童館,ナカヨシジドウカン,沖縄県中頭郡中城村字当間847-1,,26.260987,127.792909,玄関ロビー,098-988-0156,,,社会福祉法人中城村社会福祉協議会,月火水木金土,10:00,18:00,,有,,
14,473286,10001,沖縄県,中城村,吉の浦会館,ヨシノウラカイカン,沖縄県中頭郡中城村字安里187-1,,26.258972,127.791852,ロビー（正面入り口）,098-895-6994,,,中城村,日月水木金土,8:30,22:00,休館日：毎週火曜日,無,https://www.vill.nakagusuku.okinawa.jp/,
15,473286,11001,沖縄県,中城村,村民体育館,ソンミンタイイクカン,沖縄県中頭郡中城村字安里190,,26.258856,127.792384,1階フロア,098-895-3707,,,中城村,日月水木金土,8:30,22:00,休館日：毎週火曜日,無,https://www.vill.nakagusuku.okinawa.jp/,
16,473286,12001,沖縄県,中城村,中城村護佐丸歴史資料図書館,ナカグスクソンゴサマルレキシシリョウトショカン,沖縄県中頭郡中城村字安里215,,26.2594,127.790678,1階入り口付近,098-895-5302,,,中城村,日月水木金土,10:00,,"月水木金（10:00～19:00）
土日・祝日（10:00～17:00）
休館日：毎週火曜日、毎月第3木曜日）",有,https://www.vill.nakagusuku.okinawa.jp/,
17,473286,13001,沖縄県,中城村,南上原糸蒲公園,ミナミウエバルイトカマコウエン,沖縄県中頭郡中城村字南上原839-4,,26.247233,127.773302,管理事務所,098-895-1736,,,中城村,土日・祝日,9:00,17:00,,無,https://www.vill.nakagusuku.okinawa.jp/,
18,473286,14001,沖縄県,中城村,中城村老人福祉センター,ナカグスクソンロウジンフクシセンター,沖縄県中頭郡中城村字添石236,,26.274486,127.798274,入り口付近,098-895-4081,,,社会福祉法人中城村社会福祉協議会,月火水木金,8:30,17:15,,無,http://www.nakagusukushakyo.com/,
19,473286,15001,沖縄県,中城村,ローソン　登又店,ローソンノボリマタテン,沖縄県中頭郡中城村字登又314,,26.282465,127.785061,トイレ前室,098-895-7735,,,,日月火水木金土,,,24時間営業,有,,
20,473286,16001,沖縄県,中城村,ローソン　南上原店,ローソンミナミウエバルテン,沖縄県中頭郡中城村字南上原513,,26.254084,127.77422,トイレ前室,098-895-6441,,,,日月火水木金土,,,24時間営業,有,,
21,473286,17001,沖縄県,中城村,ローソン　久場店,ローソンクバテン,沖縄県中頭郡中城村字久場1953-1,,26.285548,127.815365,トイレ前室,098-895-2110,,,,日月火水木金土,,,24時間営業,有,,
22,473286,18001,沖縄県,中城村,ローソン　中城南小学校前店,ローソンナカグスクミナミショウガッコウマエテン,沖縄県中頭郡中城村字南上原770-1,,26.249927,127.77363,トイレ前室,098-870-3309,,,,日月火水木金土,,,24時間営業,有,,
23,473286,19001,沖縄県,中城村,ファミリーマート　中城登又店,ファミリーマートナカグスクノボリマタテン,沖縄県中頭郡中城村字新垣1637-1,,26.278694,127.784042,トイレ前室,098-895-7040,,,,日月火水木金土,,,24時間営業,有,,
24,473286,20001,沖縄県,中城村,ファミリーマート　中城吉の浦店,ファミリーマートナカグスクヨシノウラテン,沖縄県中頭郡中城村字当間562-1,,26.262022,127.78858,トイレ前室,098-895-5711,,,,日月火水木金土,,,24時間営業,有,,
25,473286,21001,沖縄県,中城村,ファミリーマート　琉大附属中学校前店,ファミリーマートリュウダイフゾクチュウガッコウマエテン,沖縄県中頭郡中城村字南上原1018,,26.244687,127.768415,トイレ前室,098-870-3311,,,,日月火水木金土,,,24時間営業,有,,
26,473286,22001,沖縄県,中城村,ファミリーマート　中城南上原店,ファミリーマートナカグスクミナミウエバルテン,沖縄県中頭郡中城村字南上原756-1,,26.250596,127.772938,イートインスペース,098-870-3400,,,,日月火水木金土,,,24時間営業,有,,
27,473286,23001,沖縄県,中城村,信栄石油　北上原給油所,シンエイセキユキタウエバルキュウユショ,沖縄県中頭郡中城村字北上原428,,26.265711,127.775362,事務所,098-895-5512,,,有限会社信栄石油,日月火水木金土,7:00,22:00,,有,,
1,473561,,沖縄県,渡名喜村,渡名喜村役場,トナキソンヤクバ,沖縄県渡名喜村1917ｰ3,,26.37211,127.141121,,(098)989-2002,,,,,,,,,,
2,473561,,沖縄県,渡名喜村,渡名喜村旅客ターミナル,トナキソンヤクバリョキャクターミナル,沖縄県渡名喜村西1917ｰ12,,26.371469,127.142792,,(098)989-2479,,,,,,,,,,
3,473561,,沖縄県,渡名喜村,多目的活動施設,タモクテキカツドウシセツ,沖縄県渡名喜村1860,,26.37211,127.141121,,(098)989-2068,,,,,,,,,,
4,473561,,沖縄県,渡名喜村,多目的拠点施設,タモクテキキョテンシセツ,沖縄県渡名喜村1860,,26.37211,127.141121,,(098)989-2068,,,,,,,,,,
5,473561,,沖縄県,渡名喜村,渡名喜幼・小中学校,トナキヨウ・ショウチュウガッコウ,沖縄県渡名喜村639,,26.37211,127.141121,,(098)989-2005,,,,,,,,,,
6,473561,,沖縄県,渡名喜村,渡名喜診療所,トナキシンリョウジョ,沖縄県渡名喜村1916-1,,26.37211,127.141121,,(098)989-2003,,,,,,,,,,
7,473561,,沖縄県,渡名喜村,渡名喜村歯科診療所,トナキソンシカシンリョウジョ,沖縄県渡名喜村1916ｰ1,,26.37211,127.141121,,(098)989-2011,,,,,,,,,,
8,473561,,沖縄県,渡名喜村,渡名喜村観光案内所,トナキソンカンコウアンナイジョ,沖縄県渡名喜村1917-3,,26.37211,127.141121,,(098)996-3758,,,,,,,,,,
9,473561,,沖縄県,渡名喜村,パークゴルフ場,パークゴルフジョウ,沖縄県渡名喜村脇原2270ｰ3,,26.368242,127.140343,,(098)989-2055,,,,,,,,,,
1,473243,1,沖縄県,中頭郡読谷村,読谷村役場,ヨミタンソンヤクバ,沖縄県中頭郡読谷村字座喜味2901,,26.396254,127.744149,１階受付,098-982-9200,,7000000000000,読谷村,月火水木金,8:30,17:15,12/29～1/3は終日不可,有,http://www.vill.yomitan.okinawa.jp/,
2,473243,2,沖縄県,中頭郡読谷村,読谷村役場,ヨミタンソンヤクバ,沖縄県中頭郡読谷村字座喜味2901,,26.396254,127.744149,,098-982-9200,,7000000000000,読谷村,月火水木金,8:30,17:15,12/29～1/3は終日不可,有,http://www.vill.yomitan.okinawa.jp/,
3,473243,3,沖縄県,中頭郡読谷村,読谷村役場,ヨミタンソンヤクバ,沖縄県中頭郡読谷村字座喜味2901,,26.396254,127.744149,,098-982-9200,,7000000000000,読谷村,月火水木金,8:30,17:15,12/29～1/3は終日不可,有,http://www.vill.yomitan.okinawa.jp/,
4,473243,4,沖縄県,中頭郡読谷村,ホテル日航アリビラ,ホテルニッコウアリビラ,沖縄県中頭郡読谷村字儀間600,,26.414532,127.716043,,098-982-9111,,9010000000000,株式会社アリビラホテルマネージメント,,,,,,https://www.alivila.co.jp/,
5,473243,5,沖縄県,中頭郡読谷村,ホテル日航アリビラ,ホテルニッコウアリビラ,沖縄県中頭郡読谷村字儀間600,,26.414532,127.716043,,098-982-9111,,9010000000000,株式会社アリビラホテルマネージメント,,,,,,https://www.alivila.co.jp/,
6,473243,6,沖縄県,中頭郡読谷村,ホテル日航アリビラ,ホテルニッコウアリビラ,沖縄県中頭郡読谷村字儀間600,,26.414532,127.716043,,098-982-9111,,9010000000000,株式会社アリビラホテルマネージメント,,,,,,https://www.alivila.co.jp/,
7,473243,7,沖縄県,中頭郡読谷村,沖縄クリスチャンスクール,オキナワクリスチャンスクール,沖縄県中頭郡読谷村字座喜味1835,,26.396686,127.729848,,098-958-3000,,1360000000000,学校法人沖縄クリスチャンスクール,月火水木金,8:00,16:00,,,http://ocsi.org/,
8,473243,8,沖縄県,中頭郡読谷村,Royal Hotel 沖縄残波岬,ロイヤルホテルオキナワザンパミサキ,沖縄県中頭郡読谷村字宇座1575,,26.435136,127.718035,,098-958-5000 ,,4120000000000,大和リゾート株式会社 ,,,,,,https://www.daiwaresort.jp/okinawa/index.html,
9,473243,9,沖縄県,中頭郡読谷村,古堅小学校,フルゲンショウガッコウ,沖縄県中頭郡読谷村字楚辺999-1,,26.381158,127.741961,,098-956-2158 ,,7000000000000,読谷村,,,,,,https://www.pref.okinawa.jp/edu/shien/gakko/sho/226.html,
10,473243,10,沖縄県,中頭郡読谷村,古堅南小学校,フルゲンミナミショウガッコウ,沖縄県中頭郡読谷村字古堅612-1,,26.371088,127.748,,098-956-1129,,7000000000000,読谷村,,,,,,https://www.pref.okinawa.jp/edu/shien/gakko/sho/227.html,
11,473243,11,沖縄県,中頭郡読谷村,残波ゴルフクラブ,ザンパゴルフクラブ,沖縄県中頭郡読谷村字宇座1133,,26.434679,127.721947,,098-958-1938,,1360000000000,株式会社残波ゴルフクラブ ,,,,,,https://www.zanpa-golfclub.jp/,
12,473243,12,沖縄県,中頭郡読谷村,残波ビーチ,ザンパビーチ,沖縄県中頭郡読谷村字宇座1933,,26.435672,127.715952,,098-982-9216,,7000000000000,読谷村,,,,,,http://www.yomitan-kankou.jp/detail.jsp?id=74757&menuid=11949&funcid=3,
13,473243,13,沖縄県,中頭郡読谷村,渡慶次小学校,トケシショウガッコウ,沖縄県中頭郡読谷村字瀬名波510,,26.418222,127.728662,,098-958-2503,,7000000000000,読谷村,,,,,,https://www.pref.okinawa.jp/edu/shien/gakko/sho/174.html,
14,473243,14,沖縄県,中頭郡読谷村,読谷小学校,ヨミタンショウガッコウ,沖縄県中頭郡読谷村字高志保1277-1,,26.406787,127.732552,,098-958-2403,,7000000000000,読谷村,,,,,,https://www.pref.okinawa.jp/edu/shien/gakko/sho/274.html,
15,473243,15,沖縄県,中頭郡読谷村,読谷診療所,ヨミタンシンリョウジョ,沖縄県中頭郡読谷村字都屋179,,26.39463,127.72522,,098-956-1151,,7000000000000,読谷村,,,,,,http://www.vill.yomitan.okinawa.jp/sections/clinic/post-386.html,
16,473243,16,沖縄県,中頭郡読谷村,古堅中学校,フルゲンチュウガッコウ,沖縄県中頭郡読谷村字伊良皆297,,26.380485,127.752383,,098-956-2221,,7000000000000,読谷村,,,,,,https://www.pref.okinawa.jp/edu/shien/gakko/chu/134.html,
17,473243,17,沖縄県,中頭郡読谷村,古堅中学校,フルゲンチュウガッコウ,沖縄県中頭郡読谷村字伊良皆297,,26.380485,127.752383,,098-956-2221,,7000000000000,読谷村,,,,,,https://www.pref.okinawa.jp/edu/shien/gakko/chu/134.html,
18,473243,18,沖縄県,中頭郡読谷村,読谷高校,ヨミタンコウコウ,沖縄県中頭郡読谷村字伊良皆198,,26.38299,127.752601,,098‐956-2157,,1000000000000,沖縄県,,,,,,http://www.yomitan-h.open.ed.jp/,
19,473243,19,沖縄県,中頭郡読谷村,読谷村文化センター,ヨミタンソンブンカセンター,沖縄県中頭郡読谷村字座喜味2901,,26.396172,127.74523,,098-982-9292,,7000000000000,読谷村,,,,,,http://www.vill.yomitan.okinawa.jp/facilities/post-29.html,
20,473243,20,沖縄県,中頭郡読谷村,ライフケアクリニック長浜,ライフケアクリニックナガハマ,沖縄県中頭郡読谷村字長浜1530-1,,26.417082,127.731159,,098-982-9000,,9360000000000,医療法人ライフケア読谷,,,,,,http://www.lcy-mc.com/,
21,473243,21,沖縄県,中頭郡読谷村,そけん小児科医院,ソケンショウニカイイン,沖縄県中頭郡読谷村字波平2459,,26.394719,127.724315,,098-958-1544,,4360000000000,医療法人そけん小児科 ,,,,,,,
22,473243,22,沖縄県,中頭郡読谷村,（株）共立創建,カブシキガイシャキョウリツソウケン,沖縄県中頭郡読谷村字伊良皆686-3,,26.393031,127.754696,,098-956-5945,,5360000000000,株式会社共立創建 ,,,,,,http://kyoritsu39.com/,
33,473243,33,沖縄県,中頭郡読谷村,宇座公民館,ウザコウミンカン,沖縄県中頭郡読谷村字長浜1840-2,,26.412598,127.732816,,098-958-2231,,7000000000000,読谷村,,,,,,,
23,473243,23,沖縄県,中頭郡読谷村,読谷の里,ヨミタンノサト,沖縄県中頭郡読谷村字座喜味1875-1,,26.39533,127.726492,,098‐956-2000,,7360000000000,社会福祉法人祥永会 ,,,,,,http://yomisato.or.jp/yomitan/,
24,473243,24,沖縄県,中頭郡読谷村,読谷の里,ヨミタンノサト,沖縄県中頭郡読谷村字座喜味1875-1,,26.39533,127.726492,,098‐956-2000,,7360000000000,社会福祉法人祥永会 ,,,,,,http://yomisato.or.jp/yomitan/,
25,473243,25,沖縄県,中頭郡読谷村,御菓子御殿　読谷本店,オカシゴテン　ヨミタンホンテン,沖縄県中頭郡読谷村字宇座657-1,,26.43265,127.718826,,098-958-7333,,8360000000000,株式会社御菓子御殿 ,,,,,,https://www.okashigoten.co.jp/yomitan-shop/,
26,473243,26,沖縄県,中頭郡読谷村,バロンＪ－ＰＡＲｋ読谷,バロンジェイパークヨミタン,沖縄県中頭郡読谷村字伊良皆654,,26.390884,127.754335,,098-957-6565,,,,,,,,,https://www.p-world.co.jp/okinawa/barong-j-park.htm,
27,473243,27,沖縄県,中頭郡読谷村,残波かりゆし会,ザンパカリユシカイ,沖縄県中頭郡読谷村字座喜味1863,,26.395932,127.727769,,098-957-1107,,6360000000000,社会福祉法人残波かりゆし会 ,,,,,,,
28,473243,28,沖縄県,中頭郡読谷村,沖縄ワタベウエディング　アクアグレイス・チャペル　,オキナワワタベウエディング　アクアグレイス・チャペル,沖縄県中頭郡読谷村字宇座675,,26.50816,127.858098,,098-921-6377 ,,2360000000000,沖縄ワタベウェディング株式会社,,,,,,https://www.watabe-wedding.co.jp/resort_wedding_domestic/okinawa/?utm_source=google&utm_medium=cpc&utm_campaign=rz_co_area&utm_content=&gclid=EAIaIQobChMIgfeUi9bF5AIVQXZgCh3YoQ2BEAAYASAAEgKp0fD_BwE,
29,473243,29,沖縄県,中頭郡読谷村,デイサービスセンターたんぽぽ,デイサービスセンタータンポポ,沖縄県中頭郡読谷村字古堅587,,26.326797,127.766219,,098-956-2783,,1360000000000,特定非営利活動法人うまんちゅ生活支援センターふくしの家,,,,,,http://yomitanpopo.jp/?utm_source=kd,
30,473243,30,沖縄県,中頭郡読谷村,読谷村健康増進センター,ヨミタンソンケンコウゾウシンセンター,沖縄県中頭郡読谷村字座喜味2901ｰ1,,26.395945,127.7459,,098-982-9100,,7000000000000,読谷村,,,,,,http://www.vill.yomitan.okinawa.jp/sections/healthpromotion/,
31,473243,31,沖縄県,中頭郡読谷村,読谷中学校,ヨミタンチュウガッコウ,沖縄県中頭郡読谷村字座喜味27791,,26.396183,127.741509,,098-958-2303,,7000000000000,読谷村,,,,,,https://www.pref.okinawa.jp/edu/shien/gakko/chu/153.html,
32,473243,32,沖縄県,中頭郡読谷村,読谷中学校,ヨミタンチュウガッコウ,沖縄県中頭郡読谷村字座喜味27791,,26.396183,127.741509,,098-958-2303,,7000000000000,読谷村,,,,,,https://www.pref.okinawa.jp/edu/shien/gakko/chu/153.html,
34,473243,34,沖縄県,中頭郡読谷村,残波いこいの広場,ザンパイコイノヒロバ,沖縄県中頭郡読谷村字宇座1861,,26.438719,127.715106,,098-958-0038,,7000000000000,読谷村,,,,,,http://www.vill.yomitan.okinawa.jp/facilities/post-23.html,
35,473243,35,沖縄県,中頭郡読谷村,瀬名波公民館,セナハコウミンカン,沖縄県中頭郡読谷村字瀬名波138,,26.420675,127.731341,,098-958-2594,,7000000000000,読谷村,,,,,,,
36,473243,36,沖縄県,中頭郡読谷村,長浜公民館,ナガハマコウミンカン,沖縄県中頭郡読谷村字長浜14,,26.421815,127.738424,,098-958-4246,,7000000000000,読谷村,,,,,,,
37,473243,37,沖縄県,中頭郡読谷村,比嘉酒造,ヒガシュゾウ,沖縄県中頭郡読谷村字長浜1061,,26.4191,127.733119,,098-958-2205,,4360000000000,有限会社比嘉酒造  ,,,,,,https://www.zanpa.co.jp/,
38,473243,38,沖縄県,中頭郡読谷村,よみたんクリニック,ヨミタンクリニック,沖縄県中頭郡読谷村字長浜1774,,26.4144526,127.732011,,098-958-5775,,6360000000000,医療法人沖縄徳洲会 ,,,,,,https://www.tokushukai.or.jp/introduction/facility/cl-yomitan,
39,473243,39,沖縄県,中頭郡読谷村,儀間公民館,ギマコウミンカン,沖縄県中頭郡読谷村字長浜1409,,26.416095,127.729155,,098-958-3002,,7000000000000,読谷村,,,,,,,
40,473243,40,沖縄県,中頭郡読谷村,読谷村陸上競技場,ヨミタンソンリクジョウキョウギジョウ,沖縄県中頭郡読谷村字座喜味2079ｰ1,,26.399302,127.745319,,098-982-9231,,7000000000000,読谷村,,,,,,http://www.vill.yomitan.okinawa.jp/facilities/post-6.html,
41,473243,41,沖縄県,中頭郡読谷村,就労サポートｅライン,シュウロウサポートイープラン,沖縄県中頭郡読谷村字座喜味1866,,26.395933,127.727556,,098‐957-3890,,6360000000000,社会福祉法人残波かりゆし会 ,,,,,,http://www.okiselp.jp/node/256,
42,473243,42,沖縄県,中頭郡読谷村,読谷村立歴史民俗資料館,ヨミタンソンリツレキシミンゾクシリョウカン,沖縄県中頭郡読谷村字座喜味708-6,,26.406949,127.742661,,098-958-3141,,7000000000000,読谷村,,,,,,http://www.vill.yomitan.okinawa.jp/facilities/post-13.html,
43,473243,43,沖縄県,中頭郡読谷村,読谷平和の森球場,ヨミタンヘイワノモリキュウジョウ,沖縄県中頭郡読谷村字座喜味2901,,26.397286,127.74581,,098-982-9231,,7000000000000,読谷村,,,,,,http://www.vill.yomitan.okinawa.jp/facilities/post-11.html,
44,473243,44,沖縄県,中頭郡読谷村,障害者支援施設　高志保園,ショウガイシャシエンシセツ　タカシホエン,沖縄県中頭郡読谷村字高志保1047-1,,26.406181,127.721284,,098-958-4483,,8360000000000,社会福祉法人海邦福祉会 ,,,,,,https://www.kaihofukushi.com/,
45,473243,45,沖縄県,中頭郡読谷村,よみたん社協ホームヘルプサービス,ヨミタンシャキョウホームヘルプサービス,沖縄県中頭郡読谷村字都屋167-2,,26.405361,127.747685,,098-957-1762,,3360000000000,社会福祉法人読谷村社会福祉協議会 ,,,,,,,
46,473243,46,沖縄県,中頭郡読谷村,クイーンズトラップ　ゴルフコース,クイーンズトラップ　ゴルフコース,沖縄県中頭郡読谷村字牧原254,,26.371439,127.760538,,098-921-5577,,1360000000000,株式会社クイーンズトラップ ,,,,,,,
47,473243,47,沖縄県,中頭郡読谷村,楚辺公民館,ソベコウミンカン,沖縄県中頭郡読谷村字楚辺44589,,26.385597,127.727007,,098-956-2326,,7000000000000,読谷村,,,,,,,
48,473243,48,沖縄県,中頭郡読谷村,大添公民館,オオソエコウミンカン,沖縄県中頭郡読谷村字楚辺1279-31,,26.387531,127.737622,,098-956-9093,,7000000000000,読谷村,,,,,,,
49,473243,49,沖縄県,中頭郡読谷村,都屋公民館,トヤコウミンカン,沖縄県中頭郡読谷村字都屋307,,26.391915,127.726403,,098-956-2241,,7000000000000,読谷村,,,,,,,
50,473243,50,沖縄県,中頭郡読谷村,波平公民館,ナミヒラコウミンカン,沖縄県中頭郡読谷村字波平61,,26.40579,127.733925,,098-958-2229,,7000000000000,読谷村,,,,,,,
51,473243,51,沖縄県,中頭郡読谷村,喜名公民館,キナコウミンカン,沖縄県中頭郡読谷村字喜名2207,,26.399025,127.756714,,098-958-2236,,7000000000000,読谷村,,,,,,,
52,473243,52,沖縄県,中頭郡読谷村,モリマーリゾートホテル,モリマーリゾートホテル,沖縄県中頭郡読谷村字都屋45ｰ1,,26.394351,127.722488,,098-921-5050,,8360000000000,株式会社モリマーリゾート ,,,,,,http://www.morimar.com/,
53,473243,53,沖縄県,中頭郡読谷村,よみたん生き活き健康デイサービスセンター,ヨミタンイキイキケンコウデイサービスセンター,沖縄県中頭郡読谷村字都屋167ｰ2,,26.393861,127.726026,,098-957-3366,,3360000000000,社会福祉法人読谷村社会福祉協議会 ,,,,,,,
54,473243,54,沖縄県,中頭郡読谷村,よみたん救護園,ヨミタンキュウゴエン,沖縄県中頭郡読谷村字都屋167,,26.393886,127.724398,,098‐956-4111,,8360000000000,社会福祉法人沖縄県社会福祉事業団,,,,,,https://www.okinawa-j.jp/yomitankyuugoen,
55,473243,55,沖縄県,中頭郡読谷村,都屋の里,トヤノサト,沖縄県中頭郡読谷村字都屋167-4,,26.394386,127.724845,,098‐956-1150,,8360000000000,社会福祉法人沖縄県社会福祉事業団,,,,,,https://www.okinawa-j.jp/toyanosato,
56,473243,56,沖縄県,中頭郡読谷村,よみたん　ふれあいの里,ヨミタン　フレアイノサト,沖縄県中頭郡読谷村字喜名西原2272ｰ4,,26.39533,127.726492,,098‐958-7770,,7360000000000,社会福祉法人祥永会 ,,,,,,http://yomisato.or.jp/fureai/,
57,473243,57,沖縄県,中頭郡読谷村,番所観光案内,バンショカンコウアンナイ,沖縄県中頭郡読谷村字喜名44563,,26.399342,127.75821,,098-958-2944,,7000000000000,読谷村,,,,,,http://www.vill.yomitan.okinawa.jp/facilities/post-36.html,
1,472018,,沖縄県,那覇市,ファミリーマート　ＲＥＸＡ　ＲＹＵＢＯ店,ファミリーマート　レグザ　リウボウテン,沖縄県那覇市松尾1-1-2,,26.213495,127.681,,,,,,,,,,,,
2,472018,,沖縄県,那覇市,ファミリーマート　うるくたから店,ファミリーマート　ウルクタカラテン,沖縄県那覇市高良3-7-9,,26.188974,127.659966,,,,,,,,,,,,
3,472018,,沖縄県,那覇市,ファミリーマート　オーケイ泊店,ファミリーマート　オーケイトマリテン,沖縄県那覇市泊2-2-11,,26.223886,127.686005,,,,,,,,,,,,
4,472018,,沖縄県,那覇市,ファミリーマート　おもろまち四丁目店,ファミリーマート　オモロマチヨンチョウメテン,沖縄県那覇市おもろまち4-12-13,,26.227613,127.699455,,,,,,,,,,,,
5,472018,,沖縄県,那覇市,ファミリーマート　おもろまち二丁目店,ファミリーマート　オモロマチニチョウメテン,沖縄県那覇市おもろまち2-6-2,,26.225384,127.691803,,,,,,,,,,,,
6,472018,,沖縄県,那覇市,ファミリーマート　コンフォート泊店,ファミリーマート　コンフォートトマリテン,沖縄県那覇市泊1-16-4,,26.222889,127.68853,,,,,,,,,,,,
7,472018,,沖縄県,那覇市,ファミリーマート　さいおんスクエア店,ファミリーマート　サイオンスクエアテン,沖縄県那覇市安里2-1-1,,26.21773,127.693825,,,,,,,,,,,,
8,472018,,沖縄県,那覇市,ファミリーマート　ソルヴィータ松山店,ファミリーマート　ソルヴィータマツヤマテン,沖縄県那覇市松山2-17-17,,26.21979,127.67926,,,,,,,,,,,,
9,472018,,沖縄県,那覇市,ファミリーマート　ハーバービュー前店,ファミリーマート　ハーバービューマエテン,沖縄県那覇市楚辺277,,26.207035,127.683174,,,,,,,,,,,,
10,472018,,沖縄県,那覇市,ファミリーマート　ひめゆり通り店,ファミリーマート　ヒメユリトオリテン,沖縄県那覇市壷屋2-7-5,,26.214104,127.69474,,,,,,,,,,,,
11,472018,,沖縄県,那覇市,ファミリーマート　リースビル店,ファミリーマート　リースビルテン,沖縄県那覇市久茂地1-7-1,,26.215054,127.677902,,,,,,,,,,,,
12,472018,,沖縄県,那覇市,ファミリーマート　安里一丁目店,ファミリーマート　アサトイッチョウメテン,沖縄県那覇市安里1-1-53,,26.218851,127.692551,,,,,,,,,,,,
13,472018,,沖縄県,那覇市,ファミリーマート　奥武山公園駅前店,ファミリーマート　オウノヤマコウエンエキマエテン,沖縄県那覇市鏡原町10-2,,26.201063,127.677818,,,,,,,,,,,,
14,472018,,沖縄県,那覇市,ファミリーマート　奥武山店,ファミリーマート　オウノヤマテン,沖縄県那覇市奥武山町46,,26.206841,127.675148,,,,,,,,,,,,
15,472018,,沖縄県,那覇市,ファミリーマート　寒川店,ファミリーマート　サムカワテン,沖縄県那覇市繁多川3-8-5,,26.214907,127.712479,,,,,,,,,,,,
16,472018,,沖縄県,那覇市,ファミリーマート　寄宮中学校前店,ファミリーマート　ヨリミヤチュウガッコウマエテン,沖縄県那覇市長田1-12-26,,26.204834,127.699867,,,,,,,,,,,,
17,472018,,沖縄県,那覇市,ファミリーマート　久米西武門店,ファミリーマート　クメニシンジョウテン,沖縄県那覇市久米2-33-9,,26.217754,127.673683,,,,,,,,,,,,
18,472018,,沖縄県,那覇市,ファミリーマート　鏡原中学校前店,ファミリーマート　カガミハラチュウガッコウマエテン,沖縄県那覇市小禄1-1-12,,26.195578,127.676781,,,,,,,,,,,,
19,472018,,沖縄県,那覇市,ファミリーマート　古島店,ファミリーマート　フルジマテン,沖縄県那覇市字古島377,,26.229366,127.704117,,,,,,,,,,,,
20,472018,,沖縄県,那覇市,ファミリーマート　古島二丁目店,ファミリーマート　フルジマニチョウメテン,沖縄県那覇市古島2-23-1,,26.228905,127.705864,,,,,,,,,,,,
21,472018,,沖縄県,那覇市,ファミリーマート　国際通り中央店,ファミリーマート　コクサイトオリチュウオウテン,沖縄県那覇市牧志1-2-24,,26.215746,127.685226,,,,,,,,,,,,
22,472018,,沖縄県,那覇市,ファミリーマート　三原大石通り店,ファミリーマート　ミハラオオイシトオリテン,沖縄県那覇市三原3-16-2,,26.210215,127.701485,,,,,,,,,,,,
23,472018,,沖縄県,那覇市,ファミリーマート　識名三丁目店,ファミリーマート　シキナサンチョウメテン,沖縄県那覇市識名3-12-18,,26.204067,127.707222,,,,,,,,,,,,
24,472018,,沖縄県,那覇市,ファミリーマート　若松店,ファミリーマート　ワカマツテン,沖縄県那覇市松山2-4-11,,26.220383,127.682228,,,,,,,,,,,,
25,472018,,沖縄県,那覇市,ファミリーマート　首里寒川１丁目店,ファミリーマート　シュリサムカワイッチョウメテン,沖縄県那覇市首里寒川町1-102-2,,26.21707,127.710205,,,,,,,,,,,,
26,472018,,沖縄県,那覇市,ファミリーマート　首里崎山店,ファミリーマート　シュリサキヤマテン,沖縄県那覇市首里崎山町4-205-6,,26.207764,127.721939,,,,,,,,,,,,
27,472018,,沖縄県,那覇市,ファミリーマート　首里城東店,ファミリーマート　シュリジョウトウテン,沖縄県那覇市首里石嶺町2-145,,26.224152,127.735062,,,,,,,,,,,,
28,472018,,沖縄県,那覇市,ファミリーマート　曙小学校前店,ファミリーマート　アケボノショウガッコウマエテン,沖縄県那覇市曙2-23-12,,26.240608,127.68187,,,,,,,,,,,,
29,472018,,沖縄県,那覇市,ファミリーマート　小禄バイパス店,ファミリーマート　オロクバイパステン,沖縄県那覇市具志3-11-1,,26.181309,127.655479,,,,,,,,,,,,
30,472018,,沖縄県,那覇市,ファミリーマート　小禄団地前店,ファミリーマート　オロクダンチマエテン,沖縄県那覇市田原4-12-1,,26.193764,127.6661,,,,,,,,,,,,
31,472018,,沖縄県,那覇市,ファミリーマート　小禄中学校前店,ファミリーマート　オロクチュウガッコウマエテン,沖縄県那覇市宇栄原1007-1,,26.188454,127.668762,,,,,,,,,,,,
32,472018,,沖縄県,那覇市,ファミリーマート　小禄田原店,ファミリーマート　オロクタハラテン,沖縄県那覇市田原2-1-1,,26.198811,127.670998,,,,,,,,,,,,
33,472018,,沖縄県,那覇市,ファミリーマート　松尾消防署通り店,ファミリーマート　マツオショウボウショトオリテン,沖縄県那覇市松尾1-13-10,,26.212763,127.685173,,,,,,,,,,,,
34,472018,,沖縄県,那覇市,ファミリーマート　照屋小禄南店,ファミリーマート　テルヤオロクミナミテン,沖縄県那覇市小禄2-2-2,,26.19183,127.675674,,,,,,,,,,,,
35,472018,,沖縄県,那覇市,ファミリーマート　上之屋一丁目店,ファミリーマート　ウエノヤイッチョウメテン,沖縄県那覇市上之屋1-18-37,,26.22998,127.688927,,,,,,,,,,,,
36,472018,,沖縄県,那覇市,ファミリーマート　城北小学校前店,ファミリーマート　ジョウホクショウガッコウマエテン,沖縄県那覇市首里平良町1-11,,26.228594,127.721436,,,,,,,,,,,,
37,472018,,沖縄県,那覇市,ファミリーマート　真和志小学校前店,ファミリーマート　マワシショウガッコウマエテン,沖縄県那覇市識名1-1-7,,26.206409,127.701141,,,,,,,,,,,,
38,472018,,沖縄県,那覇市,ファミリーマート　西消防署通り店,ファミリーマート　ニシショウボウショトオリテン,沖縄県那覇市東町27-9,,26.213808,127.673462,,,,,,,,,,,,
39,472018,,沖縄県,那覇市,ファミリーマート　仲井真小学校前店,ファミリーマート　ナカイマショウガッコウマエテン,沖縄県那覇市仲井真122-5,,26.197161,127.706482,,,,,,,,,,,,
40,472018,,沖縄県,那覇市,ファミリーマート　長田沖大前店,ファミリーマート　ナガタオキダイマエテン,沖縄県那覇市長田2-4-22,,26.199162,127.701591,,,,,,,,,,,,
41,472018,,沖縄県,那覇市,ファミリーマート　辻一丁目店,ファミリーマート　ツジイッチョウメテン,沖縄県那覇市辻1-2-22,,26.216297,127.671356,,,,,,,,,,,,
42,472018,,沖縄県,那覇市,ファミリーマート　天久一丁目店,ファミリーマート　アメクイッチョウメテン,沖縄県那覇市天久1-9-18,,26.230299,127.692978,,,,,,,,,,,,
43,472018,,沖縄県,那覇市,ファミリーマート　東町店,ファミリーマート　ヒガシマチテン,沖縄県那覇市東町7-14,,26.21352,127.674644,,,,,,,,,,,,
44,472018,,沖縄県,那覇市,ファミリーマート　那覇高校前店,ファミリーマート　ナハコウコウマエテン,沖縄県那覇市泉崎2-1-5,,26.21063,127.683388,,,,,,,,,,,,
45,472018,,沖縄県,那覇市,ファミリーマート　那覇国際高校前店,ファミリーマート　ナハコクサイコウコウマエテン,沖縄県那覇市安謝1-1-2,,26.232616,127.695328,,,,,,,,,,,,
46,472018,,沖縄県,那覇市,ファミリーマート　那覇国場店,ファミリーマート　ナハコクバテン,沖縄県那覇市国場1182-8,,26.197559,127.695435,,,,,,,,,,,,
47,472018,,沖縄県,那覇市,ファミリーマート　那覇市市役所前店,ファミリーマート　ナハシシヤクショマエテン,沖縄県那覇市久茂地1-3-1,,26.213398,127.67807,,,,,,,,,,,,
48,472018,,沖縄県,那覇市,ファミリーマート　那覇小禄一丁目店,ファミリーマート　ナハオロクイッチョウメテン,沖縄県那覇市小禄1-27-3,,26.192808,127.677788,,,,,,,,,,,,
49,472018,,沖縄県,那覇市,ファミリーマート　那覇松山一丁目店,ファミリーマート　ナハマツヤマイッチョウメテン,沖縄県那覇市松山1-5-1,,26.218313,127.680054,,,,,,,,,,,,
50,472018,,沖縄県,那覇市,ファミリーマート　那覇西高校前店,ファミリーマート　ナハニシコウコウマエテン,沖縄県那覇市金城2-2-9,,26.200516,127.667259,,,,,,,,,,,,
51,472018,,沖縄県,那覇市,ファミリーマート　泊北岸店,ファミリーマート　トマリホクガンテン,沖縄県那覇市泊3-15-2,,26.226898,127.683128,,,,,,,,,,,,
52,472018,,沖縄県,那覇市,ファミリーマート　繁多川四丁目店,ファミリーマート　ハンタガワヨンチョウメテン,沖縄県那覇市繁多川4-8-27,,26.209608,127.714653,,,,,,,,,,,,
53,472018,,沖縄県,那覇市,ファミリーマート　牧志二丁目店,ファミリーマート　マキシニチョウメテン,沖縄県那覇市牧志2-20-20,,26.219051,127.687805,,,,,,,,,,,,
54,472018,,沖縄県,那覇市,ファミリーマート　銘苅三丁目店,ファミリーマート　メカルサンチョウメテン,沖縄県那覇市銘苅3-22-19,,26.234003,127.70137,,,,,,,,,,,,
55,472018,,沖縄県,那覇市,ファミリーマート　壺川駅前店,ファミリーマート　ツボガワエキマエテン,沖縄県那覇市壺川3-3-5,,26.205647,127.679237,,,,,,,,,,,,
56,472018,,沖縄県,那覇市,ファミリーマート安謝恵比寿神社店,ファミリーマートアジャエビスジンジャテン,沖縄県那覇市安謝260,,26.23996,127.685272,,,,,,,,,,,,
57,472018,,沖縄県,那覇市,ファミリーマート久茂地美栄橋店,ファミリーマートクモジミエバシテン,沖縄県那覇市久茂地3-17-6,,26.215542,127.681458,,,,,,,,,,,,
58,472018,,沖縄県,那覇市,ファミリーマート玉城西町店,ファミリーマートタマグスクニシマチテン,沖縄県那覇市西2-3-1,,26.213213,127.670547,,,,,,,,,,,,
59,472018,,沖縄県,那覇市,ファミリーマート県総合福祉センター,ファミリーマートケンソウゴウフクシセンター,沖縄県那覇市首里石嶺4-376ｰ3,,26.232426,127.73336,,,,,,,,,,,,
60,472018,,沖縄県,那覇市,ファミリーマート国際通り牧志店,ファミリーマートコクサイトオリマキシテン,沖縄県那覇市牧志3-2-10,,26.216019,127.689125,,,,,,,,,,,,
61,472018,,沖縄県,那覇市,ファミリーマート小禄南小学校前店,ファミリーマートオロクミナミショウガッコウマエテン,沖縄県那覇市小禄4-16-1,,26.191072,127.672455,,,,,,,,,,,,
62,472018,,沖縄県,那覇市,ファミリーマート新都心メディアビル,ファミリーマートシントシンメディアビル,沖縄県那覇市おもろまち1-3-31,,26.224575,127.693054,,,,,,,,,,,,
63,472018,,沖縄県,那覇市,ファミリーマート真嘉比３丁目,ファミリーマートマカビサンチョウメ,沖縄県那覇市真嘉比3-15-21,,26.223604,127.705299,,,,,,,,,,,,
64,472018,,沖縄県,那覇市,ファミリーマート真嘉比中央店,ファミリーマートマカビチュウオウテン,沖縄県那覇市真嘉比194,,26.222672,127.700859,,,,,,,,,,,,
65,472018,,沖縄県,那覇市,ファミリーマート石嶺小学校前店,ファミリーマートイシミネショウガッコウマエテン,沖縄県那覇市首里石嶺4ｰ90,,26.232426,127.73336,,,,,,,,,,,,
66,472018,,沖縄県,那覇市,ファミリーマート前島二丁目店,ファミリーマートマエジマニチョウメテン,沖縄県那覇市前島2-12-12,,26.222017,127.683716,,,,,,,,,,,,
67,472018,,沖縄県,那覇市,ファミリーマート大同火災ビル久米店,ファミリーマートダイドウカサイビルクメテン,沖縄県那覇市久米2-2-20,,26.21479,127.676796,,,,,,,,,,,,
68,472018,,沖縄県,那覇市,ファミリーマート天久店,ファミリーマートアメクテン,沖縄県那覇市天久1068-9,,26.231302,127.685127,,,,,,,,,,,,
69,472018,,沖縄県,那覇市,ファミリーマート那覇バスターミナル店,ファミリーマートナハバスターミナルテン,沖縄県那覇市泉崎1-20-1,,26.211163,127.676865,,,,,,,,,,,,
70,472018,,沖縄県,那覇市,ファミリーマート那覇久茂地二丁目店,ファミリーマートナハクモジニチョウメテン,沖縄県那覇市久茂地2-8,,26.216946,127.680107,,,,,,,,,,,,
71,472018,,沖縄県,那覇市,ファミリーマート那覇神里原通り店,ファミリーマートナハカンザトバルトオリテン,沖縄県那覇市壷屋1-8-33,,26.213036,127.690781,,,,,,,,,,,,
72,472018,,沖縄県,那覇市,ファミリーマート那覇東バイパス店,ファミリーマートナハヒガシバイパステン,沖縄県那覇市字国場333ｰ1,,26.192606,127.70401,,,,,,,,,,,,
73,472018,,沖縄県,那覇市,ファミリーマート与儀２丁目店,ファミリーマートヨギニチョウメテン,沖縄県那覇市与儀2-15-8,,26.202053,127.692078,,,,,,,,,,,,
74,472018,,沖縄県,那覇市,ファミリーマート壺屋一丁目店,ファミリーマートツボヤイッチョウメテン,沖縄県那覇市壺屋1-26-13,,26.214031,127.69381,,,,,,,,,,,,
75,472018,,沖縄県,那覇市,ローソン　おもろまち駅前店,ローソン　オモロマチエキマエテン,沖縄県那覇市おもろまち4-19-20,,26.224804,127.698563,,,,,,,,,,,,
76,472018,,沖縄県,那覇市,ローソン　タイムスビル店,ローソン　タイムスビルテン,沖縄県那覇市久茂地2-2,,26.215776,127.678963,,,,,,,,,,,,
77,472018,,沖縄県,那覇市,ローソン　とまりん店,ローソン　トマリンテン,沖縄県那覇市前島3-25-1,,26.224577,127.681641,,,,,,,,,,,,
78,472018,,沖縄県,那覇市,ローソン　旭橋駅前店,ローソン　アサヒバシエキマエテン,沖縄県那覇市旭町1-9,,26.210358,127.675644,,,,,,,,,,,,
79,472018,,沖縄県,那覇市,ローソン　県立芸術大学前店,ローソン　ケンリツゲイジュツダイガクマエテン,沖縄県那覇市首里当蔵2-13,,26.220133,127.72065,,,,,,,,,,,,
80,472018,,沖縄県,那覇市,ローソン　国際通久茂地店,ローソン　コクサイドオリクモジテン,沖縄県那覇市久茂地3-5-4-1,,26.21489,127.683311,,,,,,,,,,,,
81,472018,,沖縄県,那覇市,ローソン　国際通松尾店,ローソン　コクサイドオリマツオテン,沖縄県那覇市松尾2-5-1,,26.214874,127.685638,,,,,,,,,,,,
82,472018,,沖縄県,那覇市,ローソン　国際通牧志店,ローソン　コクサイドオリマキシテン,沖縄県那覇市牧志3-2-10,てんぶす那覇1FA-1,26.216019,127.689125,,,,,,,,,,,,
83,472018,,沖縄県,那覇市,ローソン　首里久場川団地前店,ローソン　シュリクバガワダンチマエテン,沖縄県那覇市首里久場川町2-90-1,,26.221096,127.725685,,,,,,,,,,,,
84,472018,,沖縄県,那覇市,ローソン　首里石嶺二丁目店,ローソン　シュリイシミネニチョウメテン,沖縄県那覇市首里石嶺町2-120-1,,26.226576,127.731216,,,,,,,,,,,,
85,472018,,沖縄県,那覇市,ローソン　首里末吉一丁目店,ローソン　シュリスエヨシイッチョウメテン,沖縄県那覇市首里末吉町1-187-1,,26.226767,127.711929,,,,,,,,,,,,
86,472018,,沖縄県,那覇市,ローソン　新都心センタービル店,ローソン　シントシンセンタービルテン,沖縄県那覇市おもろままち1-1-12,,26.228821,127.694565,,,,,,,,,,,,
87,472018,,沖縄県,那覇市,ローソン　那覇ハーバービュー通店,ローソン　ナハハーバービュートオリテン,沖縄県那覇市泉崎1-3-1,,26.210842,127.679977,,,,,,,,,,,,
88,472018,,沖縄県,那覇市,ローソン　那覇旭町店,ローソン　ナハアサヒマチテン,沖縄県那覇市旭町116-37,,26.210085,127.677345,,,,,,,,,,,,
89,472018,,沖縄県,那覇市,ローソン　那覇開南バス停前店,ローソン　ナハカイナンバステイマエテン,沖縄県那覇市松尾2-17-20,,26.211193,127.686165,,,,,,,,,,,,
90,472018,,沖縄県,那覇市,ローソン　那覇久茂地三丁目店,ローソン　ナハクモジサンチョウメテン,沖縄県那覇市久茂地3-11-15,,26.214869,127.681015,,,,,,,,,,,,
91,472018,,沖縄県,那覇市,ローソン　那覇久茂地二丁目店,ローソン　ナハクモジニチョウメテン,沖縄県那覇市久茂地2-21-14,,26.219517,127.682861,,,,,,,,,,,,
92,472018,,沖縄県,那覇市,ローソン　那覇古波蔵三丁目店,ローソン　ナハコハグラサンチョウメテン,沖縄県那覇市古波蔵3-8-1,,26.200682,127.684753,,,,,,,,,,,,
93,472018,,沖縄県,那覇市,ローソン　那覇港町店,ローソン　ナハミナトマチテン,沖縄県那覇市港町2-1-2,,26.241943,127.68132,,,,,,,,,,,,
94,472018,,沖縄県,那覇市,ローソン　那覇高良店,ローソン　ナハタカラテン,沖縄県那覇市高良3-11-23,,26.189138,127.658302,,,,,,,,,,,,
95,472018,,沖縄県,那覇市,ローソン　那覇高良二丁目店,ローソン　ナハタカラニチョウメテン,沖縄県那覇市高良2-8-2,,26.184937,127.661087,,,,,,,,,,,,
96,472018,,沖縄県,那覇市,ローソン　那覇国場店,ローソン　ナハコクバテン,沖縄県那覇市国場1162-4,,26.201706,127.696655,,,,,,,,,,,,
97,472018,,沖縄県,那覇市,ローソン　那覇三原一丁目店,ローソン　ナハミハライッチョウメテン,沖縄県那覇市三原1-13-10,,26.21286,127.696404,,,,,,,,,,,,
98,472018,,沖縄県,那覇市,ローソン　那覇識名一丁目店,ローソン　ナハシキナイッチョウメテン,沖縄県那覇市識名1-9-2,,26.205244,127.703407,,,,,,,,,,,,
99,472018,,沖縄県,那覇市,ローソン　那覇若狭二丁目店,ローソン　ナハワカサニチョウメテン,沖縄県那覇市若狭2-3-13,,26.220486,127.676392,,,,,,,,,,,,
100,472018,,沖縄県,那覇市,ローソン　那覇曙一丁目店,ローソン　ナハアケボノイッチョウメテン,沖縄県那覇市曙1-13-14,,26.236088,127.681854,,,,,,,,,,,,
1,472158,1,沖縄県,南城市,離島体験宿泊交流館施設(久高),リトウタイケンシュクハクコウリュウカンシセツ（クダカ）,沖縄県南城市知念字久高253,,26.161999,127.893967,,(098)917-5387,,,観光商工課,,,,,,,
2,472158,2,沖縄県,南城市,久高船待合所,クダカフネマチアイジョ,沖縄県南城市知念久高231－4,,26.161999,127.893967,,(098)917-5387,,,観光商工課,,,,,,,
3,472158,3,沖縄県,南城市,安座真船待合所,アザマフネマチアイジョ,沖縄県南城市知念安座真,,26.1048,127.4941,,(098)917-5387,,,観光商工課,,,,,,,
4,472158,4,沖縄県,南城市,安座真観光交流・防災拠点施設,アザマカンコウコウリュウ・ボウサイキョテンシセツ,沖縄県南城市知念安座真151,,26.177662,127.821785,,(098)917-5387,,,観光商工課,,,,,,,
5,472158,5,沖縄県,南城市,知名観光交流・防災拠点施設,チナカンコウコウリュウ・ボウサイキョテンシセツ,沖縄県南城市知念知名87,,26.18421,127.81617,,(098)917-5387,,,観光商工課,,,,,,,
6,472158,6,沖縄県,南城市,南城市玉城総合体育館,ナンジョウシタマグスクソウゴウタイイクカン,沖縄県南城市玉城字富里200,,26.143528,127.769699,,(098)917-5369,,,生涯学習課,,,,,,,
7,472158,7,沖縄県,南城市,南城市さしきスポ・レクセンター,ナンジョウシサシキスポ・レクセンター,沖縄県南城市佐敷字仲伊保390-2,,26.180113,127.793076,,(098)917-5369,,,生涯学習課,,,,,,,
8,472158,8,沖縄県,南城市,南城市営新開球場,ナンジョウシエイシンカイキュウジョウ,沖縄県南城市佐敷字新開1-240	,,26.176064,127.774513,,(098)917-5369,,,生涯学習課,,,,,,,
9,472158,9,沖縄県,南城市,南城市陸上競技場,ナンジョウシリクジョウキョウギジョウ,沖縄県南城市玉城字富里222,,26.143528,127.769699,,(098)917-5369,,,生涯学習課,,,,,,,
10,472158,10,沖縄県,南城市,南城市知念屋外運動場,ナンジョウシチネンオクガイウンドウジョウ,沖縄県南城市知念字久手堅819-6,,26.172468,127.818047,,(098)917-5369,,,生涯学習課,,,,,,,
11,472158,11,沖縄県,南城市,大里城趾公園,オオザトシセキコウエン,沖縄県南城市大里字大里386-1,,26.187805,127.762909,,(098)917-5369,,,生涯学習課,,,,,,,
12,472158,12,沖縄県,南城市,知念体育館,チネンタイイクカン,沖縄県南城市知念久手堅532,,26.167902,127.827141,,(098)917-5369,,,生涯学習課,,,,,,,
13,472158,13,沖縄県,南城市,大里農村環境改善センター,オオザトノウソンカンキョウカイゼンセンター,沖縄県南城市大里字仲間928,,26.177008,127.744194,,(098)917-5369,,,生涯学習課,,,,,,,
14,472158,14,沖縄県,南城市,中央公民館,チュウオウコウミンカン,沖縄県南城市玉城字富里167,,26.145525,127.766846,,(098)917-5369,,,生涯学習課,,,,,,,
15,472158,15,沖縄県,南城市,知念図書館,チネントショカン,沖縄県南城市知念久手堅22,,26.169886,127.821266,,(098)917-5369,,,生涯学習課,,,,,,,
16,472158,16,沖縄県,南城市,船越小学校,フナコシショウガッコウ,沖縄県南城市玉城字船越960,,26.153727,127.75135,,(098)917-5364,,,教育指導課,,,,,,,
17,472158,17,沖縄県,南城市,玉城小学校,タマグスクショウガッコウ,沖縄県南城市玉城屋嘉部3,,26.145653,127.765167,,(098)917-5364,,,教育指導課,,,,,,,
18,472158,18,沖縄県,南城市,百名小学校,ヒャクナショウガッコウ,沖縄県南城市玉城百名22,,26.142303,127.790909,,(098)917-5364,,,教育指導課,,,,,,,
19,472158,19,沖縄県,南城市,知念小学校,チネンショウガッコウ,沖縄県南城市知念久手堅679,,26.172468,127.818047,,(098)917-5364,,,教育指導課,,,,,,,
20,472158,20,沖縄県,南城市,佐敷小学校,サシキショウガッコウ,沖縄県南城市佐敷佐敷1193,,26.167746,127.784401,,(098)917-5364,,,教育指導課,,,,,,,
21,472158,21,沖縄県,南城市,馬天小学校,バテンショウガッコウ,沖縄県南城市佐敷津波古1800,,26.180487,127.767883,,(098)917-5364,,,教育指導課,,,,,,,
22,472158,22,沖縄県,南城市,大里北小学校,オオザトキタショウガッコウ,沖縄県南城市大里嶺井1,,26.19421,127.75499,,(098)917-5364,,,教育指導課,,,,,,,
23,472158,23,沖縄県,南城市,大里南小学校,オオザトミナミショウガッコウ,沖縄県南城市大里仲間1375,,26.17317,127.749969,,(098)917-5364,,,教育指導課,,,,,,,
24,472158,24,沖縄県,南城市,玉城中学校,タマグスクチュウガッコウ,沖縄県南城市玉城字富里153,,26.145525,127.766846,,(098)917-5364,,,教育指導課,,,,,,,
25,472158,25,沖縄県,南城市,知念中学校,チネンチュウガッコウ,沖縄県南城市知念久手堅700,,26.172468,127.818047,,(098)917-5364,,,教育指導課,,,,,,,
26,472158,26,沖縄県,南城市,佐敷中学校,サキシチュウガッコウ,沖縄県南城市佐敷兼久16-1,,26.172096,127.784798,,(098)917-5364,,,教育指導課,,,,,,,
27,472158,27,沖縄県,南城市,大里中学校,オオザトチュウガッコウ,沖縄県南城市大里仲間978,,26.179037,127.745979,,(098)917-5364,,,教育指導課,,,,,,,
28,472158,28,沖縄県,南城市,久高小中学校,クダカショウチュウガッコウ,沖縄県南城市知念字久高46,,26.161999,127.893967,,(098)917-5364,,,教育指導課,,,,,,,
29,472158,29,沖縄県,南城市,佐敷幼稚園,サシキヨウチエン,沖縄県南城市佐敷字佐敷1246-2,,26.165562,127.789841,,(098)917-5364,,,教育指導課,,,,,,,
30,472158,30,沖縄県,南城市,大里北幼稚園,オオザトキタヨウチエン,沖縄県南城市大里字嶺井222,,26.19421,127.75499,,(098)917-5364,,,教育指導課,,,,,,,
31,472158,31,沖縄県,南城市,大里南幼稚園,オオザトミナミヨウチエン,沖縄県南城市大里仲間928,,26.177008,127.744194,,(098)917-5364,,,教育指導課,,,,,,,
32,472158,32,沖縄県,南城市,南城市役所,ナンジョウシヤクショ,沖縄県南城市佐敷字新里1870,,26.167824,127.773163,各フロアに1台,(098)917-5379,,,財政課,,,,,,,
1,473570,1001,沖縄県,南大東村,南大東村役場,ミナミダイトウソンヤクバ,沖縄県島尻郡南大東村字南144-1,,25.828809,131.232077,救急車内（移動式）,09802-2-2001,,,南大東村,日月火水木金土,0:00,23:59,救急出動時除く,有,http://www.vill.minamidaito.okinawa.jp/,
2,473570,1002,沖縄県,南大東村,南大東村役場（港湾業務課）,ミナミダイトウソンヤクバ（コウワンギョウムカ）,沖縄県島尻郡南大東村字池之沢146,,25.842271,131.218112,ミレニアムパーク内東屋1F入口,09802-2-2003,,,南大東村,日月火水木金土,0:00,23:59,,有,,
3,473570,2001,沖縄県,南大東村,南大東空港,ミナミダイトウクウコウ,沖縄県島尻郡南大東村字旧東258,,25.84599,131.2655,1Fロビー,09802-2-2716,,,南大東村,日月火水木金土,8:00,16:00,,有,,
4,473570,3001,沖縄県,南大東村,南大東村立南大東小中学校,ミナミダイトウソンリツミナミダイトウショウチュウガッコウ,沖縄県島尻郡南大東村字池之沢317,,25.83591,131.228195,保健室横の廊下,09802-2-2023,,,南大東村,月火水木金,8:00,17:00,,有,,
5,473570,4001,沖縄県,南大東村,地域スポーツセンター,チイキスポーツセンター,沖縄県島尻郡南大東村字在所317,,25.829084,131.230602,事務所内,,,,南大東村,,,,施設利用時のみ,有,,
6,473570,5001,沖縄県,南大東村,スパーク南大東　島まるごと館,スパークミナミダイトウ　シママルゴトカン,沖縄県島尻郡南大東村字旧東39-1,,25.842857,131.245679,スパーク南大東事務所内,,,,南大東村,,,,施設利用時のみ（スパーク南大東）,有,,
7,473570,101001,沖縄県,南大東村,南大東村高齢者生活福祉センター,ミナミダイトウソンコウレイシャセイカツフクシセンター,沖縄県島尻郡南大東村字南144-1,,25.828631,131.232594,ロビー（入口正面）,09802-2-2226,,,社会福祉法人南大東村社会福祉協議会,月火水木金,8:00,17:00,,有,,
8,473570,102001,沖縄県,南大東村,南大東島地方気象台,ミナミダイトウジマチホウキショウダイ,沖縄県島尻郡南大東村字在所306,,25.829223,131.229067,2F踊り場,09802-2-2006,,,,,,,,有,,
9,473570,103001,沖縄県,南大東村,南大東村商工会,ミナミダイトウソンショウコウカイ,沖縄県島尻郡南大東村字池之沢347-5,,25.831792,131.228906,会議スペース,09802-2-2184,,,,月火水木金,8:00,17:00,,有,,
10,473570,104001,沖縄県,南大東村,ＪＡおきなわ南大東支店本所,ジェイエーオキナワミナミダイトウシテンホンショ,沖縄県島尻郡南大東村字在所314,,25.82974,131.23088,受付窓口前,09802-2-2236,,,ＪＡおきなわ,月火水木金,9:00,15:00,,有,,
11,473570,105001,沖縄県,南大東村,大東糖業（株）南大東事業所,ダイトウトウギョウ（カブ）ミナミダイトウジギョウショ,沖縄県島尻郡南大東村字在所182,,25.829977,131.233102,事務所入口,09802-2-2007,,,大東糖業,月火水木金,8:00,17:00,,有,,
12,473570,106001,沖縄県,南大東村,吉里会館,ヨシザトカイカン,沖縄県島尻郡南大東村字在所249,,25.832677,131.231331,ホテル吉里受付前,09802-2-2511,,,,,,,,有,,
1,473502,473500101,沖縄県,南風原町,南風原町役場,ハエバルチョウヤクバ,沖縄県島尻郡南風原町兼城686,,26.191152,127.728517,1階ロビー,(098)889-4415,1322,4000020473502,南風原町,月火水木金,8:30,17:15,土日・祝日・慰霊の日・年末年始除く,有,,
2,473502,473500102,沖縄県,南風原町,総合保健福祉防災センター,ソウゴウホケンフクシボウサイセンター,沖縄県島尻郡南風原町宮平697-10,,26.191832,127.732948,廊下,(098)889-7381,5523,4000020473502,南風原町,月火水木金土日,8:30,21:00,12/29～1/3は終日利用不可,有,http://www.town.haebaru.lg.jp,
3,473502,473500103,沖縄県,南風原町,黄金森公園陸上競技場,コガネモリコウエンリクジョウキョウギジョウ,沖縄県島尻郡南風原町宮平718-1,,26.190726,127.733569,管理事務所前,(098)889-0502,2810,4000020473502,南風原町,月火水木金土日,9:00,22:00,12/29、12/30、12/31、1/1、1/2、1/3は終日利用不可。,有,https://www.town.haebaru.lg.jp/docs/2015010500080/,
4,473502,473500104,沖縄県,南風原町,南風原町立中央公民館,ハエバルチョウリツチュウオウコウミンカン,沖縄県島尻郡南風原町喜屋武236,,26.187857,127.730801,エントランス,(098)889-0568,5701,4000020473502,南風原町,月火水木金土日,9:00,22:00,12/28、12/29、12/30、12/31、1/1、1/2、1/3は終日利用不可,有,https_://www.town.haebaru.lg.jp/docs/2014041700025/,
5,473502,473500105,沖縄県,南風原町,南風原町立南風原文化センター,ハエバルチョウリツハエバルブンカセンター,沖縄県島尻郡南風原町喜屋武257,,26.187118,127.730451,玄関ホール,(098)889-7399,2611,4000020473502,南風原町,月火木金土日,9:00,18:00,12/29、12/30、12/31、1/1、1/2、1/3は終日利用不可,有,https_://www.town.haebaru.lg.jp/docs/2013022800327/,
6,473502,473500106,沖縄県,南風原町,南風原町立南風原小学校,ハエバルチョウリツハエバルショウガッコウ,沖縄県島尻郡南風原町兼城685,,26.192236,127.729507,1階保健室前,(098)889-2088,2410,4000020473502,南風原町,月火水木金,8:15,16:45,土日祝日、行事による振替日、慰霊の日、旧盆最終日、年末年始などは利用不可,無,http://www1.town.haebaru.okinawa.jp/se-haeb/,
7,473502,473500107,沖縄県,南風原町,南風原町立津嘉山小学校,ハエバルチョウリツツカザンショウガッコウ,沖縄県島尻郡南風原町津嘉山684,,26.184128,127.717812,1階職員室前,(098)889-1230,2420,4000020473502,南風原町,月火水木金,8:15,16:45,土日祝日、行事による振替日、慰霊の日、旧盆最終日、年末年始などは利用不可,無,http://www1.town.haebaru.okinawa.jp/se-tuka/,
8,473502,473500108,沖縄県,南風原町,南風原町立北丘小学校,ハエバルチョウリツキタオカショウガッコウ,沖縄県島尻郡南風原町宮平336,,26.204157,127.731247,1階玄関,(098)889-6520,2430,4000020473502,南風原町,月火水木金,8:15,16:45,土日祝日、行事による振替日、慰霊の日、旧盆最終日、年末年始などは利用不可,無,http://www1.town.haebaru.okinawa.jp/se-kita/,
9,473502,473500109,沖縄県,南風原町,南風原町立翔南小学校,ハエバルチョウリツショウナンショウガッコウ,沖縄県島尻郡南風原町喜屋武450,,26.183793,127.728912,体育館入口,(098)889-3401,2440,4000020473502,南風原町,月火水木金,8:15,16:45,土日祝日、行事による振替日、慰霊の日、旧盆最終日、年末年始などは利用不可,無,https://syounan-elementary-school.edumap.jp/,
10,473502,473500110,沖縄県,南風原町,南風原町立南風原中学校,ハエバルチョウリツハエバルチュウガッコウ,沖縄県島尻郡南風原町兼城780,,26.192361,127.731819,1階事務室前,(098)889-2095,2510,4000020473502,南風原町,月火水木金,8:15,16:45,土日祝日、行事による振替日、慰霊の日、旧盆最終日、年末年始などは利用不可,無,https://haebaru-junior-high-school.edumap.jp/home,
11,473502,473500111,沖縄県,南風原町,南風原町立南星中学校,ハエバルチョウリツナンセイチュウガッコウ,沖縄県島尻郡南風原町照屋200,,26.186712,127.723328,1階職員室前,(098)889-0432,2521,4000020473502,南風原町,月火水木金,8:15,16:45,土日祝日、行事による振替日、慰霊の日、旧盆最終日、年末年始などは利用不可,無,http://www1.town.haebaru.okinawa.jp/js-nans/,
12,473502,473500112,沖縄県,南風原町,南風原町立南風原幼稚園,ハエバルチョウリツハエバルヨウチエン,沖縄県島尻郡南風原町兼城684,,26.192621,127.728922,職員室前,(098)889-4101,2417,4000020473502,南風原町,月火水木金土,7:30,18:30,日曜祝日、行事による振替日、慰霊の日、年末年始などは利用不可,無,https://haebaru-kindergarten.edumap.jp/,
13,473502,473500113,沖縄県,南風原町,南風原町立津嘉山幼稚園,ハエバルチョウリツツカザンヨウチエン,沖縄県島尻郡南風原町津嘉山684,,26.184654,127.716552,職員室前,(098)889-4559,2427,4000020473502,南風原町,月火水木金土,7:30,18:30,日曜祝日、行事による振替日、慰霊の日、年末年始などは利用不可,無,,
14,473502,473500114,沖縄県,南風原町,南風原町立北丘幼稚園,ハエバルチョウリツキタオカヨウチエン,沖縄県島尻郡南風原町宮平336,,26.201521,127.733375,職員室前,(098)889-6815,2437,4000020473502,南風原町,月火水木金土,7:30,18:30,日曜祝日、行事による振替日、慰霊の日、年末年始などは利用不可,無,,
15,473502,473500115,沖縄県,南風原町,南風原町立翔南幼稚園,ハエバルチョウリツショウナンヨウチエン,沖縄県島尻郡南風原町喜屋武381,,26.184457,127.730205,玄関,(098)889-7133,2447,4000020473502,南風原町,月火水木金土,7:30,18:30,日曜祝日、行事による振替日、慰霊の日、年末年始などは利用不可,無,,
16,473502,473500116,沖縄県,南風原町,北丘児童館,キタオカジドウカン,沖縄県島尻郡南風原町宮平489-1,,26.200189,127.733609,玄関ホール,(098)889-3883,,4000020473502,南風原町,月火水木金土,12:00,18:00,土曜日は9:00から利用可能。また祝日、年末年始は終日利用不可。,有,https://www.town.haebaru.lg.jp/docs/2019041600016/files/amap.pdf,
17,473502,473500117,沖縄県,南風原町,兼城児童館,カネグスクジドウカン,沖縄県島尻郡南風原町兼城84,,26.193699,127.728589,玄関ホール,(098)889-6114,,4000020473502,南風原町,月火水木金土,12:00,18:00,土曜日は9:00から利用可能。また祝日、年末年始は終日利用不可。,有,https://www.town.haebaru.lg.jp/docs/2019041600016/files/amap.pdf,
18,473502,473500118,沖縄県,南風原町,本部児童館,モトブジドウカン,沖縄県島尻郡南風原町本部116,,26.188948,127.724467,玄関ホール,(098)889-5008,,4000020473502,南風原町,月火水木金土,12:00,18:00,土曜日は9:00から利用可能。また祝日、年末年始は終日利用不可。,有,https://www.town.haebaru.lg.jp/docs/2019041600016/files/amap.pdf,
19,473502,473500119,沖縄県,南風原町,津嘉山児童館,ツカザンジドウカン,沖縄県島尻郡南風原町津嘉山663-1,,26.185857,127.715841,玄関ホール,(098)889-2925,,4000020473502,南風原町,月火水木金土,12:00,18:00,土曜日は9:00から利用可能。また祝日、年末年始は終日利用不可。,有,https://www.town.haebaru.lg.jp/docs/2019041600016/files/amap.pdf,
1,473260,1,沖縄県,北谷町,北谷町役場,チャタンチョウヤクバ,沖縄県中頭郡北谷町桑江226,,26.32021,127.76378,1階ロビー　インフォメーション横,098-936-1234,,6000020473260,北谷町,月火水木金,8:30,17:15,12/29~1/3及び祝日は終日不可。,有,,
2,473260,2,沖縄県,北谷町,北谷町役場,チャタンチョウヤクバ,沖縄県中頭郡北谷町桑江226,,26.32021,127.76378,３階総務課前廊下,098-936-1234,,6000020473260,北谷町,月火水木金,8:30,17:15,12/29~1/3及び祝日は終日不可。,有,,
3,473260,3,沖縄県,北谷町,北谷町水道庁舎,チャタンチョウスイドウチョウシャ,沖縄県中頭郡北谷町桑江221,,26.32062,127.76263,受付カウンター,098-936-3923,,6000020473260,北谷町,月火水木金,8:30,17:15,12/29~1/3及び祝日は終日不可。,有,,
4,473260,4,沖縄県,北谷町,宇地原区公民館,ウヂバルクコウミンカン,沖縄県中頭郡北谷町吉原1183-1,,26.31526,127.76849,ホール,098-936-5914,,6000020473260,北谷町,月火水木金,9:00,17:00,12/29~1/3及び祝日は終日不可。,有,,
5,473260,5,沖縄県,北谷町,栄口区公民館,エグチクコウミンカン,沖縄県中頭郡北谷町吉原708-4,,26.32327,127.77293,ホール,098-936-5992,,6000020473260,北谷町,月火水木金,9:00,17:00,12/29~1/3及び祝日は終日不可。,有,,
6,473260,6,沖縄県,北谷町,北玉区公民館,キタタマクコウミンカン,沖縄県中頭郡北谷町吉原898,,26.31263,127.77271,集会室,098-936-5921,,6000020473260,北谷町,月火水木金,9:00,17:00,12/29~1/3及び祝日は終日不可。,有,,
7,473260,7,沖縄県,北谷町,桑江区公民館,クワエクコウミンカン,沖縄県中頭郡北谷町桑江438,,26.32454,127.76656,体育館入口,098-936-7702,,6000020473260,北谷町,月火水木金,9:00,17:00,12/29~1/3及び祝日は終日不可。,有,,
8,473260,8,沖縄県,北谷町,桃原区公民館,トウバルクコウミンカン,沖縄県中頭郡北谷町吉原620-3,,26.32388,127.77802,ホール,098-936-6001,,6000020473260,北谷町,月火水木金,9:00,17:00,12/29~1/3及び祝日は終日不可。,有,,
9,473260,9,沖縄県,北谷町,美浜区公民館,ミハマクコウミンカン,沖縄県中頭郡北谷町美浜15-1,,26.31963,127.75783,事務室入口,098-926-5185,,6000020473260,北谷町,月火水木金,9:00,17:00,12/29~1/3及び祝日は終日不可。,有,,
10,473260,10,沖縄県,北谷町,謝苅区公民館,ジャアガルクコウミンカン,沖縄県中頭郡北谷町吉原620-3,,26.31384,127.77468,玄関横,098-936-5983,,6000020473260,北谷町,月火水木金,9:00,17:00,12/29~1/3及び祝日は終日不可。,有,,
11,473260,11,沖縄県,北谷町,上勢区公民館,カミセイクコウミンカン,沖縄県中頭郡北谷町上勢頭696-4,,26.33071,127.7743,玄関ロビー,098-936-4457,,6000020473260,北谷町,月火水木金,9:00,17:00,12/29~1/3及び祝日は終日不可。,有,,
12,473260,12,沖縄県,北谷町,北前区公民館,キタマエクコウミンカン,沖縄県中頭郡北谷町北前276,,26.29531,127.75741,ホール,098-936-2423,,6000020473260,北谷町,月火水木金,9:00,17:00,12/29~1/3及び祝日は終日不可。,有,,
13,473260,13,沖縄県,北谷町,宮城区公民館,ミヤギクコウミンカン,沖縄県中頭郡北谷町宮城1-472,,26.32718,127.74665,調理室入口,098-936-5936,,6000020473260,北谷町,月火水木金,9:00,17:00,12/29~1/3及び祝日は終日不可。,有,,
14,473260,14,沖縄県,北谷町,砂辺区公民館,スナベクコウミンカン,沖縄県中頭郡北谷町砂辺61,,26.33277,127.74775,ホール,098-936-5940,,6000020473260,北谷町,月火水木金,9:00,17:00,12/29~1/3及び祝日は終日不可。,有,,
15,473260,15,沖縄県,北谷町,上勢桑江児童館,カミセイクワエジドウカン,沖縄県中頭郡北谷町桑江556-3,,26.32592,127.7737,玄関ロビー,098-936-4000,,6000020473260,北谷町,月火水木金土,10:00,18:00,12/29~1/3及び祝日は終日不可。,有,,
16,473260,16,沖縄県,北谷町,北玉児童館,キタタマクジソウカン,沖縄県中頭郡北谷町吉原10,,26.31508,127.77274,事務所,098-936-0708,,6000020473260,北谷町,月火水木金土,10:00,18:00,12/29~1/3及び祝日は終日不可。,有,,
17,473260,17,沖縄県,北谷町,宮城児童館,ミヤギジドウカン,沖縄県中頭郡北谷町宮城2-215,,26.33022,127.74693,玄関ロビー,098-921-7171,,6000020473260,北谷町,月火水木金土,10:00,18:00,12/29~1/3及び祝日は終日不可。,有,,
18,473260,18,沖縄県,北谷町,北谷町シルバー人材センター,チャタンチョウシルバージンザイセンター,沖縄県中頭郡北谷町上勢頭837-1,,26.32698,127.7667,事務所,098-921-7722,,9360005004324,公益社団法人北谷町シルバー人材センター,月火水木金,8:00,18:00,12/29~1/3及び祝日は終日不可。,有,,
19,473260,19,沖縄県,北谷町,北谷町保健相談センター,チャタンチョウホケンソウダンセンター,沖縄県中頭郡北谷町桑江731,,26.31578,127.77005,事務室入口,098-936-4336,,6000020473260,北谷町,月火水木金,8:30,17:15,12/29~1/3及び祝日は終日不可。,有,,
20,473260,20,沖縄県,北谷町,北谷町老人福祉センター,チャタンチョウロウジンフクシセンター,沖縄県中頭郡北谷町上勢頭837-1,,26.32694,127.76671,事務室入口,098-936-3522,,6000020473260,北谷町,月火水木金,8:30,17:15,12/29~1/3及び祝日は終日不可。,有,,
21,473260,21,沖縄県,北谷町,北玉幼稚園,キタタマヨウチエン,沖縄県中頭郡北谷町吉原875,,26.3143,127.77295,事務所内,098-936-1594,,6000020473260,北谷町,月火水木金,,,,有,,
22,473260,22,沖縄県,北谷町,北玉小学校,キタタマショウガッコウ,沖縄県中頭郡北谷町吉原875,,26.31385,127.77296,事務室前,098-936-3928,,6000020473260,北谷町,月火水木金,,,,有,,
23,473260,23,沖縄県,沖縄市,北谷幼稚園,チャタンヨウチエン,沖縄県沖縄市南桃原4-13ｰ2,,26.32534,127.77931,事務所内,098-932-9610,,6000020473260,北谷町,月火水木金,,,,有,,
24,473260,24,沖縄県,沖縄市,北谷小学校,チャタンショウガッコウ,沖縄県沖縄市南桃原4-13ｰ1,,26.3253,127.77863,職員室入口,098-933-3930,,6000020473260,北谷町,月火水木金,,,,有,,
25,473260,25,沖縄県,北谷町,北谷第二幼稚園,チャタンダイニヨウチエン,沖縄県中頭郡北谷町桑江554-1,,26.3244,127.7727,玄関ホール,098-936-1512,,6000020473260,北谷町,月火水木金,,,,有,,
26,473260,26,沖縄県,北谷町,北谷第二小学校,チャタンダイニショウガッコウ,沖縄県中頭郡北谷町桑江567-1,,26.32496,127.77302,職員室,098-936-2511,,6000020473260,北谷町,月火水木金,,,,有,,
27,473260,27,沖縄県,北谷町,浜川幼稚園,ハマガワヨウチエン,沖縄県中頭郡北谷町宮城1-172,,26.32682,127.74807,事務所内,098-936-1951,,6000020473260,北谷町,月火水木金,,,,有,,
28,473260,28,沖縄県,北谷町,浜川小学校,ハマガワショウガッコウ,沖縄県中頭郡北谷町宮城1-172,,26.32713,127.74887,職員室,098-936-4952,,6000020473260,北谷町,月火水木金,,,,有,,
29,473260,29,沖縄県,北谷町,桑江中学校,クワエチュウガッコウ,沖縄県中頭郡北谷町美浜1-4-7,,26.31226,127.76045,体育館玄関横,098-936-2244,,6000020473260,北谷町,月火水木金,,,,有,,
30,473260,30,沖縄県,北谷町,北谷中学校,チャタンチュウガッコウ,沖縄県中頭郡北谷町吉原480,,26.32051,127.7795,体育館玄関横,098-936-3929,,6000020473260,北谷町,月火水木金,,,,有,,
31,473260,31,沖縄県,北谷町,県立北谷高校,ケンリツチャタンコウコウ,沖縄県中頭郡北谷町桑江414,,26.32219,127.76455,体育館,098-936-1010,,,沖縄県,月火水木金,,,,,,
32,473260,32,沖縄県,北谷町,一般社団法人　北谷地域振興センター,シャダンホウジンチャタンチイキシンコウセンター,沖縄県中頭郡北谷町美浜1-6-3,,26.31322,127.76008,事務室,098-936-0077,,1360005002459,社団法人北谷地域振興センター,月火水木金土日,8:30,21:45,12/29~1/3及び祝日は終日不可。,有,,月曜日は8：30～19：00まで
33,473260,33,沖縄県,北谷町,北谷町学校給食センター,チャタンチョウガッコウキュウショクセンター,沖縄県中頭郡北谷町桑江556,,26.32473,127.77385,玄関横,098-936-3269,,6000020473260,北谷町,月火水木金,8:15,17:00,12/29~1/3及び祝日は終日不可。,有,,
34,473260,34,沖縄県,北谷町,謝苅保育所,ジャアガルホイクショ,沖縄県中頭郡北谷町吉原26-1,,26.31535,127.76951,事務室,098-936-2430,,6000020473260,北谷町,月火水木金,7:00,19:00,12/29~1/3及び祝日は終日不可。,有,,
35,473260,35,沖縄県,北谷町,上勢保育所,カミセイホイクショ,沖縄県中頭郡北谷町上勢頭622-1,,26.32921,127.77416,玄関靴箱上,098-936-3440,,6000020473260,北谷町,月火水木金土,7:00,18:00,12/29~1/3及び祝日は終日不可。土曜日は１３時まで,有,,
36,473260,36,沖縄県,北谷町,美浜保育所,ミハマホイクショ,沖縄県中頭郡北谷町美浜1-2-7,,26.31069,127.76136,玄関横,098-936-4790,,6000020473260,北谷町,月火水木金土,7:00,19:00,12/29~1/3及び祝日は終日不可。,有,,
37,473260,37,沖縄県,北谷町,北谷公園屋内運動場,チャタンコウエンオクナイウンドウジョウ,沖縄県中頭郡北谷町美浜1-2-3,,26.31043,127.76061,入口受付横,098-936-0077,,1360005002459,社団法人北谷地域振興センター,火水木金土日,,,,有,,
38,473260,38,沖縄県,北谷町,北谷公園陸上競技場,チャタンコウエンリクジョウキョウギジョウ,沖縄県中頭郡北谷町美浜1-6-3,,26.31205,127.75659,入口受付横,098-936-0077,,1360005002459,社団法人北谷地域振興センター,火水木金土日,,,,有,,
39,473260,39,沖縄県,北谷町,北谷公園野球場,チャタンコウエンヤキュウジョウ,沖縄県中頭郡北谷町美浜2,,26.31189,127.75836,事務室,098-936-0077,,1360005002459,社団法人北谷地域振興センター,火水木金土日,,,,有,,
40,473260,40,沖縄県,北谷町,北谷町商工会,チャタンショウコウカイカン,沖縄県中頭郡北谷町上勢頭837-1,,26.32717,127.76783,事務所横,098-936-2110,,6360005002594,北谷町商工会連合会,,9:00,22:00,12/29~1/3及び祝日は終日不可。,,,
41,473260,41,沖縄県,北谷町,美浜メディアステーション,ミハマメディアステーション,沖縄県中頭郡北谷町美浜16-2,,26.31634,127.75784,受付横,098-926-5140,,6000020473260,北谷町,月火水木金土日,,,,有,,
42,473260,42,沖縄県,北谷町,心身障がい者等授産施設二ライの里,シンシンショウガイシャトウジュサンシセツ,沖縄県中頭郡北谷町伊平414-1   ,,26.32629,127.76417,事務室内,098-936-2994,,6000020473260,北谷町,,8:30,17:15,12/29~1/3及び祝日は終日不可。,有,,
43,473260,43,沖縄県,北谷町,障がい者活動支援センターたんぽぽ,ショウガイシャカツドウシエンセンタータンポポ,沖縄県中頭郡北谷町上勢頭837-1,,26.32694,127.76626,作業室,098-926-3500,,6000020473260,北谷町,月火水木金,9:00,17:00,12/29~1/3及び祝日は終日不可。,有,,
44,473260,44,沖縄県,北谷町,アラハビーチ管理棟,アラハビーチカンリトウ,沖縄県中頭郡北谷町北谷2-21,,26.30384,127.75904,受付横,098-936-9442,,6000020473260,北谷町,月火水木金土日,,,,有,,４月中旬から11/30まで
45,473260,45,沖縄県,北谷町,ザ・ビーチタワーホテル沖縄,ザ・ビーチタワーホテルオキナワ,沖縄県中頭郡北谷町美浜8-6,,26.31414,127.75635,,098-921-7721,,,共立リゾート,月火水木金土日,,,,,,
46,473260,46,沖縄県,北谷町,ちゅらー湯,チュラーユ,沖縄県中頭郡北谷町美浜2,,26.31346,127.75573,,098-926-2611,,,共立リゾート,月火水木金土日,7:00,23:00,,,,
47,473260,47,沖縄県,北谷町,サンセットビーチ,サンセットビーチ,沖縄県中頭郡北谷町美浜2,,26.31341,127.75571,,098-936-8273,,,共立リゾート,月火水木金土日,,,,,,４月中旬から11/30まで
48,473260,48,沖縄県,北谷町,HONDACARS沖縄北谷店,ホンダカーズオキナワチャタン,沖縄県中頭郡北谷町伊平108-8,,26.32447,127.75624,,098-926-4801,,,,月火水木金土日,,,,,,
49,473260,49,沖縄県,北谷町,サンエーハンビータウン,サンエーハンビータウン,沖縄県中頭郡北谷町北前1-2-3,,26.3017,127.76001,,098-936-9100,,5360001008803,株式会社　サンエー,月火水木金土日,,,,,,
50,473260,50,沖縄県,北谷町,ドラゴンパレス,ドラゴンパレス,沖縄県中頭郡北谷町美浜15-68,,26.31747,127.75717,,098-926-2100,,,,月火水木金土日,,,,,,
51,473260,51,沖縄県,北谷町,ヒルトンホテル,ヒルトンホテル,沖縄県中頭郡北谷町美浜40-1,,26.31864,127.75481,,098-901-1111,,,,月火水木金土日,,,,,,
52,473260,52,沖縄県,北谷町,エナジックボウル,エナジックボウル,沖縄県中頭郡北谷町美浜9-8,,26.31708,127.75555,,098-926-3939,,,,月火水木金土日,,,,,,
53,473260,53,沖縄県,北谷町,樹昌院,ジュショウイン,沖縄県中頭郡北谷町大村455,,26.30989,127.77184,,098-936-1573,,,,月火水木金土日,,,,,,
54,473260,54,沖縄県,北谷町,サンエー北谷浜川店,サンエーチャタンハマガワテン,沖縄県中頭郡北谷町宮城1-37,,26.32419,127.7516,,098-926-0370,,5360001008803,株式会社　サンエー,月火水木金土日,,,,,,
55,473260,55,沖縄県,北谷町,北谷スポーツセンター,チャタンスポーツセンター,沖縄県中頭郡北谷町桑江432,,26.32471,127.76419,,098-936-3492,,8360003003601,株式会社北谷スポーツセンター,月火水木金土日,,,,,,
56,473260,56,沖縄県,北谷町,北谷ニライセンター,チャタンニライセンター,沖縄県中頭郡北谷町桑江467-1,,26.32543,127.76856,事務所横,098-936-3492,,6000020473260,北谷町,月火水木金土日,,,,有,,
57,473260,57,沖縄県,北谷町,北谷公園プール管理棟,チャタンコウエンプールカンリトウ,沖縄県中頭郡北谷町美浜2,,26.31188,127.75569,入口ホール,098-936-8273,,,共立リゾート,火水木金土日,,,5/1から10/31まで,有,,
58,473260,58,沖縄県,北谷町,社会福祉法人　ファミリー保育園,シャカイフクシホウジンファミリーホイクエン,沖縄県中頭郡北谷町美浜15-77,,26.31915,127.75797,,098-983-7472,,2360005002912,社会福祉法人　幸健福祉会,月火水木金土,7:00,18:00,12/29~1/3及び祝日は終日不可。,,,
59,473260,59,沖縄県,北谷町,ポリテクセンター沖縄,オキナワショクギョウクンレンシエンセンター,沖縄県中頭郡北谷町吉原728-6,,26.31921,127.77418,,098-936-1755,,,独立行政法人沖縄能力開発支援センター,,,,,,,
60,473260,60,沖縄県,北谷町,社会福法人　ひだまり認定こども園,シャカイフクシホウジンヒダマリニンテイホイクエン,沖縄県中頭郡北谷町桃原3-8,,26.32019,127.77741,,098-936-8084,,3360005002746,社会福祉法人温和会,月火水木金土,7:00,18:00,12/29~1/3及び祝日は終日不可。,,,
61,473260,61,沖縄県,北谷町,北谷町社会福祉協議会,チャタンチョウシャカイフクシキョウギカイ,沖縄県中頭郡北谷町吉原26-6,,26.3167,127.76898,,098-936-2940,,5360005002570,社会福祉法人北谷町社会福祉協議会,月火水木金,8:30,17:15,12/29~1/3及び祝日は終日不可。,有,,
1,473278,,沖縄県,北中城村,北中城村役場,キタナカグスクソンヤクバ,沖縄県中頭郡北中城村字喜舎場426-2,,26.30101863,127.7931081,第1庁舎2階　総務課,098-935-2233,212,,北中城村役場,月火水木金,8:30,17:15,土日祝休み,,https://www.vill.kitanakagusuku.lg.jp/,
2,473278,,沖縄県,北中城村,北中城村立中央公民館,キタナカグスクソンリツチュウオウコウミンカン,沖縄県中頭郡北中城村仲順435,,26.30459654,127.8014873,生涯学習課　事務所,098-935-3780,703,,北中城村教育委員会,月火水木金,8:30,17:15,土日祝休み（土曜日のみ警備員常駐）,,https://www.vill.kitanakagusuku.lg.jp/,
3,473278,,沖縄県,北中城村,北中城村社会福祉協議会,キタナカグスクソンシャカイフクシキョウギカイ,沖縄県中頭郡北中城村仲順451,,26.30655857,127.8008436,2階ロビー　自動販売機,098-935-4520,,,社会福祉法人北中城村社会福祉協議会,月火水木金,8:30,17:15,土日祝休み（警備員常駐）,,https://kitanakasyakyo.org/,
4,473278,,沖縄県,北中城村,北中城小学校,キタナカグスクショウガッコウ,沖縄県中頭郡北中城村喜舎場１,,26.301451,127.795456,職員室内,098-935-3980,,,北中城小学校,月火水木金,8:15,17:00,,,,
5,473278,,沖縄県,北中城村,島袋小学校,シマブクロショウガッコウ,沖縄県中頭郡北中城村島袋1234,,26.321352,127.80648,職員室内,098-933-9863,,,島袋小学校,月火水木金,8:15,17:00,,,,
6,473278,,沖縄県,北中城村,北中城中学校,キタナカグスクチュウガッコウ,沖縄県中頭郡北中城村喜舎場306,,26.299238,127.795853,職員室内,098-935-3979,,,北中城中学校,月火水木金,8:15,17:00,,,,
1,472093,1,沖縄県,名護市,名護市役所,ナゴシヤクショ,沖縄県名護市港1-1-1,,26.591604,127.977333,,0980-53-1212,,1000000000000,名護市,月火水木金,0.354166667,0.71875,ただし祝・休日、6/23・12/29～1/3を除く,,http://www.city.nago.okinawa.jp/,
2,472093,2,沖縄県,名護市,名護中央公民館,ナゴチュウオウコウミンカン,沖縄県名護市港2-1-1,,26.590753,127.97528,,0980-53-5428,,1000000000000,名護市,月火水木金土日,0.375,0.916666667,,,http://www.city.nago.okinawa.jp/soshiki/chiikiseisaku/cyuoukouminkan/,
3,472093,3,沖縄県,名護市,名護市立中央図書館,ナゴシリツチュウオウトショカン,沖縄県名護市宮里5-6-1,,26.599675,127.970624,,0980-53-7246,,1000000000000,名護市,火水木金土日,0.375,0.791666667,,,http://www.city.nago.okinawa.jp/library/,
4,472093,4,沖縄県,名護市,21世紀の森体育館,ニジュウイッセイキノモリタイイクカン,沖縄県名護市大南2-1-1,,26.592358,127.975616,,0980-53-6890,,1000000000000,名護市,月水木金土日,0.375,0.875,,,http://www.city.nago.okinawa.jp/shisetsu/2018071800410/,
5,472093,5,沖縄県,名護市,名護市陸上競技場,ナゴシリクジョウキョウギジョウ,沖縄県名護市大南3-1-1,,26.59516,127.975845,,0980-53-6890,,1000000000000,名護市,月水木金土日,0.375,0.708333333,火曜日・年末年始,,http://www.city.nago.okinawa.jp/kurashi/2018073000092/,
6,472093,6,沖縄県,名護市,名護市久志支所,ナゴシクシシショ,沖縄県名護市字瀬嵩7-1,,26.54964,128.049518,,0980-55-8101,,1000000000000,名護市,月火水木金,0.354166667,0.71875,ただし祝・休日、6/23・12/29～1/3を除く,,http://www.city.nago.okinawa.jp/soshiki/chiikiseisaku/kushi/,
7,472093,7,沖縄県,名護市,名護市羽地支所,ナゴシハネジシショ,沖縄県名護市字仲尾次829,,26.623083,128.023771,,0980-58-1221,,1000000000000,名護市,月火水木金,0.354166667,0.71875,ただし祝・休日、6/23・12/29～1/3を除く,,http://www.city.nago.okinawa.jp/soshiki/chiikiseisaku/haneji/,
8,472093,8,沖縄県,名護市,名護市屋我地支所,ナゴシヤガジシショ,沖縄県名護市字饒平名1177-1,,26.661004,128.012479,,0980-52-8101,,1000000000000,名護市,月火水木金,0.354166667,0.71875,ただし祝・休日、6/23・12/29～1/3を除く,,http://www.city.nago.okinawa.jp/soshiki/chiikiseisaku/yagaji/,
9,472093,9,沖縄県,名護市,名護市屋部支所,ナゴシヤブシショ,沖縄県名護市字屋部44,,26.600351,127.952322,,0980-52-2610,,1000000000000,名護市,月火水木金,0.354166667,0.71875,ただし祝・休日、6/23・12/29～1/3を除く,,http://www.city.nago.okinawa.jp/soshiki/chiikiseisaku/yabu/,
31,472093,31,沖縄県,名護市,ファミリーマート名護宮里店,ファミリーマートナゴミヤザトテン,沖縄県名護市宮里3-10-11,,26.595547,127.970688,,0980-54-0333,,,,月火水木金土日,,,,,,
10,472093,10,沖縄県,名護市,名護博物館,ナゴハクブツカン,沖縄県名護市東江1-8-11,,26.586221,127.987032,,0980-53-1342,,1000000000000,名護市,火水木金土日,0.416666667,0.75,休館日：毎週月曜日、年末年始、祝祭日、慰霊の日（6月23日）、ガスくん蒸実施期など,,http://www.city.nago.okinawa.jp/museum/,
11,472093,11,沖縄県,名護市,名護市労働福祉センター,ナゴシロウドウフクシセンター,沖縄県名護市大南2-1-25,,26.592988,127.973893,,0980-52-3183,,1000000000000,名護市,月火水木金土,0.375,0.895833333,,,http://www.city.nago.okinawa.jp/kurashi/2018071901568/,
12,472093,12,沖縄県,名護市,名護市国際交流会館,ナゴシコクサイコウリュウカイカン,沖縄県名護市字宮里487,,26.592438,127.964795,,0980-51-0123,,1000000000000,名護市,火水木金土日,0.375,0.916666667,土・日曜 9：00～17：00、休業日：月曜・祝日,,http://mice.okinawastory.jp/venue/362/,
13,472093,13,沖縄県,名護市,ビーチ管理棟,ビーチカンリトウ,沖縄県名護市宮里2-1,,26.591826,127.968968,,0980-52-3183,,1000000000000,名護市,月火水木金土日,0.375,0.895833333,"・遊泳期間：平成31年4月27日～令和元年8月31日
・遊泳時間（～6月）：午前10時00分～午後6時00分
　（7月～8月）：午前9時30分～午後6時30分
・シャワーの利用時間は午前9時30分～午後7時
・休日：年末年始",,http://www.city.nago.okinawa.jp/kurashi/2018071901650/,
14,472093,14,沖縄県,名護市,名護市県立高等学校北部合同寄宿舎,ナゴシケンリツコウトウガッコウコクブゴウドウキシュクシャ,沖縄県名護市大西3-20-10,,26.598193,127.982588,,0980-51-0750,,1000000000000,名護市,,,,,,http://www.nago-th.open.ed.jp/2019/03/post-96.html,
15,472093,15,沖縄県,名護市,あけみおSKYドーム,アケミオスカイドーム,沖縄県名護市名護市宮里492,,26.592715,127.964144,,0980-52-3183,,1000000000000,名護市,月火水木金土日,0.375,0.895833333,定休日：年末年始,,,
16,472093,16,沖縄県,名護市,名護市児童センター,ナゴシジドウセンター,沖縄県名護市港2-1-2,,26.590697,127.974064,,0980-53-3911,,1000000000000,名護市,火水木金土日,0.416666667,0.729166667,,,,
17,472093,17,沖縄県,名護市,名護漁港水産物直販所,ナゴギョコウスイサンブツショクバイジョ,沖縄県名護市城3-5-16,,26.5874,127.982431,,0980-43-0175,,1000000000000,名護市,月火水木金土日,0.458333333,0.791666667,,,http://jf-nago.jp/%E6%B0%B4%E7%94%A3%E7%89%A9%E7%9B%B4%E8%B2%A9%E6%89%80/,
18,472093,18,沖縄県,名護市,名護市二見以北地域交流拠点施設,ナゴシフタミイコクチイキコウリュウキョテンシセツ,沖縄県名護市字大浦465-7,,26.554815,128.040615,,0980-51-9446,,1000000000000,名護市,月火水木金土日,0.458333333,0.791666667,,,https://www.wansaka-o.jp/,
19,472093,19,沖縄県,名護市,名護市地域包括支援センター,ナゴシチイキホウカツシエンセンター,沖縄県名護市大中2-12-1,,26.593263,127.987018,,0980-43-0022,,1000000000000,名護市,月火水木金土日,0.354166667,0.71875,休日：祝日・年末年始他,,http://www.city.nago.okinawa.jp/kurashi/2018072001434/,
20,472093,20,沖縄県,名護市,ファミリーマート名護幸喜店　,ファミリーマートナゴコウキテン　,沖縄県名護市幸喜117,トイレ入り口右側,26.538748,127.948369,,0980-51-0811,,,,月火水木金土日,,,,,,
21,472093,21,沖縄県,名護市,ファミリーマート名護マルチメディア館前店　　,ファミリーマートナゴマルチメディアカンマエテン,沖縄県名護市豊原224-49,トイレ入り口右側　,26.523598,128.021016,,0980-55-2258,,,,月火水木金土日,,,,,,
22,472093,22,沖縄県,名護市,ファミリーマート名護真喜屋店　,ファミリーマートナゴマキヤテン　,沖縄県名護市真喜屋802-1,レジ左側,26.633937,128.035158,,0980-58-2476,,,,月火水木金土日,,,,,,
23,472093,23,沖縄県,名護市,ファミリーマート名護宇茂佐店　,ファミリーマートナゴウムサテン　,沖縄県名護市宇茂佐283-3,トイレ入り口左側,26.595757,127.956744,,0980-52-3350,,,,月火水木金土日,,,,,,
24,472093,24,沖縄県,名護市,ファミリーマートふく薬品名護店　,ファミリーマートフクヤッキョクナゴテン　,沖縄県名護市宇茂佐1703-101,トイレ入り口左側,26.608261,127.969648,,0980-54-9511,,,,月火水木金土日,,,,,,
25,472093,25,沖縄県,名護市,ファミリーマート東江5丁目店,ファミリーマートアガリエゴチョウメテン,沖縄県名護市東江5-16-25,,26.579698,127.984746,,0980-53-2510,,,,月火水木金土日,,,,,,
26,472093,26,沖縄県,名護市,ファミリーマート名護大北5丁目店,ファミリーマートナゴオオキタゴチョウメテン,沖縄県名護市大北5-21-9,,26.605672,127.981734,,0980-54-2090,,,,月火水木金土日,,,,,,
27,472093,27,沖縄県,名護市,ファミリーマート名護大西通り店,ファミリーマートナゴオオニシドウリテン,沖縄県名護市港1-15-8,,26.591369,127.981542,,0980-45-0988,,,,月火水木金土日,,,,,,
28,472093,28,沖縄県,名護市,ファミリーマート名護大南4丁目店,ファミリーマートナゴオオミナミヨンチョウメテン,沖縄県名護市大南4-1-11,,26.597565,127.978712,,0980-54-3223,,,,月火水木金土日,,,,,,
29,472093,29,沖縄県,名護市,ファミリーマート名護大宮店,ファミリーマートナゴオオミヤテン,沖縄県名護市宮里7-21-16,,26.602548,127.975985,,0980-54-9500,,,,月火水木金土日,,,,,,
30,472093,30,沖縄県,名護市,ファミリーマート名護バイパス宮里店,ファミリーマートナゴバイパスミヤザトテン,沖縄県名護市宮里4-14-56,,26.598814,127.967056,,0980-54-8086,,,,月火水木金土日,,,,,,
32,472093,32,沖縄県,名護市,ファミリーマート名護郵便局前店,ファミリーマートナゴユウビンキョクマエテン,沖縄県名護市東江4-4-12,,26.585127,127.985433,,0980-51-0017,,,,月火水木金土日,,,,,,
33,472093,33,沖縄県,名護市,ファミリーマート名護大北3丁目店,ファミリーマートナゴオオキタサンチョウメテン,沖縄県名護市大北3-2-62,,26.601357,127.997514,,0980-51-1311,,,,月火水木金土日,,,,,,
34,472093,34,沖縄県,名護市,ファミリーマート名護田井等店,ファミリーマートナゴタイラテン,沖縄県名護市田井等775-1,,26.616467,128.009896,,0980-51-3011,,,,月火水木金土日,,,,,,
35,472093,35,沖縄県,名護市,ファミリーマート名護市役所前店,ファミリーマートナゴシヤクショマエテン,沖縄県名護市港1-550,,26.590966,127.980635,,0980-45-0575,,,,月火水木金土日,,,,,,
36,472093,36,沖縄県,名護市,ローソン名護東江店,ローソンナゴアガリエテン,沖縄県名護市東江4-24-28,,26.579966,127.985443,,0980-54-1456,,,,月火水木金土日,,,,,,
37,472093,37,沖縄県,名護市,ローソン名護東江5丁目店　,ローソンナゴアガリエゴチョウメテン,沖縄県名護市東江5-22-20,,26.576138,127.984027,,0980-54-1785,,,,月火水木金土日,,,,,,
38,472093,38,沖縄県,名護市,ローソン名護宇茂佐店　,ローソンナゴウムサテン,沖縄県名護市宇茂佐の森4-1-2,,26.601717,127.964368,,0980-54-5488,,,,月火水木金土日,,,,,,
39,472093,39,沖縄県,名護市,ローソン名護大中店,ローソンナゴオオナカテン,沖縄県名護市大中3-2-3,,26.594134,127.988406,,0980-54-5263,,,,月火水木金土日,,,,,,
40,472093,40,沖縄県,名護市,ローソン名護大東1丁目店,ローソンナゴオオヒガシイッチョウメテン,沖縄県名護市大東1-21-12,,26.590328,127.985847,,0980-52-3963,,,,月火水木金土日,,,,,,
41,472093,41,沖縄県,名護市,ローソンかりゆしビーチ店　,ローソンカリユシビーチテン　,沖縄県名護市喜瀬1996,,26.531844,127.930214,,0980-52-3496,,,,月火水木金土日,,,,,,
42,472093,42,沖縄県,名護市,ローソン名護高校前店　,ローソンナゴコウコウマエテン　,沖縄県名護市大西5-16-13,,26.602855,127.986383,,0980-51-1501,,,,月火水木金土日,,,,,,
43,472093,43,沖縄県,名護市,ローソン名桜大学店　,ローソンメイオウダイガクテン　,沖縄県名護市為又1220-25,,26.617899,127.968671,,0980-54-1975,,,,月火水木金土日,,,,,,
44,472093,44,沖縄県,名護市,ローソン名護田井等店　,ローソンナゴタイラテン　,沖縄県名護市田井等792-1,,26.615787,127.009469,,0980-58-4988,,,,月火水木金土日,,,,,,
45,472093,45,沖縄県,名護市,ローソン名護辺野古店　,ローソンナゴヘノコテン　,沖縄県名護市辺野古1010-68,,26.523595,127.022562,,0980-55-2888,,,,月火水木金土日,,,,,,
46,472093,46,沖縄県,名護市,ローソン名護バイパス店　,ローソンナゴバイパステン　,沖縄県名護市屋部1711-1,,26.604927,127.959091,,0980-43-0889,,,,月火水木金土日,,,,,,
47,472093,47,沖縄県,名護市,ローソン名護宮里店　,ローソンナゴミヤザトテン　,沖縄県名護市宮里1375-2,,26.604615,127.975312,,0980-52-3149,,,,月火水木金土日,,,,,,
48,472093,48,沖縄県,名護市,ローソン名護宇茂佐の森店,ローソンナゴウモサノモリテン,沖縄県名護市宇茂佐の森1-17-12,,26.597784,127.963255,,0980-43-5380,,,,月火水木金土日,,,,,,
49,472093,49,沖縄県,名護市,ローソン名護呉我店,ローソンナゴゴガテン,沖縄県名護市呉我564-1,,26.624403,128.002892,,0980-43-6811,,,,月火水木金土日,,,,,,
1,473481,,沖縄県,与那原町,与那原町上の森かなちホール,ヨナバルチョウウエノモリカナチホール,沖縄県与那原町上与那原16,,26.199396,127.754761,,,,,,,,,,,,
2,473481,,沖縄県,与那原町,与那原町役場本庁舎,ヨナバルチョウヤクバホンチョウシャ,沖縄県与那原町上与那原16,,26.199396,127.754761,,,,,,,,,,,,
3,473481,,沖縄県,与那原町,浜田ハピネス認定こども園,ハマダハピネスニンテイコドモエン,沖縄県与那原町与那原1775,,26.209181,127.752007,,,,,,,,,,,,
4,473481,,沖縄県,与那原町,与那原町交流センターひざし,ヨナバルチョウコウリュウセンターヒザシ,沖縄県与那原町与那原3090-2,,26.200232,127.753494,,,,,,,,,,,,
5,473481,,沖縄県,与那原町,与那原警察署,ヨナバルケイサツショ,沖縄県与那原町与那原3085,,26.200584,127.754341,,,,,,,,,,,,
6,473481,,沖縄県,与那原町,与那原町コミュニティーセンター,ヨナバルチョウコミュニテイーセンター,沖縄県与那原町与那原712,,26.203819,127.755676,,,,,,,,,,,,
7,473481,,沖縄県,与那原町,沖縄県労働金庫与那原支店,オキナワケンロウドウキンコヨナバルシテン,沖縄県与那原町上与那原385-4,,26.200623,127.752846,,,,,,,,,,,,
8,473481,,沖縄県,与那原町,与那原町社会福祉協議会,ヨナバルチョウシャカイフクシキョウギカイ,沖縄県与那原町上原16-2,,26.199156,127.751305,,,,,,,,,,,,
9,473481,,沖縄県,与那原町,JAおきなわファーマーズマーケット 与那原あがりはま市場,ジェイエイオキナワファーマーズマーケット　ヨナバルアガリハマイチバ,沖縄県与那原町東浜89,104,26.204222,127.760933,,,,,,,,,,,,
10,473481,,沖縄県,与那原町,(株)サンエーV21よなばる食品館,(アブ)サンエーブイ21ヨナバルショクヒンカン,沖縄県与那原町与那原1175-1,,26.210941,127.75901,,,,,,,,,,,,
11,473481,,沖縄県,与那原町,(株)サンエー板良敷店,(カブ)サンエーイタラシキテン,沖縄県与那原町板良敷621,,26.192286,127.770576,,,,,,,,,,,,
12,473481,,沖縄県,与那原町,ローソン 与那原板良敷店,ローソン ヨナバルイタラシキテン,沖縄県与那原町板良敷1385-1,,26.192432,127.767601,,,,,,,,,,,,
13,473481,,沖縄県,与那原町,ローソン南風原北インター前店,ローソンハエバルキタインターマエテン,沖縄県与那原町上与那原472-1,,26.199156,127.751305,,,,,,,,,,,,
14,473481,,沖縄県,与那原町,ファミリーマート与那原店,ファミリーマートヨナバルテン,沖縄県与那原町与那原3695,,26.199785,127.760742,,,,,,,,,,,,
15,473481,,沖縄県,与那原町,与那原パークゴルフ場,ヨナバルパークゴルフジョウ,沖縄県与那原町東浜108,,26.206249,127.76162,,,,,,,,,,,,
16,473481,,沖縄県,与那原町,中村内科クリニック,ナカムラナイカクリニック,沖縄県与那原町与那原3068-1,,26.204723,127.751228,,,,,,,,,,,,
17,473481,,沖縄県,与那原町,与那原中央病院,ヨナバルチュウオウビョウイン,沖縄県与那原町与那原2905,,26.203094,127.74839,,,,,,,,,,,,
18,473481,,沖縄県,与那原町,カトリック与那原教会,カトリックヨナバルキョウカイ,沖縄県与那原町与那原3090-5,,26.200232,127.753494,,,,,,,,,,,,
19,473481,,沖縄県,与那原町,海風児童館,ウミカゼジドウカン,沖縄県与那原町板良敷109,,26.199144,127.767601,,,,,,,,,,,,
20,473481,,沖縄県,与那原町,与那原町立図書館,ヨナバルチョウリツトショカン,沖縄県与那原町与那原712,1階,26.203819,127.755676,,,,,,,,,,,,
21,473481,,沖縄県,与那原町,丸大　与那原東店,マルダイ　ヨナバルヒガシテン,沖縄県与那原町与那原3867-2,,26.197094,127.76088,,,,,,,,,,,,
