_id,都道府県コード又は市区町村コード,NO,都道府県名,市区町村名,名称,名称_カナ,名称_通称,名称_英語,文化財分類,種類,場所名称,住所,方書,緯度,経度,電話番号,内線番号,員数（数）,員数（単位）,法人番号,所有者等,文化財指定日,利用可能曜日,開始時間,終了時間,利用可能日時特記事項,画像,画像_ライセンス,概要,概要_英語,説明,説明_英語,URL,備考
1,472115,1,沖縄県,沖縄市,アマミクヌムイ　ごゑく,アマミクヌムイ　ゴヱク,越来グスク,,重要文化財,その他,,沖縄県沖縄市城前町359-2,,26.340628,127.812865,,,,,,管理者：越来共有会、沖縄市,2019-10-16,,,,,,,,,,,,
2,472115,2,沖縄県,沖縄市,三線　平中知念型銘時受,サンセン　ヒラナカチネンガタメイトキウケ,,,県指定重要文化財,美術工芸品,,沖縄県非公開,,,,,,,,,個人所有,1994-03-15,,,,,,,,,,,,
3,472115,3,沖縄県,沖縄市,泡瀬の京太郎,アワセノチョンダラー,泡瀬の京太郎,,県指定重要民俗文化財,芸能,,沖縄県沖縄市泡瀬2ｰ71ｰ7,,26.320709,127.832648,,,,,,泡瀬京太郎保存会,1980-03-31,,,,,,,,,,,,
4,472115,4,沖縄県,沖縄市,泡瀬ビジュル（社殿、鳥居、手水鉢）,アワセビジュル（シャデン、トリイ、チョウズバチ）,泡瀬ビジュル,,市指定重要文化財,建造物,,沖縄県沖縄市泡瀬2ｰ71ｰ3、4、5,,26.320692,127.832984,,,,,,管理者：泡瀬復興期成会,2009-03-27,,,,,,,,,,,,
5,472115,5,沖縄県,沖縄市,上地のバーキ（與志平朝蒲製作竹細工）,ウエチノバーキ（ヨシヒラチョウホセイサクタケザイク）,上地のバーキ,,市指定重要文化財,その他,,沖縄県沖縄市上地2ｰ19ｰ6,沖縄市文化センター3F,26.331728,127.795007,(098)932-6882,,,,,沖縄市立郷土博物館収蔵,2009-03-27,火水木金土日,09:00,17:00,,,,,,,,,
6,472115,6,沖縄県,沖縄市,ハル石（印部石　ミ　赤ひら原）,ハルイシ（シルベイシ　ミ　アカヒラバル）,ハル石　赤ひら原,,市指定重要文化財,その他,,沖縄県沖縄市上地2ｰ19ｰ6,沖縄市文化センター3F,26.331728,127.795007,(098)932-6882,,,,,沖縄市立郷土博物館収蔵,2016-03-02,火水木金土日,09:00,17:00,,,,,,,,,
7,472115,7,沖縄県,沖縄市,ハル石（印部石　ア　木の下原）,ハルイシ（シルベイシ　ア　キノシタバル）,ハル石　木の下原,,市指定重要文化財,その他,,沖縄県沖縄市上地2ｰ19ｰ6,沖縄市文化センター3F,26.331728,127.795007,(098)932-6882,,,,,沖縄市立郷土博物館収蔵,2016-03-02,火水木金土日,09:00,17:00,,,,,,,,,
8,472115,8,沖縄県,沖縄市,ハル石（印部石　さ　さく原）,ハルイシ（シルベイシ　サ　サクバル）,ハル石　さく原,,市指定重要文化財,その他,,沖縄県沖縄市美里3,,26.347708,127.812328,,,,,,管理者：美里自治会,2016-03-02,,,,,,,,,,,,
9,472115,9,沖縄県,沖縄市,美里の龕,ミサトノガン,美里の龕,,市指定重要民俗文化財,その他,,沖縄県沖縄市上地2ｰ19ｰ6,沖縄市文化センター3F,26.331728,127.795007,(098)932-6882,,,,,沖縄市立郷土博物館収蔵,1994-09-22,火水木金土日,09:00,17:00,,,,,,,,,
20,472115,20,沖縄県,沖縄市,美里のセークガー,ミサトノセークガー,セークガー,,市指定登録記念物,その他,,沖縄県沖縄市美里2ｰ417,,26.345522,127.814763,,,,,,管理者：美里自治会,1994-09-22,,,,,,,,,,,,
10,472115,10,沖縄県,沖縄市,木綿紺地経緯絣花織衣裳,モメンコンジタテヨコカスリハナウイイショウ,知花花織　馬乗上着,,市指定重要民俗文化財,その他,,沖縄県沖縄市上地2ｰ19ｰ6,沖縄市文化センター3F,26.331728,127.795007,(098)932-6882,,,,,沖縄市立郷土博物館収蔵,2000-12-06,火水木金土日,09:00,17:00,,,,,,,,,
11,472115,11,沖縄県,沖縄市,木綿紺地経浮花織衣裳,モメンコンジタテウキハナウイイショウ,知花花織　馬乗袴,,市指定重要民俗文化財,その他,,沖縄県沖縄市上地2ｰ19ｰ6,沖縄市文化センター3F,26.331728,127.795007,(098)932-6882,,,,,沖縄市立郷土博物館収蔵,2000-12-06,火水木金土日,09:00,17:00,,,,,,,,,
12,472115,12,沖縄県,沖縄市,木綿芭蕉紺地経絣縫取花織衣裳,モメンバショウコンジタテカスリヌイトリハナウイイショウ,知花花織　ウッチャキ,,市指定重要民俗文化財,その他,,沖縄県沖縄市上地2ｰ19ｰ6,沖縄市文化センター3F,26.331728,127.795007,(098)932-6882,,,,,沖縄市立郷土博物館収蔵,2000-12-06,火水木金土日,09:00,17:00,,,,,,,,,
13,472115,13,沖縄県,沖縄市,池原十五夜行事,イケハラジュウゴヤギョウジ,池原の十五夜行事,,市指定重要民俗文化財,その他,,沖縄県沖縄市池原1ｰ25ｰ15,,26.378928,127.827899,,,,,,主催者：池原自治会,2009-03-27,,,,,,,,,,,,
14,472115,14,沖縄県,沖縄市,上之殿毛,イーヌトゥヌモー,上之殿毛,,市指定重要民俗文化財,その他,,沖縄県沖縄市知花5－912,,26.36342,127.810833,,,,,,管理者：松本自治会,2009-03-27,,,,,,,,,,,,
15,472115,15,沖縄県,沖縄市,古謝のビジュル,コジャノビジュル,古謝のビジュル,,市指定重要民俗文化財,その他,,沖縄県沖縄市字古謝164,,26.336068,127.833485,,,,,,管理者：古謝自治会,2009-03-27,,,,,,,,,,,,
16,472115,16,沖縄県,沖縄市,諸見里の旗スガシー,モロミザトノハタスガシー,諸見里の旗スガシー,,市指定重要民俗文化財,その他,,沖縄県沖縄市諸見里1ｰ29ｰ15,,26.329196,127.792122,,,,,,主催者：諸見里自治会,2009-03-27,,,,,,,,,,,,
17,472115,17,沖縄県,沖縄市,諸見里の村旗,モロミザトノムラバタ,諸見里の村旗,,市指定重要民俗文化財,その他,,沖縄県沖縄市上地2ｰ19ｰ6,沖縄市文化センター3F,26.331728,127.795007,(098)932-6882,,,,,沖縄市立郷土博物館収蔵,2009-03-27,火水木金土日,09:00,17:00,,,,,,,,,
18,472115,18,沖縄県,沖縄市,鬼大城の墓,ウニウフグシクノハカ,鬼大城の墓,,市指定登録記念物,その他,,沖縄県沖縄市知花5－895ｰ1,,26.362667,127.811008,,,,,,管理者：門中所有,1980-10-23,,,,,,,,,,,,
19,472115,19,沖縄県,沖縄市,カフンジャー橋,カフンジャーバシ,カフンジャー橋,,市指定登録記念物,その他,,沖縄県沖縄市字美里,無番地,26.353787,127.813003,,,,,,管理者：沖縄市,1980-10-31,,,,,,,,,,,,
21,472115,21,沖縄県,沖縄市,美里のヒージャーガー,ミサトノヒージャーガー,ヒージャーガー,,市指定登録記念物,その他,,沖縄県沖縄市美里3-383,,26.346721,127.814969,,,,,,管理者：美里自治会,1994-09-22,,,,,,,,,,,,
22,472115,22,沖縄県,沖縄市,奉安殿,ホウアンデン,奉安殿,,市指定登録記念物,その他,,沖縄県沖縄市知花弁当原528ｰ3,,26.364634,127.819754,,,,,,管理者：沖縄市,1997-02-05,,,,,,,,,,,,
23,472115,23,沖縄県,沖縄市,忠魂碑,チュウコンヒ,忠魂碑,,市指定登録記念物,その他,,沖縄県沖縄市知花弁当原528ｰ3,,26.364248,127.819882,,,,,,管理者：沖縄市,1997-02-05,,,,,,,,,,,,
24,472115,24,沖縄県,沖縄市,室川貝塚,ムロカワカイヅカ,室川貝塚,,市指定登録記念物,その他,,沖縄県沖縄市室川1ｰ128ｰ2,,26.334696,127.805393,,,,,,管理者：沖縄市,1997-02-05,,,,,,,,,,,,
25,472115,25,沖縄県,沖縄市,室川井,ムルガー,ムロカーガー,,市指定登録記念物,その他,,沖縄県沖縄市室川1ｰ84,,26.335565,127.80504,,,,,,管理者：胡屋共有会,1997-02-05,,,,,,,,,,,,
26,472115,26,沖縄県,沖縄市,登川碑,ノボリカワヒ,登川碑,,市指定登録記念物,その他,,沖縄県沖縄市登川3-148ｰ1,,26.370983,127.823631,,,,,,管理者：登川自治会,2009-03-27,,,,,,,,,,,,
27,472115,27,沖縄県,沖縄市,古謝のビジュルにあるアコウ,コジャノビジュルニアルアコウ,古謝のビジュルのアコウ,,市指定登録記念物,その他,,沖縄県沖縄市字古謝164,,26.336062,127.833494,,,,,,管理者：古謝自治会,2009-03-27,,,,,,,,,,,,
28,472115,28,沖縄県,沖縄市,沖縄市立ふるさと園旧久場家住宅主屋,オキナワシリツフルサトエンキュウクバケジュウタクオモヤ,ふるさと園主屋,,登録有形文化財,建造物,,沖縄県沖縄市胡屋5－7ｰ1,,26.3279,127.804264,,,,,,管理者：沖縄市,2011-07-25,,,,,,,,,,,,
29,472115,29,沖縄県,沖縄市,沖縄市立ふるさと園旧久場家住宅ヒンプン,オキナワシリツフルサトエンキュウクバケジュウタクヒンプン,ふるさと園ヒンプン,,登録有形文化財,建造物,,沖縄県沖縄市胡屋5－7ｰ1,,26.32779,127.804223,,,,,,管理者：沖縄市,2011-07-25,,,,,,,,,,,,
30,472115,30,沖縄県,沖縄市,沖縄市立ふるさと園旧平田家マチフール,オキナワシリツフルサトエンキュウクバケジュウタクマチフール,ふるさと園マチフール,,登録有形文化財,建造物,,沖縄県沖縄市胡屋5－7ｰ1,,26.327951,127.804147,,,,,,管理者：沖縄市,2011-07-25,,,,,,,,,,,,
31,472115,31,沖縄県,沖縄市,美里村屋,ンザトゥムラヤー,美里村屋,,登録有形文化財,建造物,,沖縄県沖縄市美里3-355,,26.346192,127.814381,,,,,,管理者：美里自治会,2014-04-25,,,,,,,,,,,,
1,473138,,沖縄県,宜野座村,松田鍾乳洞,マツダショウニュウドウ,,,,その他,,沖縄県宜野座村松田,,26.29397,127.59345,,,,,,,,,,,,,,,,自然,,,
2,473138,,沖縄県,宜野座村,メーガー遺跡,メーガーイセキ,,,,その他,,沖縄県宜野座村松田,,26.29397,127.59353,,,,,,,,,,,,,,,,遺跡,,,
3,473138,,沖縄県,宜野座村,前原遺跡,メーバルイセキ,,,,その他,,沖縄県宜野座村松田,,26.28524,127.5926,,,,,,,,,,,,,,,,遺跡,,,
4,473138,,沖縄県,宜野座村,前原貝塚,メーバルカイヅカ,,,,その他,,沖縄県宜野座村松田,松田小字前,26.4829,127.9887,,,,,,,,,,,,,,,,遺跡,,,
5,473138,,沖縄県,宜野座村,後ヌ御嶽（クシヌ御嶽）,クシヌミタケ,,,,その他,,沖縄県宜野座村松田1007,,26.292902,127.594286,,,,,,,,,,,,,,,,御嶽,,,
6,473138,,沖縄県,宜野座村,前ヌ御嶽（メーヌ御嶽）,メーヌミタケ,,,,その他,,沖縄県宜野座村松田2567,,26.291909,127.592443,,,,,,,,,,,,,,,,御嶽,,,
7,473138,,沖縄県,宜野座村,ブルシ御嶽,ブルシミタケ,,,,その他,,沖縄県宜野座村松田,,,,,,,,,,,,,,,,,,,御嶽,,,
8,473138,,沖縄県,宜野座村,松田の十五夜アシビ,マツダノジュウゴヤアシビ,,,村指定重要文化財,芸能,,沖縄県宜野座村宜野座427,,26.498165,127.971642,,,,,,,1995-03-24,,,,,,,,,伝統行事,,,
9,473138,,沖縄県,宜野座村,組踊『本部大主』,クミオドリ『モトブウフヌシ』,,,,芸能,,沖縄県宜野座村,,,,,,,,,,,,,,,,,,,伝統芸能,,,
10,473138,,沖縄県,宜野座村,松田の馬場及び松並木,マツダノババオヨビマツナミキ,,,村指定重要文化財,その他,,沖縄県宜野座村松田601,他,26.504902,127.984398,,,,,,,1984-02-27,,,,,,,,,史跡,,,
11,473138,,沖縄県,宜野座村,宜野座ヌ古島遺跡（大川グシク跡）,ギノザヌフルジマイセキ（ウフガーグシクアト）,,,,その他,,沖縄県宜野座村宜野座90-2,,26.498165,127.971642,,,,,,,,,,,,,,,,遺跡,,,
12,473138,,沖縄県,宜野座村,宜野座ヌル殿内（ノロ殿内の拝所）,ギノザヌルドゥンチ（ノロドゥンチノハイショ）,,,,建造物,,沖縄県宜野座村宜野座90,,26.498165,127.971642,,,,,,,,,,,,,,,,拝所,,,
13,473138,,沖縄県,宜野座村,宜野座ヌ御願（ウフ嶽）,ギノザヌオガミ（ウフダケ）,,,,その他,,沖縄県宜野座村宜野座,,,,,,,,,,,,,,,,,,,御嶽,,,
14,473138,,沖縄県,宜野座村,ナートゥヤー,ナートゥヤー,,,,その他,,沖縄県宜野座村宜野座,,,,,,,,,,,,,,,,,,,御嶽,,,
15,473138,,沖縄県,宜野座村,宜野座の八月あしび（字宜野座の十五夜アシビ）,ギノザノハチグワチアシビ（アザギノザノジュウゴヤアシビ）,,,記録作成等の措置を講ずべき無形文化財,芸能,,沖縄県宜野座村宜野座,,26.498165,127.971642,,,,,,,2005-02-21,,,,,,,,,伝統行事,,,
16,473138,,沖縄県,宜野座村,宜野座の京太郎,ギノザノチョンダラー,,,県指定重要無形文化財,芸能,,沖縄県宜野座村宜野座,,,,,,,,,,1985-10-08,,,,,,,,,伝統芸能,,,
17,473138,,沖縄県,宜野座村,惣慶のお宮（惣慶のウガン）,ソケイノオミヤ（ソケイノウガン）,,,,建造物,,沖縄県宜野座村惣慶,,26.477028,127.974111,,,,,,,,,,,,,,,,拝所,,,
18,473138,,沖縄県,宜野座村,惣慶のイシガントウ（3か所）,ソケイノイシガントウ（3カショ）,,,,その他,,沖縄県宜野座村惣慶,,26.28408,127.58319,,,,,,,,,,,,,,,,民俗,,,
19,473138,,沖縄県,宜野座村,シマカンカー,シマカンカー,,,,芸能,,沖縄県宜野座村惣慶,,,,,,,,,,,,,,,,,,,伝統行事,,,
20,473138,,沖縄県,宜野座村,惣慶のミジタヤー,ソケイノミジタヤー,,,村指定重要文化財,芸能,,沖縄県宜野座村惣慶1585,,26.490911,127.960503,,,,,,,1996-03-29,,,,,,,,,伝統芸能,,,
21,473138,,沖縄県,宜野座村,福山のお宮,フクヤマノオミヤ,,,,建造物,,沖縄県宜野座村惣慶,,,,,,,,,,,,,,,,,,,拝所,,,
22,473138,,沖縄県,宜野座村,漢那ウェーヌアタイ（通称：ヨリアゲの森公園）,カンナウェーヌアタイ（ツウショウ：ヨリアゲノモリコウエン）,,,,その他,,沖縄県宜野座村漢那,,26.28359,127.57409,,,,,,,,,,,,,,,,自然,,,
23,473138,,沖縄県,宜野座村,漢那ウェーヌアタイ遺跡,カンナウェーヌアタイイセキ,,,,その他,,沖縄県宜野座村漢那,,26.28359,127.57409,,,,,,,,,,,,,,,,遺跡,,,
24,473138,,沖縄県,宜野座村,漢那のお宮（ユウアギモー）,カンナノオミヤ（ユウアギモー）,,,,建造物,,沖縄県宜野座村漢那1703－4,,26.488623,127.944199,,,,,,,,,,,,,,,,拝所,,,
25,473138,,沖縄県,宜野座村,漢那ヌンドゥルチ（ノロ殿内）,カンナヌンドゥルチ（ノロドゥンチ）,,,,建造物,,沖縄県宜野座村漢那5,,26.2836,127.57361,,,,,,,,,,,,,,,,拝所,,,
26,473138,,沖縄県,宜野座村,漢那の豊年祭,カンナノオウネンサイ,,,,芸能,,沖縄県宜野座村漢那,,,,,,,,,,,,,,,,,,,伝統行事,,,
27,473138,,沖縄県,宜野座村,城原トゥールガマ遺跡,シロハラトゥールガマイセキ,,,,その他,,沖縄県宜野座村城原,,,,,,,,,,,,,,,,,,,遺跡,,,
28,473138,,沖縄県,宜野座村,城原のお宮,シロハラノオミヤ,,,,建造物,,沖縄県宜野座村城原,,,,,,,,,,,,,,,,,,,拝所,,,
1,472051,1,沖縄県,宜野湾市,喜友名泉,チュンナーガー,,,重要文化財,建造物,,沖縄県宜野湾市字喜友名西原1607,,26.28788,127.76049,,,1,郭,,,,,,,,,,,,,,,
2,472051,2,沖縄県,宜野湾市,大山貝塚,オオヤマカイヅカ,,,史跡,建造物,,沖縄県宜野湾市大山2-2717-3,他周辺,26.27346,127.74502,,,,,,,,,,,,,,,,,,,
3,472051,3,沖縄県,宜野湾市,小禄墓,オロクバカ,,,県指定有形文化財,建造物,,沖縄県宜野湾市字嘉数1006,,26.26001,127.73806,,,1,基,,,,,,,,,,,,,,,
4,472051,4,沖縄県,宜野湾市,宜野湾市森の川,ギノワンシモリノカワ,,,県指定名勝,その他,,沖縄県宜野湾市真志喜1-24,,26.2711,127.74136,,,,,,,,,,,,,,,,,,,
5,472051,5,沖縄県,宜野湾市,我如古ヒージャーガー,ガニクヒージャーガー,,,市指定有形民俗文化財,建造物,,沖縄県宜野湾市我如古1-51,,26.25895,127.75354,,,,,,,,,,,,,,,,,,,
6,472051,6,沖縄県,宜野湾市,大謝名の獅子舞,オオジャナノシシマイ,,,市指定無形民俗文化財,芸能,,沖縄県宜野湾市大謝名5-10-1,,26.26688,127.73373,,,,,,,,,,,,,,,,,,,
7,472051,7,沖縄県,宜野湾市,普天間の獅子舞,フテンマノシシマイ,,,市指定無形民俗文化財,芸能,,沖縄県宜野湾市普天間1-32-24,(獅子保管場所),26.29296,127.77976,,,,,,,,,,,,,,,,,,,
8,472051,8,沖縄県,宜野湾市,喜友名の石獅子群(メートーヤマの前),キユナノイシジシグン(メートーヤマノマエ),,,市指定有形民俗文化財,建造物,,沖縄県宜野湾市喜友名1-3-5,他周辺,26.28657,127.76082,,,1,基,,,,,,,,,,,,,,,
9,472051,9,沖縄県,宜野湾市,喜友名の石獅子群（ナカムトゥの前）,キユナノイシジシグン（ナカムトゥノマエ）,,,市指定有形民俗文化財,建造物,,沖縄県宜野湾市喜友名1-3-5,他周辺,26.28472,127.76033,,,1,基,,,,,,,,,,,,,,,
10,472051,10,沖縄県,宜野湾市,喜友名の石獅子群（メントーの前）,キユナノイシジシグン（メントーノマエ）,,,市指定有形民俗文化財,建造物,,沖縄県宜野湾市喜友名1-3-5,他周辺,26.28334,127.76125,,,1,基,,,,,,,,,,,,,,,
11,472051,11,沖縄県,宜野湾市,喜友名の石獅子群（メーマシチの前）,キユナノイシジシグン（メーマシチノマエ）,,,市指定有形民俗文化財,建造物,,沖縄県宜野湾市喜友名1-3-5,他周辺,26.28353,127.76221,,,1,基,,,,,,,,,,,,,,,
12,472051,12,沖縄県,宜野湾市,喜友名の石獅子群（イリーグヮーの前）,キユナノイシジシグン（イリーグヮーノマエ）,,,市指定有形民俗文化財,建造物,,沖縄県宜野湾市喜友名1-3-5,他周辺,26.28436,127.76347,,,1,基,,,,,,,,,,,,,,,
13,472051,13,沖縄県,宜野湾市,喜友名の石獅子群（クラニーグヮーの前）,キユナノイシジシグン（クラニーグヮーノマエ）,,,市指定有形民俗文化財,建造物,,沖縄県宜野湾市喜友名1-3-5,他周辺,26.28443,127.76277,,,1,基,,,,,,,,,,,,,,,
14,472051,14,沖縄県,宜野湾市,喜友名の石獅子群（トゥクイリグヮーの前）,キユナノイシジシグン（トゥクイリグヮーノマエ）,,,市指定有形民俗文化財,建造物,,沖縄県宜野湾市喜友名1-3-5,他周辺,26.28656,127.7643,,,1,基,,,,,,,,,,,,,,,
15,472051,15,沖縄県,宜野湾市,野嵩石畳道,ノダケイシダタミミチ,,,市指定史跡,建造物,,沖縄県宜野湾市字野嵩安里畠原地内,,26.28753,127.78698,,,,,,,,,,,,,,,,,,,
16,472051,16,沖縄県,宜野湾市,大山御嶽碑,オオヤマウタキヒ,,,市指定史跡,建造物,,沖縄県宜野湾市大山2-24,,26.27426,127.74311,,,,,,,,,,,,,,,,,,,
17,472051,17,沖縄県,宜野湾市,野嵩クシヌカー,ノダケクシヌカー,,,市指定史跡,建造物,,沖縄県宜野湾市野嵩3-20,,26.28656,127.7823,,,,,,,,,,,,,,,,,,,
18,472051,18,沖縄県,宜野湾市,伊佐浜「新造佐阿天橋碑」,イサハマシンゾウサアテンハシヒ,,,市指定史跡,建造物,,沖縄県宜野湾市字伊佐,後原地内(里道),26.29222,127.7581,,,,,,,,,,,,,,,,,,,
19,472051,19,沖縄県,宜野湾市,伊佐「たけたう原」銘の印部土手,イサタケタウバルメイノシルビドテ,,,市指定史跡,建造物,,沖縄県宜野湾市喜友名2-8,,26.28455,127.75805,,,,,,,,,,,,,,,,,,,
20,472051,20,沖縄県,宜野湾市,西森碑記,ニシモリヒキ,,,市指定史跡,建造物,,沖縄県宜野湾市真志喜1-24,,26.27126,127.74179,,,,,,,,,,,,,,,,,,,
21,472051,21,沖縄県,宜野湾市,我如古スンサーミー,ガニクスンサーミー,,,市指定無形民俗文化財,芸能,,沖縄県宜野湾市我如古1-36-12,,26.25875,127.7537,,,,,,,,,,,,,,,,,,,
22,472051,22,沖縄県,宜野湾市,大山マヤーガマ洞穴遺跡,オオヤママヤーガマドウケツイセキ,,,市指定史跡,建造物,,沖縄県宜野湾市大山1-18,,26.2774,127.74796,,,,,,,,,,,,,,,,,,,
23,472051,23,沖縄県,宜野湾市,本部御殿墓,モトブウドゥンバカ,,,市指定史跡,建造物,,沖縄県宜野湾市我如古2-963,,26.25203,127.75795,,,,,,,,,,,,,,,,,,,
24,472051,24,沖縄県,宜野湾市,神山・愛知ヌールガー,カミヤマアイチヌールガー,,,市指定有形民俗文化財,建造物,,沖縄県宜野湾市愛知1-9,,26.27217,127.76729,,,,,,,,,,,,,,,,,,,
25,472051,25,沖縄県,宜野湾市,字宜野湾の年中祭祀,アザギノワンノネンチュウサイシ,,,市指定無形民俗文化財,その他,,沖縄県宜野湾市宜野湾1-22ｰ24,,26.2649,127.76063,,,,,,,,,,,,,,,,,,,
26,472051,26,沖縄県,宜野湾市,大謝名メーヌカー,オオジャナメーヌカー,,,市指定史跡,建造物,,沖縄県宜野湾市大謝名5-11,,26.2659,127.73367,,,,,,,,,,,,,,,,,,,
27,472051,27,沖縄県,宜野湾市,普天満宮洞穴,フテンマグウドウケツ,,,市指定名勝,その他,,沖縄県宜野湾市普天間1-27,,26.29285,127.77723,,,,,,,,,,,,,,,,,,,
1,473022,41,沖縄県,大宜味村,喜如嘉の芭蕉布,キジョカノバショウフ,,,重要無形文化財,工芸技術,芭蕉布会館,沖縄県国頭郡大宜味村字喜如嘉454番地,,26.706048,128.144102,(0980)44-3033,,,,,喜如嘉の芭蕉布保存会,1974/4/20,,10:00,17:00,月火水木金土,,,,,,,http://www.vill.ogimi.okinawa.jp/village_bashofu/,
2,473022,42,沖縄県,大宜味村,塩屋湾のウンガミ,シオヤワンノウンガミ,,Shioya Bay Ungami Festival Aspects & Key Issues,重要有形民俗文化財,その他,塩屋湾,沖縄県国頭郡大宜味村字塩屋371番地2,,26.672522,128.10756,(0980)44-2878,,,,,,1997/12/15,,,,,,,,,,,,
3,473022,43,沖縄県,大宜味村,田港御獄の植物群落,タンナウタキノショクブツグンラク,,,重要文化財,その他,田港御願,,,26.670649,128.1227,(0980)44-3006,,,,,大宜味村,1974/5/15,,,,,,,,,,,,
4,473022,44,沖縄県,大宜味村,大宜味村役場旧庁舎,オオギミソンヤクバキュウチョウシャ,,,重要文化財,建造物,大宜味村役場旧庁舎,沖縄県国頭郡大宜味村字大兼久157番地2,,26.70214,128.120606,(0980)44-3006,,,,,大宜味村,2017/2/23,,,,,,,,,,,,
5,473022,45,沖縄県,大宜味村,喜如嘉板敷海岸の板干瀬,キジョカイタビシカイガンノイタビセ,,,県指定天然記念物,その他,喜如嘉海岸,,,26.70638,128.1367,(0980)44-3006,,,,,大宜味村,1974/2/22,,,,,,,,,,,,
6,473022,46,沖縄県,大宜味村,大宜味御嶽のビロウ群落,オオギミウタキノビロウグンラク,,,県指定天然記念物,その他,大宜味御嶽,沖縄県国頭郡大宜味村字大宜味413番地,,26.700657,128.119919,(0980)44-3006,,,,,大宜味村,1974/3/18,,,,,,,,,,,,
7,473022,47,沖縄県,大宜味村,大宜味村の猪垣,オオギミソンノヤマシシガキ,,,村指定史跡文化財,その他,イギミハキンゾー,沖縄県国頭郡大宜味村字押川340番地,,26.685001,128.133502,(0980)44-3006,,,,,大宜味村,2005/10/1,,,,,,,,,,,,
8,473022,48,沖縄県,大宜味村,塩屋ウフンチャのハスノハギリ,シオヤウフンチャノハスノハギリ,,,村指定天然記念物,その他,大山墓地,沖縄県国頭郡大宜味村字塩屋594番地,,26.670605,128.105779,(0980)44-2878,,,,,大土墓地組合,2007/3/1,,,,,,,,,,,,
9,473022,49,沖縄県,大宜味村,津波のビーチロック,ツハノビーチロック,,,村指定天然記念物,その他,大宜味村津波渡海,,,26.66354,128.09749,(0980)44-3006,,,,,大宜味村,2022/4/1,,,,,,,,,,,,
10,473022,50,沖縄県,大宜味村,國頭郡大宜味間切各村全圖及び字圖,クニガミグンオオギミマギリカクムラゼンズオヨビアザズ,,,村指定有形文化財,その他,大宜味村役場,沖縄県国頭郡大宜味村字大兼久157番地,,26.701623,128.120563,(0980)44-3006,,,,,大宜味村,2022/4/1,,,,,,,,,,,,
1,473561,,沖縄県,渡名喜村,渡名喜小中学校跡地の福木,トナキショウチュウガッコウアトチノフクギ,,,村指定重要文化財,その他,,沖縄県渡名喜村1935,,26.37211,127.141121,,,,,,,1992-03-29,,,,,,,,,,,,
2,473561,,沖縄県,渡名喜村,ヌーチュヌーガー御嶽,ヌーチュヌーガーミタケ,,,村指定重要文化財,その他,,沖縄県渡名喜村呼子4588,,26.360975,127.145576,,,,,,,1993-06-04,,,,,,,,,,,,
1,473243,,沖縄県,読谷村,道の駅喜名番所,ミチノエキキナバンショ,道の駅喜名番所,Kina Guardhouse roadside Station,村指定史跡,建造物,喜名番所跡,沖縄県読谷村喜名1-2,,26.3992941,127.7582399,098-958-2944,,,,,,1976-08-18,年末年始以外,9:00,18:00,【休館日】年末年始（12/29-1/3）,,,"喜名番所は、首里城から中頭・国頭地域に至る街道沿いに位置し、
1853年に来沖したペリー提督の調査隊一行も訪れています。",,"現在の建物は戦後60年を経た2005年、
当時の雰囲気を再現し、観光案内所として
整備されました。
また観光ガイドも常駐し、来館者の皆さまをお出迎えしています。",,https://www.dc.ogb.go.jp,
2,473243,,沖縄県,読谷村,長浜貝塚,ナガハマカイヅカ,長浜貝塚,Nagahama shell mound,村指定史跡,その他,長浜貝塚,沖縄県読谷村長浜,,26.41794,127.74137,,,,,,,1976-10-27,,,,,,,"発掘調査の結果、
今から約3500年前（縄文時代後期相当）の遺跡とわかっています。",,"この時期は、まだ農業がおこなわれず、
魚や貝などの海産物やイノシシなどの
野生動物、野山の木の実や植物を食する
狩猟採取生活を営んでいた。",,,長浜山釜原の東方向に位置する
3,473243,,沖縄県,読谷村,樋御墓,ティーウハカ,ティーウハカ,grave,村指定有形民俗文化財,その他,樋御墓,沖縄県読谷村長浜,長浜ダム近くの丘陸の急斜面に位置する,26.416286,127.738342,,,,,,,1976-10-27,,,,,,,"長浜ダム近くの急斜面にあり、ここに行くことは困難である。建築年代は定かではないが、古い形態の墓であると考えられている。
",,"墓の名称は取り付けられていたサンゴ石灰岩製の樋（ティー）に由来するのであろう。
現在、樋は崩れ落ちているが、岩肌をつたって落ちる水を受け、
墓内部に水が流れ込まないような作りに
なっていたようである。",,,別名：カサンジャー御墓
4,473243,,沖縄県,読谷村,チビチリガマ,チビチリガマ,洞窟,cave,村指定史跡,その他,チビチリガマ,沖縄県読谷村波平1153,,26.4066,127.72414,,,,,,,2008-02-07,常時見学可能,,,,,,"1945年、
沖縄戦における
集団自決が行われた場所である。",,この洞窟への避難者約140人のうち83人が肉親同士が殺しあうという「集団自決」で命を落とした。,,https://www.yomitan-kankou.jp,"チビチリガマは、遺族会の許可がない限り、
ガマの内部に立ち入ることは禁止されている。"
5,473243,,沖縄県,読谷村,掩体壕,エンタイゴウ,航空機格納庫,aircraft hangar,村指定史跡,建造物,掩体壕,沖縄県読谷村座喜味2901,,26.40104,127.74496,,,,,,,2009-01-22,常時見学可能,,,,,,掩体壕（えんたいごう）とは旧日本軍が戦闘飛行機を隠し、機体を守るために作られたセメント造りのシェルターです。,,"1943年に約10基が造られましたが、今では１基が残るのみです。
掩体壕はこの地が旧日本軍の飛行場があったことを伝える戦争遺跡として村指定遺跡となっています。",,,
6,473243,,沖縄県,読谷村,忠魂碑,チュウコンヒ,記念碑,monument,村指定史跡,その他,忠魂碑,沖縄県読谷村座喜味2901,,26.39985,127.74355,,,,,,,2009-01-22,常時見学可能,,,,,,明治維新以降の戦争や事変に出征して戦死した、地域出身の兵士達の天皇への忠義を讃えた記念碑である。,,,,,
7,473243,,沖縄県,読谷村,読谷山村道路元標,ヨミタンサンソンドウロモトヒョウ,石碑,stone monument,村指定有形文化財,その他,読谷村喜名道の駅喜名番所,沖縄県読谷村喜名1-2,,26.3992941,127.7582399,098-958-2944,,,,,,2010-03-26,常時見学可能,,,,,,道路元標とは、全国の各市町村に一つずつ設置されたもので、市町村における道路の基準点を示す標石です。,,,,,
8,473243,,沖縄県,読谷村,喜名観音堂,キナカンノンドウ,喜名観音堂,Kina Kannon-do,村指定有形民俗文化財,建造物,観音堂児童公園内,沖縄県読谷村喜名449-6,,26.40049,127.75572,,,,,,,2012-05-23,常時見学可能,,,,,,戦前から瓦葺きの堂宇があり四週の壁は石積みで中には千手観音像を祀っていた。,,,,,
9,473243,,沖縄県,読谷村,喜名士帝君,キナトューティークン,喜名トューティークン,,村指定有形民俗文化財,建造物,観音堂児童公園内,沖縄県読谷村喜名449-7,,26.40049,127.75572,,,,,,,2012-05-23,常時見学可能,,,,,,"観音堂の西隣にある小さな石造りの祠。
かつては、農業神として右肩に鍬をかつぎ、左手には黄金を持った陶器の象が祀られていた。",,,,,
10,473243,,沖縄県,読谷村,比謝橋碑文,ヒジャバシヒブン,石碑,stone monument,村指定有形文化財,その他,比謝橋碑文,沖縄県読谷村比謝矼,,26.370117,127.755692,,,,,,,2012-05-23,常時見学可能,,,,,,,,,,,
1,472018,1,沖縄県,那覇市,琉球国王尚家関係資料,リュウキュウコクオウショウケカンケイシリョウ,,,国宝,その他,那覇市歴史博物館,沖縄県那覇市久茂地1-1-1,パレットくもじ4階,26.21382,127.679459,098-869-5266,,,,,那覇市,2006-06-09,,,,,,,,,,,,
2,472018,2,沖縄県,那覇市,玉陵墓室石牆,タマウドゥンボシツセキショウ,,,国宝,建造物,,沖縄県那覇市首里金城町1-3,,26.217823,127.714882,,,,,,那覇市,2018-12-25,,,,,,,,,,,,
3,472018,3,沖縄県,那覇市,識名園,シキナエン,,,特別名勝,建造物,,沖縄県那覇市字真地421-1,他周辺,26.203968,127.716248,,,,,,那覇市,2000-03-30,,,,,,,,,,,,
4,472018,4,沖縄県,那覇市,円覚寺跡,エンカクジアト,,,史跡,建造物,,沖縄県那覇市首里当蔵町1-1,他周辺,26.219156,127.718552,,,,,,沖縄県、那覇市,1972-05-15,,,,,,,,,,,,
5,472018,5,沖縄県,那覇市,首里城跡,シュリジョウアト,,,史跡,建造物,,沖縄県那覇市首里当蔵町3-1-1,他周辺,26.216957,127.718552,,,,,,国、沖縄県,1972-05-15,,,,,,,,,,,,
6,472018,6,沖縄県,那覇市,末吉宮跡,スエヨシグウアト,,,史跡,建造物,,沖縄県那覇市首里末吉町1,,26.228001,127.714012,,,,,,個人,1972-05-15,,,,,,,,,,,,
7,472018,7,沖縄県,那覇市,玉陵,タマウドゥン,,,史跡,建造物,,沖縄県那覇市首里金城町1-3,,26.217823,127.714882,,,,,,沖縄県、那覇市,1972-05-15,,,,,,,,,,,,
8,472018,8,沖縄県,那覇市,玉陵,タマウドゥン,,,史跡,建造物,,沖縄県那覇市首里金城町3-1,,26.216034,127.715958,,,,,,沖縄県、那覇市,1972-05-15,,,,,,,,,,,,
9,472018,9,沖縄県,那覇市,銘苅墓跡群,メカルハカアトグン,,,史跡,建造物,,沖縄県那覇市銘苅2-10-1,,26.232897,127.69664,,,,,,那覇市,2007-07-26,,,,,,,,,,,,
10,472018,10,沖縄県,那覇市,銘苅墓跡群,メカルハカアトグン,,,史跡,建造物,,沖縄県那覇市銘苅2-3-1,,26.230642,127.698135,,,,,,那覇市,2007-07-26,,,,,,,,,,,,
11,472018,11,沖縄県,那覇市,弁之御嶽,ビンヌウタキ,,,史跡,建造物,,沖縄県那覇市首里鳥堀町4-121,他周辺,26.218437,127.730843,,,,,,那覇市,2018-10-15,,,,,,,,,,,,
12,472018,12,沖縄県,那覇市,伊江殿内庭園,イエドゥンチテイエン,,,名勝,建造物,,沖縄県那覇市首里当蔵町2-21-1,,26.220556,127.720825,,,,,,那覇市,1986-06-16,,,,,,,,,,,,
13,472018,13,沖縄県,那覇市,伊江御殿別邸庭園,イエウドゥンベッテイテイエン,,,名勝,建造物,,沖縄県那覇市首里石嶺町1-62-1,他周辺,26.226288,127.72332,,,,,,那覇市,2009-02-12,,,,,,,,,,,,
14,472018,14,沖縄県,那覇市,首里城書院・鎖之間庭園,シュリジョウショイン・サスノマテイエン,,,名勝,建造物,,沖縄県那覇市首里当蔵町3-1,他周辺,26.216957,127.718552,,,,,,国,2009-07-23,,,,,,,,,,,,
15,472018,15,沖縄県,那覇市,アマミクヌムイ（弁之御嶽）,アマミクヌムイ（ビンヌウタキ）,,,名勝,その他,,沖縄県那覇市首里鳥堀町4-121,他周辺,26.218437,127.730843,,,,,,那覇市,2018-10-15,,,,,,,,,,,,
16,472018,16,沖縄県,那覇市,識名園のｼﾏﾁｽｼﾞﾉﾘ発生地,シキナエンノシマチスジノリハッセイチ,,,天然記念物,その他,,沖縄県那覇市字真地421-1,,26.203968,127.716248,,,,,,那覇市,1972-05-15,,,,,,,,,,,,
17,472018,17,沖縄県,那覇市,識名園のｼﾏﾁｽｼﾞﾉﾘ発生地,シキナエンノシマチスジノリハッセイチ,,,天然記念物,その他,,沖縄県那覇市字真地421-7,,26.203968,127.716248,,,,,,那覇市,1972-05-15,,,,,,,,,,,,
18,472018,18,沖縄県,那覇市,首里金城の大アカギ,シュリキンジョウノオオアカギ,,,天然記念物,その他,,沖縄県那覇市首里金城町3-18,,26.215172,127.716881,,,,,,那覇市,1972-05-15,,,,,,,,,,,,
19,472018,19,沖縄県,那覇市,首里金城の大アカギ,シュリキンジョウノオオアカギ,,,天然記念物,その他,,沖縄県那覇市首里金城町3-20,,26.216034,127.715958,,,,,,那覇市,1972-05-15,,,,,,,,,,,,
20,472018,20,沖縄県,那覇市,新垣家住宅,アラカキケジュウタク,,,重要文化財,建造物,,沖縄県那覇市壺屋1-28-32,,26.21269,127.693344,,,,,,個人,2002-12-26,,,,,,,,,,,,
21,472018,21,沖縄県,那覇市,旧円覚寺放生橋,キュウエンカクジホウジョウバシ,,,重要文化財,建造物,,沖縄県那覇市首里当蔵町2-1,,26.218794,127.720161,,,,,,沖縄県,1972-05-15,,,,,,,,,,,,
22,472018,22,沖縄県,那覇市,天女橋,テンニョバシ,,,重要文化財,建造物,,沖縄県那覇市首里当蔵町1-2,,26.219156,127.718552,,,,,,沖縄県,1972-05-15,,,,,,,,,,,,
23,472018,23,沖縄県,那覇市,旧崇元寺第一門及び石牆,キュウソウゲンジダイイチモンオヨビセキショウ,,,重要文化財,建造物,,沖縄県那覇市泊1-9-1,,26.220848,127.690582,,,,,,那覇市,1972-05-15,,,,,,,,,,,,
24,472018,24,沖縄県,那覇市,園比屋武御嶽石門,ソノヒャンウタキイシモン,,,重要文化財,建造物,,沖縄県那覇市首里真和志町1-7,,26.219154,127.717072,,,,,,那覇市,1972-05-15,,,,,,,,,,,,
25,472018,25,沖縄県,那覇市,伊江御殿墓,イエウドゥンバカ,,,重要文化財,建造物,,沖縄県那覇市首里石嶺町1-62-4,他周辺,26.226288,127.72332,,,,,,個人,1999-12-01,,,,,,,,,,,,
26,472018,26,沖縄県,那覇市,銅鐘（旧首里城正殿鐘）,ドウショウ（キュウシュリジョウセイデンショウ）,,,登録有形文化財,美術工芸品,沖縄県立博物館・美術館,沖縄県那覇市おもろまち3-1-1,,26.227057,127.693695,098-941-8200,,,,,沖縄県,1978-06-15,,,,,,,,,,,,
38,472018,38,沖縄県,那覇市,琉球古典音楽,リュウキュウコテンオンガク,,,重要無形文化財,芸能,,沖縄県那覇市宇久原,,26.184452,127.66581,,,,,,中村　一雄,2019-10-25,,,,,,,,,,,,
27,472018,27,沖縄県,那覇市,梵鐘（旧円覚寺殿前鐘・殿中鐘・桜鐘）,ボンショウ（キュウエンカクジゼンショウ・デンチュウショウ・ロウショウ）,,,登録有形文化財,美術工芸品,沖縄県立博物館・美術館,沖縄県那覇市おもろまち3-1-1,,26.227057,127.693695,098-941-8200,,,,,沖縄県,1978-06-15,,,,,,,,,,,,
28,472018,28,沖縄県,那覇市,おもろさうし,オモロソウシ,,,登録有形文化財,美術工芸品,沖縄県立博物館・美術館,沖縄県那覇市おもろまち3-1-1,,26.227057,127.693695,098-941-8200,,,,,沖縄県,1973-06-06,,,,,,,,,,,,
29,472018,29,沖縄県,那覇市,混効験集,コンコウケンシュウ,,,登録有形文化財,美術工芸品,沖縄県立博物館・美術館,沖縄県那覇市おもろまち3-1-1,,26.227057,127.693695,098-941-8200,,,,,沖縄県,1973-06-06,,,,,,,,,,,,
30,472018,30,沖縄県,那覇市,田名家文書（附麻姓田名家家譜）,ダナケモンジョ（フマセイダナケカフ）,,,登録有形文化財,美術工芸品,沖縄県立博物館・美術館,沖縄県那覇市おもろまち3-1-1,,26.227057,127.693695,098-941-8200,,,,,個人蔵,1973-06-06,,,,,,,,,,,,
31,472018,31,沖縄県,那覇市,明孝宗勅諭琉球国中山王尚真宛,ミンコウソウチョクユリュウキュウコクチュウザンオウショウシンアテ,,,登録有形文化財,美術工芸品,沖縄県立博物館・美術館,沖縄県那覇市おもろまち3-1-1,,26.227057,127.693695,098-941-8200,,,,,沖縄県,1999-06-07,,,,,,,,,,,,
32,472018,32,沖縄県,那覇市,琉球芸術調査写真<鎌倉芳太郎撮影>,リュウキュウゲイジュツチョウサシャシン<カマクラヨシタロウサツエイ>,,,登録有形文化財,美術工芸品,沖縄県立芸術大学,沖縄県那覇市首里金城町3-6,,26.215172,127.716881,,,,,,沖縄県,2005-06-09,,,,,,,,,,,,
33,472018,33,沖縄県,那覇市,伊江御殿家資料,イエウドゥンケシリョウ,,,登録有形文化財,美術工芸品,那覇市歴史博物館,沖縄県那覇市久茂地1-1-1,パレットくもじ4階,26.21382,127.679459,098-869-5266,,,,,個人,2019-07-23,,,,,,,,,,,,
34,472018,34,沖縄県,那覇市,琉球国之図,リュウキュウコクノズ,,,登録有形文化財,美術工芸品,沖縄県立図書館,沖縄県那覇市泉崎2-20-1,A街区ビル　3F～5F　,26.209772,127.683029,098-894-5858,,,,,沖縄県,2016-08-17,,,,,,,,,,,,
35,472018,35,沖縄県,那覇市,間切図,マギリズ,,,登録有形文化財,美術工芸品,沖縄県立博物館・美術館,沖縄県那覇市おもろまち3-1-1,,26.227057,127.693695,098-941-8200,,,,,沖縄県,2016-08-17,,,,,,,,,,,,
36,472018,36,沖縄県,那覇市,琉球国時代石碑,リュウキュウコクジダイセキヒ,,,登録有形文化財,美術工芸品,沖縄県立博物館・美術館,沖縄県那覇市おもろまち3-1-1,,26.227057,127.693695,098-941-8200,,,,,沖縄県,2019-07-23,,,,,,,,,,,,
37,472018,37,沖縄県,那覇市,琉球古典音楽,リュウキュウコテンオンガク,,,重要無形文化財,芸能,,沖縄県那覇市東町,,26.212135,127.674004,,,,,,照喜名　朝一,2000-06-06,,,,,,,,,,,,
39,472018,39,沖縄県,那覇市,組踊音楽歌三線,クミオドリオンガクウタサンシン,,,重要無形文化財,芸能,,沖縄県那覇市仲井真,,26.194206,127.708344,,,,,,西江喜春,2011-09-05,,,,,,,,,,,,
40,472018,40,沖縄県,那覇市,組踊音楽歌三線,クミオドリオンガクウタサンシン,,,重要無形文化財,芸能,,沖縄県那覇市与儀,,26.202522,127.694633,,,,,,城間　德太郎,2005-08-30,,,,,,,,,,,,
41,472018,41,沖縄県,那覇市,組踊音楽太鼓,クミオドリオンガクタイコ,,,重要無形文化財,芸能,,沖縄県那覇市繁多川,,26.214005,127.711464,,,,,,比嘉　聰,2017-10-02,,,,,,,,,,,,
42,472018,42,沖縄県,那覇市,紅型,ビンガタ,,,重要無形文化財,工芸技術,,沖縄県那覇市首里山川町,,26.223549,127.711983,,,,,,玉那覇　有公,1996-05-10,,,,,,,,,,,,
43,472018,43,沖縄県,那覇市,首里の織物,シュリノオリモノ,,,重要無形文化財,工芸技術,,沖縄県那覇市首里汀良町,,26.220655,127.723732,,,,,,宮平　初子,1998-06-08,,,,,,,,,,,,
44,472018,44,沖縄県,那覇市,結髪（沖縄伝統芸能）,ケッパツ（オキナワデントウゲイノウ）,,,記録作成等の措置を講ずべき無形文化財,芸能,,沖縄県那覇市大道,,26.218866,127.69928,,,,,,古波藏　佐紀,2008-09-11,,,,,,,,,,,,
45,472018,45,沖縄県,那覇市,壺屋の荒焼,ツボヤノアラヤチ,,,記録作成等の措置を講ずべき無形文化財,工芸技術,沖縄陶器保存会,沖縄県那覇市,,26.212296,127.679214,,,,,,,1977-06-01,,,,,,,,,,,,
46,472018,46,沖縄県,那覇市,那覇安里のフェ－ヌシマ,ナハアサトノフェーヌシマ,,,記録作成等の措置を講ずべき無形文化財,芸能,,沖縄県那覇市字安里,,26.220181,127.696609,,,,,,那覇安里ﾌｪｰﾇｼﾏ保存会,1979-12-07,,,,,,,,,,,,
47,472018,47,沖縄県,那覇市,沖縄の綱引き,オキナワノツナヒキ,,,記録作成等の措置を講ずべき無形文化財,その他,,沖縄県那覇市,,26.212296,127.679214,,,,,,,1994-12-07,,,,,,,,,,,,
48,472018,48,沖縄県,那覇市,新垣家住宅主屋,アラカキケジュウタクオモヤ,,,登録有形文化財,建造物,,沖縄県那覇市首里末吉町2-124-2,,26.23065,127.71154,,,,,,個人所有,2007-07-31,,,,,,,,,,,,
49,472018,49,沖縄県,那覇市,新垣家住宅ヒンプン,アラカキケジュウヒンプン,,,登録有形文化財,建造物,,沖縄県那覇市首里末吉町2-124-2,,26.23065,127.71154,,,,,,個人所有,2007-07-31,,,,,,,,,,,,
50,472018,50,沖縄県,那覇市,新垣家住宅石垣,アラカキケジュウタクイシガキ,,,登録有形文化財,建造物,,沖縄県那覇市首里末吉町2-124-2,,26.23065,127.71154,,,,,,個人所有,2007-07-31,,,,,,,,,,,,
51,472018,51,沖縄県,那覇市,新垣家住宅フール,アラカキケジュウタクフール,,,登録有形文化財,建造物,,沖縄県那覇市首里末吉町2-124-2,,26.23065,127.71154,,,,,,個人所有,2007-07-31,,,,,,,,,,,,
52,472018,52,沖縄県,那覇市,新垣家住宅東池,アラカキケジュウタクヒガシイケ,,,登録有形文化財,建造物,,沖縄県那覇市首里末吉町2-124-2,,26.23065,127.71154,,,,,,個人所有,2007-07-31,,,,,,,,,,,,
53,472018,53,沖縄県,那覇市,新垣家住宅南池,アラカキケジュウタクミナミイケ,,,登録有形文化財,建造物,,沖縄県那覇市首里末吉町2-124-2,,26.23065,127.71154,,,,,,個人所有,2007-07-31,,,,,,,,,,,,
54,472018,54,沖縄県,那覇市,旧円覚寺総門,キュウエンカクジソウモン,,,県指定有形文化財,建造物,,沖縄県那覇市首里当蔵町2-1,,26.218794,127.720161,,,,,,沖縄県,1972-05-12,,,,,,,,,,,,
55,472018,55,沖縄県,那覇市,旧首里城守礼門,キュウシュリジョウシュレイモン,,,県指定有形文化財,建造物,,沖縄県那覇市首里当蔵町3,,26.217548,127.719429,,,,,,沖縄県,1972-05-12,,,,,,,,,,,,
56,472018,56,沖縄県,那覇市,末吉宮磴道,スエヨシグウトウドウ,,,県指定有形文化財,建造物,,沖縄県那覇市首里末吉町1,,26.228001,127.714012,,,,,,末吉宮,1956-02-22,,,,,,,,,,,,
57,472018,57,沖縄県,那覇市,龍淵橋,リュウエンキョウ,,,県指定有形文化財,建造物,,沖縄県那覇市首里当蔵町1-2,,26.219156,127.718552,,,,,,那覇市,1959-01-29,,,,,,,,,,,,
58,472018,58,沖縄県,那覇市,ヒジ川橋及び取付道路,ヒジガワバシオヨビトリツケドウロ,,,県指定有形文化財,建造物,,沖縄県那覇市字真地,,26.203259,127.71991,,,,,,沖縄県,1959-12-16,,,,,,,,,,,,
59,472018,59,沖縄県,那覇市,壺屋荒焼のぼり窯附石牆,ツボヤノアラヤチノボリガマフセキショウ,,,県指定有形文化財,建造物,,沖縄県那覇市壺屋1-86,,26.21303,127.69162,,,,,,沖縄陶器（株）,1973-03-19,,,,,,,,,,,,
60,472018,60,沖縄県,那覇市,自了筆白沢之図,ジリョウヒツハクタクノズ,,,県指定有形文化財,美術工芸品,首里城公園管理ｾﾝﾀｰ,沖縄県那覇市首里金城町1-2,,26.217823,127.714882,,,,,,一般財団法人沖縄美ら島財団,1958-01-17,,,,,,,,,,,,
61,472018,61,沖縄県,那覇市,絹本着色花鳥図（殷元良筆）,ケンポンチャクショクカチョウズ（インゲンリョウヒツ）,,,県指定有形文化財,美術工芸品,沖縄県立博物館・美術館,沖縄県那覇市おもろまち3-1-1,,26.227057,127.693695,098-941-8200,,,,,沖縄県,1979-04-09,,,,,,,,,,,,
62,472018,62,沖縄県,那覇市,紙本着色雪中雉子の図（殷元良筆）,シホンチャクショクセッチュウキジノズ（インゲンリョウヒツ）,,,県指定有形文化財,美術工芸品,沖縄県立博物館・美術館,沖縄県那覇市おもろまち3-1-1,,26.227057,127.693695,098-941-8200,,,,,沖縄県,1979-04-09,,,,,,,,,,,,
63,472018,63,沖縄県,那覇市,紙本着色奉使琉球図,シホンチャクショクホウシリュウキュウズ,,,県指定有形文化財,美術工芸品,沖縄県立博物館・美術館,沖縄県那覇市おもろまち3-1-1,,26.227057,127.693695,098-941-8200,,,,,沖縄県,1982-03-04,,,,,,,,,,,,
64,472018,64,沖縄県,那覇市,紙本墨画竹の図（殷元良筆）,シホンボクガタケノズ（インゲンリョウヒツ）,,,県指定有形文化財,美術工芸品,沖縄県立博物館・美術館,沖縄県那覇市おもろまち3-1-1,,26.227057,127.693695,098-941-8200,,,,,沖縄県,1982-03-04,,,,,,,,,,,,
65,472018,65,沖縄県,那覇市,紙本着色冊封使行列図,シホンチャクショクサッポウシギョウレツズ,,,県指定有形文化財,美術工芸品,沖縄県立博物館・美術館,沖縄県那覇市おもろまち3-1-1,,26.227057,127.693695,098-941-8200,,,,,沖縄県,2003-07-11,,,,,,,,,,,,
66,472018,66,沖縄県,那覇市,神猫図（山口宗季筆）,シンビョウズ（ヤマグチソウキヒツ）,,,県指定有形文化財,美術工芸品,那覇市歴史博物館,沖縄県那覇市久茂地1-1-1,パレットくもじ4階,26.21382,127.679459,098-869-5266,,,,,那覇市,2006-09-12,,,,,,,,,,,,
67,472018,67,沖縄県,那覇市,崇元寺下馬碑,ソウゲンジゲバヒ,,,県指定有形文化財,美術工芸品,,沖縄県那覇市泊1-9-1,,26.220848,127.690582,,,,,,那覇市,1955-01-25,,,,,,,,,,,,
68,472018,68,沖縄県,那覇市,円覚寺放生池石橋勾欄,エンカクジホウジョウチイシバシコウラン,,,県指定有形文化財,美術工芸品,,沖縄県那覇市首里当蔵町2-1,,26.218794,127.720161,,,,,,沖縄県,1956-12-14,,,,,,,,,,,,
69,472018,69,沖縄県,那覇市,玉陵石彫獅子,タマウドゥンセキチョウジシ,,,県指定有形文化財,美術工芸品,,沖縄県那覇市首里金城町1-3,,26.217823,127.714882,,,,,,那覇市,1956-12-14,,,,,,,,,,,,
70,472018,70,沖縄県,那覇市,木彫円覚寺白象並びに趣意書木札,モクチョウエンカクジビャクゾウナラビニシュイショキフダ,,,県指定有形文化財,美術工芸品,沖縄県立博物館・美術館,沖縄県那覇市おもろまち3-1-1,,26.227057,127.693695,098-941-8200,,,,,沖縄県,1956-12-14,,,,,,,,,,,,
71,472018,71,沖縄県,那覇市,世持橋勾欄羽目,ヨモチバシコウランハメ,,,県指定有形文化財,美術工芸品,沖縄県立博物館・美術館,沖縄県那覇市おもろまち3-1-1,,26.227057,127.693695,098-941-8200,,,,,沖縄県,1956-12-14,,,,,,,,,,,,
72,472018,72,沖縄県,那覇市,玉陵碑,タマウドゥンヒ,,,県指定有形文化財,美術工芸品,,沖縄県那覇市首里金城町1-3,,26.217823,127.714882,,,,,,那覇市,1959-01-29,,,,,,,,,,,,
73,472018,73,沖縄県,那覇市,旧円覚寺関係木彫資料,キュウエンカクジカンケイモクチョウシリョウ,,,県指定有形文化財,美術工芸品,沖縄県立博物館・美術館,沖縄県那覇市おもろまち3-1-1,,26.227057,127.693695,098-941-8200,,,,,沖縄県,2003-07-11,,,,,,,,,,,,
74,472018,74,沖縄県,那覇市,聞得大君御殿雲龍黄金簪,キコエオオキミウドゥンウンリュウオウゴンカンザシ,,,県指定有形文化財,美術工芸品,沖縄県立博物館・美術館,沖縄県那覇市おもろまち3-1-1,,26.227057,127.693695,098-941-8200,,,,,沖縄県,1956-12-14,,,,,,,,,,,,
75,472018,75,沖縄県,那覇市,銅鐘（旧一品権現鐘）,ドウショウ（キュウイッポンゴンゲンショウ）,,,県指定有形文化財,美術工芸品,沖縄県立博物館・美術館,沖縄県那覇市おもろまち3-1-1,,26.227057,127.693695,098-941-8200,,,,,沖縄県,1985-06-18,,,,,,,,,,,,
76,472018,76,沖縄県,那覇市,銅鐘（旧天尊殿鐘）,ドウショウ（キュウテンソンデンショウ）,,,県指定有形文化財,美術工芸品,沖縄県立博物館・美術館,沖縄県那覇市おもろまち3-1-1,,26.227057,127.693695,098-941-8200,,,,,沖縄県,1985-06-18,,,,,,,,,,,,
77,472018,77,沖縄県,那覇市,銅鐘（旧天妃宮鐘）,ドウショウ（キュウテンピグウショウ）,,,県指定有形文化財,美術工芸品,沖縄県立博物館・美術館,沖縄県那覇市おもろまち3-1-1,,26.227057,127.693695,098-941-8200,,,,,沖縄県,1985-06-18,,,,,,,,,,,,
78,472018,78,沖縄県,那覇市,梵鐘（旧天竜精舎鐘）,ボンショウ（キュウテンリュウショウシャショウ）,,,県指定有形文化財,美術工芸品,沖縄県立博物館・美術館,沖縄県那覇市おもろまち3-1-1,,26.227057,127.693695,098-941-8200,,,,,沖縄県,1985-06-18,,,,,,,,,,,,
79,472018,79,沖縄県,那覇市,梵鐘（旧普門禅寺鐘）,ボンショウ（キュウフモンゼンジショウ）,,,県指定有形文化財,美術工芸品,沖縄県立博物館・美術館,沖縄県那覇市おもろまち3-1-1,,26.227057,127.693695,098-941-8200,,,,,沖縄県,1985-06-18,,,,,,,,,,,,
80,472018,80,沖縄県,那覇市,梵鐘（旧霊応寺鐘）,ボンショウ（キュウレイオウジショウ）,,,県指定有形文化財,美術工芸品,沖縄県立博物館・美術館,沖縄県那覇市おもろまち3-1-1,,26.227057,127.693695,098-941-8200,,,,,沖縄県,1985-06-18,,,,,,,,,,,,
81,472018,81,沖縄県,那覇市,梵鐘（旧大安禅寺鐘）,ボンショウ（キュウタイアゼンジショウ）,,,県指定有形文化財,美術工芸品,沖縄県立博物館・美術館,沖縄県那覇市おもろまち3-1-1,,26.227057,127.693695,098-941-8200,,,,,沖縄県,1988-01-12,,,,,,,,,,,,
82,472018,82,沖縄県,那覇市,梵鐘（旧永福寺鐘）,ボンショウ（キュウエイフクジショウ）,,,県指定有形文化財,美術工芸品,沖縄県立博物館・美術館,沖縄県那覇市おもろまち3-1-1,,26.227057,127.693695,098-941-8200,,,,,沖縄県,1990-02-06,,,,,,,,,,,,
83,472018,83,沖縄県,那覇市,黒塗堆錦山水絵大文庫,クロヌリツイキンサンスイエダイブンコ,,,県指定有形文化財,美術工芸品,沖縄県立博物館・美術館,沖縄県那覇市おもろまち3-1-1,,26.227057,127.693695,098-941-8200,,,,,沖縄県,1956-12-14,,,,,,,,,,,,
84,472018,84,沖縄県,那覇市,黒塗螺鈿雲龍文内金箔蓋付椀,クロヌリラデンウンリュウモンウチキンパクフタツキワン,,,県指定有形文化財,美術工芸品,沖縄県立博物館・美術館,沖縄県那覇市おもろまち3-1-1,,26.227057,127.693695,098-941-8200,,,,,沖縄県,1956-12-14,,,,,,,,,,,,
85,472018,85,沖縄県,那覇市,黒塗螺鈿遊雁絵大文庫,クロヌリラデンユウガンエダイブンコ,,,県指定有形文化財,美術工芸品,沖縄県立博物館・美術館,沖縄県那覇市おもろまち3-1-1,,26.227057,127.693695,098-941-8200,,,,,沖縄県,1956-12-14,,,,,,,,,,,,
86,472018,86,沖縄県,那覇市,黒漆薔薇堆錦軸盆,クロウルシバラツイキンジクボン,,,県指定有形文化財,美術工芸品,沖縄県立博物館・美術館,沖縄県那覇市おもろまち3-1-1,,26.227057,127.693695,098-941-8200,,,,,沖縄県,1990-02-06,,,,,,,,,,,,
87,472018,87,沖縄県,那覇市,黒漆山水楼閣人物螺鈿机,クロウルシサンスイロウカクジンブツラデンツクエ,,,県指定有形文化財,美術工芸品,沖縄県立博物館・美術館,沖縄県那覇市おもろまち3-1-1,,26.227057,127.693695,098-941-8200,,,,,沖縄県,1990-02-06,,,,,,,,,,,,
88,472018,88,沖縄県,那覇市,朱漆山水楼閣人物箔絵丸型東道盆,シュウルシサンスイロウカクジンブツハクエマルガタトゥンダーブン,,,県指定有形文化財,美術工芸品,沖縄県立博物館・美術館,沖縄県那覇市おもろまち3-1-1,,26.227057,127.693695,098-941-8200,,,,,沖縄県,1990-02-06,,,,,,,,,,,,
89,472018,89,沖縄県,那覇市,朱漆巴紋牡丹沈金大御供飯,シュウルシトモエモンボタンチンキンダイウクファン,,,県指定有形文化財,美術工芸品,沖縄県立博物館・美術館,沖縄県那覇市おもろまち3-1-1,,26.227057,127.693695,098-941-8200,,,,,沖縄県,1990-02-06,,,,,,,,,,,,
90,472018,90,沖縄県,那覇市,白密陀山水楼閣人物漆絵箔絵角盆,シロミツダサンスイロウカクジンブツハクエカクボン,,,県指定有形文化財,美術工芸品,沖縄県立博物館・美術館,沖縄県那覇市おもろまち3-1-1,,26.227057,127.693695,098-941-8200,,,,,沖縄県,1990-02-06,,,,,,,,,,,,
91,472018,91,沖縄県,那覇市,黒漆菊花鳥虫七宝繋沈金食籠,クロウルシキッカチョウチュウシッポウツナギチンキンジキロウ,,,県指定有形文化財,美術工芸品,首里城公園管理ｾﾝﾀｰ,沖縄県那覇市首里金城町1-2,,26.217823,127.714882,,,,,,一般財団法人沖縄美ら島財団,2006-09-12,,,,,,,,,,,,
92,472018,92,沖縄県,那覇市,黒漆牡丹七宝繋沈金食籠,クロウルシボタンシッポウツナギチンキンジキロウ,,,県指定有形文化財,美術工芸品,首里城公園管理ｾﾝﾀｰ,沖縄県那覇市首里金城町1-2,,26.217823,127.714882,,,,,,一般財団法人沖縄美ら島財団,2006-09-12,,,,,,,,,,,,
93,472018,93,沖縄県,那覇市,色象嵌栗絵菊花皿,イロゾウガンアワエキクカザラ,,,県指定有形文化財,美術工芸品,沖縄県立博物館・美術館,沖縄県那覇市おもろまち3-1-1,,26.227057,127.693695,098-941-8200,,,,,沖縄県,1979-09-03,,,,,,,,,,,,
94,472018,94,沖縄県,那覇市,枝梅竹紋赤絵椀,エダウメタケモンアカエワン,,,県指定有形文化財,美術工芸品,沖縄県立博物館・美術館,沖縄県那覇市おもろまち3-1-1,,26.227057,127.693695,098-941-8200,,,,,沖縄県,1979-09-03,,,,,,,,,,,,
95,472018,95,沖縄県,那覇市,線彫染付魚文皿,センボリソメツケギョモンザラ,,,県指定有形文化財,美術工芸品,沖縄県立博物館・美術館,沖縄県那覇市おもろまち3-1-1,,26.227057,127.693695,098-941-8200,,,,,沖縄県,1979-09-03,,,,,,,,,,,,
96,472018,96,沖縄県,那覇市,象嵌色差面取抱瓶,ゾウガンイロサシメントリダチビン,,,県指定有形文化財,美術工芸品,沖縄県立博物館・美術館,沖縄県那覇市おもろまち3-1-1,,26.227057,127.693695,098-941-8200,,,,,沖縄県,1979-09-03,,,,,,,,,,,,
97,472018,97,沖縄県,那覇市,三線志多伯開鐘,サンシンシタハクケージョウ,,,県指定有形文化財,美術工芸品,沖縄県立博物館・美術館,沖縄県那覇市おもろまち3-1-1,,26.227057,127.693695,098-941-8200,,,,,個人蔵,1955-05-23,,,,,,,,,,,,
98,472018,98,沖縄県,那覇市,三線湧川開鐘,サンシンワクガワケージョウ,,,県指定有形文化財,美術工芸品,,沖縄県那覇市首里当蔵町,,26.220133,127.72065,,,,,,個人蔵,1955-05-23,,,,,,,,,,,,
99,472018,99,沖縄県,那覇市,三線江戸与那,サンシンエドユナー,,,県指定有形文化財,美術工芸品,沖縄県立博物館・美術館,沖縄県那覇市おもろまち3-1-1,,26.227057,127.693695,098-941-8200,,,,,沖縄県,1956-12-14,,,,,,,,,,,,
100,472018,100,沖縄県,那覇市,三線南風原型（拝領）,サンシンハエバルガタ（ハイリョウ）,,,県指定有形文化財,美術工芸品,沖縄県立博物館・美術館,沖縄県那覇市おもろまち3-1-1,,26.227057,127.693695,098-941-8200,,,,,個人蔵,1958-08-15,,,,,,,,,,,,
1,472158,,沖縄県,南城市,仲村渠樋川,ナカンダカリヒージャー,,,重要文化財,その他,,沖縄県南城市玉城仲村渠70ｰ１,701-1一部・710・711ｰ２,26.147905,127.78849,,,1,郭,,,1995-06-27,,,,,,,,,,,,
2,472158,,沖縄県,南城市,沖縄県斎場御嶽出土品,オキナワケンセーファウタキシュツドヒン,,,重要文化財,美術工芸品,,沖縄県南城市佐敷新里1870,,26.167824,127.773163,,,562,箇,,,2001-06-22,,,,,,,,,,,,
3,472158,,沖縄県,南城市,斎場御嶽,セーファウタキ,,,史跡,建造物,,沖縄県南城市知念久手堅サヤハ原252,,26.170654,127.823814,,,,,,,1972-05-15,,,,,,,,,,,,
4,472158,,沖縄県,南城市,知念城跡,チネンジョウアト,,,史跡,建造物,,沖縄県南城市知念知念上知念田原,同クルク原,26.162497,127.814644,,,,,,,1972-05-15,,,,,,,,,,,,
5,472158,,沖縄県,南城市,糸数城跡,イトカズジョウアト,,,史跡,建造物,,沖縄県南城市玉城糸数竹之口原,同屋敷原,26.154463,127.765495,,,,,,,1972-05-15,,,,,,,,,,,,
6,472158,,沖縄県,南城市,玉城城跡,タマグスクジョウアト,,,史跡,建造物,,沖縄県南城市玉城玉城門原,同伊佐昆原,26.141863,127.782204,,,,,,,1987-08-21,,,,,,,,,,,,
7,472158,,沖縄県,南城市,島添大里城跡,シマシーオオザトジョウアト,,,史跡,建造物,,沖縄県南城市大里大里真手川原,,26.182674,127.757057,,,,,,,2012-01-24,,,,,,,,,,,,
8,472158,,沖縄県,南城市,佐敷城跡,サシキジョウアト,,,史跡,建造物,,沖縄県南城市佐敷佐敷島宜原,,26.165562,127.789841,,,,,,,2013-10-17,,,,,,,,,,,,
9,472158,,沖縄県,南城市,アマミクヌムイ①久高コハウ森（久高のフボー御嶽）,アマミクヌムイ　クダカコハウムイ（クダカノフボーウタキ）,,,名勝,その他,,沖縄県南城市知念久高久高原,,26.161999,127.893967,,,,,,,2015-06-19,,,,,,,,,,,,
10,472158,,沖縄県,南城市,アマミクヌムイ②斎場嶽（斎場御嶽）,アマミクヌムイ　セーファタキ（セーファウタキ）,,,名勝,その他,,沖縄県南城市知念久手堅サヤハ原,同長堂原,26.170654,127.823814,,,,,,,2018-10-15,,,,,,,,,,,,
11,472158,,沖縄県,南城市,アマミクヌムイ③玉城アマツゝ（玉城グスク）,アマミクヌムイ　タマグスクアマツ（タマグスクグスク）,,,名勝,その他,,沖縄県南城市玉城玉城門原,同伊佐昆原,26.141863,127.782204,,,,,,,2019-10-16,,,,,,,,,,,,
12,472158,,沖縄県,南城市,久高島の海岸植物群落,クダカジマノカイガンショクブツグンラク,,,天然記念物,その他,,沖縄県南城市知念久高久高原,,26.161999,127.893967,,,,,,,2015-06-19,,,,,,,,,,,,
27,472158,,沖縄県,南城市,小谷の石畳道,オコクノイシダタミミチ,,,市指定重要有形民俗文化財,建造物,,沖縄県南城市佐敷小谷小谷原59,",60地先",26.173203,127.76561,,,,,,,1980-03-19,,,,,,,,,,,,
43,472158,,沖縄県,南城市,テダ御川,テダウッカー,,,史跡,その他,,沖縄県南城市知念知名1172,,26.18421,127.81617,,,,,,,1982-03-31,,,,,,,,,,,,
13,472158,,沖縄県,南城市,住宅主屋(旧喜屋武家、旧田場家、旧伊礼家、旧上里家）、住宅フール（旧知念家),ジュウタクオモヤ（キュウキャンケ､キュウタバケ、キュウイレイケ、キュウウエザトケ）、ジュウタクフール（キュウチネンケ）,,,登録有形文化財,建造物,,沖縄県南城市玉城前川1384他,おきなわワールド内,26.144705,127.749931,,,5,件,,,2008-05-07,,,,,,,,,,,,
14,472158,,沖縄県,南城市,久高島の漁撈習俗,クダカジマノギョロウシュウゾク,,,記録作成等の措置を講ずべき無形文化財,工芸技術,,沖縄県南城市知念久高,,26.161999,127.893967,,,,,,,1994-12-07,,,,,,,,,,,,
15,472158,,沖縄県,南城市,大城按司の墓,ウフグスクアンジノハカ,,,県指定重要文化財,建造物,,沖縄県南城市大里大城1405,,26.167183,127.7575,,,1,基,,,1961-06-15,,,,,,,,,,,,
16,472158,,沖縄県,南城市,知念城跡,チネンジョウアト,,,県指定重要文化財,建造物,,沖縄県南城市知念知念,,26.162497,127.814644,,,,,,,1962-06-07,,,,,,,,,,,,
17,472158,,沖縄県,南城市,佐敷ようどれ,サシキヨウドレ,,,県指定史跡,建造物,,沖縄県南城市佐敷佐敷仲上原,,26.165562,127.789841,,,,,,,1958-01-17,,,,,,,,,,,,
18,472158,,沖縄県,南城市,垣花城跡,カキノハナジョウアト,,,県指定史跡,建造物,,沖縄県南城市玉城垣花和名盤,,26.15114,127.792603,,,,,,,1961-06-15,,,,,,,,,,,,
19,472158,,沖縄県,南城市,ミントングスク,ミントングスク,,,県指定史跡,建造物,,沖縄県南城市玉城仲村渠後根,,26.147905,127.78849,,,,,,,1977-01-10,,,,,,,,,,,,
20,472158,,沖縄県,南城市,斎場御嶽,セーファウタキ,,,県指定名勝,その他,,沖縄県南城市知念久手堅サヤハ原,,26.170654,127.823814,,,,,,,1955-01-25,,,,,,,,,,,,
21,472158,,沖縄県,南城市,佐敷町冨祖崎海岸のハマジンチョウ群落,サシキチョウフソザキカイガンノハマジンチョウグンラク,,,県指定天然記念物,その他,,沖縄県南城市佐敷冨祖崎,,26.174837,127.794128,,,,,,,1961-06-15,,,,,,,,,,,,
22,472158,,沖縄県,南城市,チチンガー,チチンガー,,,市指定重要文化財,建造物,,沖縄県南城市大里大里577,,26.186756,127.760452,,,,,,,1990-03-15,,,,,,,,,,,,
23,472158,,沖縄県,南城市,焚字炉,フンジュルー,,,市指定重要文化財,建造物,,沖縄県南城市玉城百名104-1,,26.141132,127.790627,,,,,,,1994-02-23,,,,,,,,,,,,
24,472158,,沖縄県,南城市,島添大里按司の墓,シマシーオオザトアンジノハカ,,,市指定重要文化財,建造物,,沖縄県南城市大里大里660,,26.182674,127.757057,,,,,,,2004-05-25,,,,,,,,,,,,
25,472158,,沖縄県,南城市,喜屋武久殿,チャンクドゥン,,,市指定重要有形民俗文化財,建造物,,沖縄県南城市佐敷津波古見謝原2170-1,,26.182243,127.770821,,,,,,,1980-03-19,,,,,,,,,,,,
26,472158,,沖縄県,南城市,土帝君,トゥーテイクン,,,市指定重要有形民俗文化財,建造物,,沖縄県南城市佐敷新里澤川原153-1,,26.167824,127.773163,,,,,,,1980-03-19,,,,,,,,,,,,
28,472158,,沖縄県,南城市,上の井,ウイノカー,,,市指定重要有形民俗文化財,その他,,沖縄県南城市佐敷小谷小谷原69-1,,26.173203,127.76561,,,,,,,1980-03-19,,,,,,,,,,,,
29,472158,,沖縄県,南城市,中の井,ナカヌカー,,,市指定重要有形民俗文化財,その他,,沖縄県南城市佐敷小谷小谷原71,,26.173203,127.76561,,,,,,,1980-03-19,,,,,,,,,,,,
30,472158,,沖縄県,南城市,下茂の井,シムヌカー,,,市指定重要有形民俗文化財,その他,,沖縄県南城市佐敷小谷小谷原81-1,,26.173203,127.76561,,,,,,,1980-03-19,,,,,,,,,,,,
31,472158,,沖縄県,南城市,土帝君・仏像,トゥーテイクン・ブツゾウ,,,市指定重要有形民俗文化財,美術工芸品,,沖縄県南城市佐敷手登根手登根原1-1,,26.168901,127.804115,,,,,,,1983-03-07,,,,,,,,,,,,
32,472158,,沖縄県,南城市,美里井,ンザトゥガー,,,市指定重要有形民俗文化財,その他,,沖縄県南城市佐敷佐敷島之上原1142,,26.165562,127.789841,,,,,,,1983-03-07,,,,,,,,,,,,
33,472158,,沖縄県,南城市,知念のシーサー,チネンノシーサー,,,市指定重要有形民俗文化財,美術工芸品,,沖縄県南城市知念知念1127-5,,26.162497,127.814644,,,,,,,1983-03-18,,,,,,,,,,,,
34,472158,,沖縄県,南城市,具志堅のシーサー,グシケンノシーサー,,,市指定重要有形民俗文化財,美術工芸品,,沖縄県南城市知念具志堅228-1,,26.157539,127.808716,,,,,,,1983-03-28,,,,,,,,,,,,
35,472158,,沖縄県,南城市,食栄森御嶽,イイムイウタキ,,,市指定重要有形民俗文化財,その他,,沖縄県南城市大里大里794-1,,26.185816,127.756859,,,,,,,1993-02-02,,,,,,,,,,,,
36,472158,,沖縄県,南城市,南風原の石彫魔除獅子,ハエバルノセキチョウマヨケシシ,,,市指定重要有形民俗文化財,美術工芸品,,沖縄県南城市大里大里827-1,,26.182674,127.757057,,,,,,,1993-02-02,,,,,,,,,,,,
37,472158,,沖縄県,南城市,ヤハラヅカサ,ヤハラヅカサ　　　　　　　,,,市指定重要有形民俗文化財,その他,,沖縄県南城市玉城百名浦原,地先,26.139734,127.789192,,,,,,,1994-02-23,,,,,,,,,,,,
38,472158,,沖縄県,南城市,フッチャー石,フッチャーイシ,,,市指定重要有形民俗文化財,その他,,沖縄県南城市佐敷手登根前原512-1,,26.168901,127.804115,,,,,,,2002-03-04,,,,,,,,,,,,
39,472158,,沖縄県,南城市,浜川御嶽,ハマカワウタキ,,,史跡,建造物,,沖縄県南城市玉城百名伊佐良原717,,26.139734,127.789192,,,,,,,1977-07-21,,,,,,,,,,,,
40,472158,,沖縄県,南城市,受水走水,ウキンジュハインジュ,,,史跡,その他,,沖縄県南城市百名浦原1593,他４筆,26.144402,127.766922,,,,,,,1977-07-21,,,,,,,,,,,,
41,472158,,沖縄県,南城市,志喜屋グスク,シキヤグスク,,,史跡,建造物,,沖縄県南城市知念志喜屋505-6,,26.15188,127.79882,,,,,,,1982-03-31,,,,,,,,,,,,
42,472158,,沖縄県,南城市,神山の殿,カミヤマノトゥン,,,史跡,建造物,,沖縄県南城市知念知念449,,26.162497,127.814644,,,,,,,1982-03-31,,,,,,,,,,,,
44,472158,,沖縄県,南城市,つきしろの岩・井,ツキシロノイワ・カー,,,史跡,その他,,沖縄県南城市佐敷佐敷島宜原158,,26.165562,127.789841,,,,,,,1983-03-07,,,,,,,,,,,,
45,472158,,沖縄県,南城市,久高島クボー御嶽,クダカジマクボーウタキ,,,史跡,建造物,,沖縄県南城市知念久高434,,26.161999,127.893967,,,,,,,1986-03-01,,,,,,,,,,,,
46,472158,,沖縄県,南城市,カンチャ大川,カンチャウッカー,,,史跡,その他,,沖縄県南城市知念志喜屋559,,26.153685,127.799362,,,,,,,1988-10-01,,,,,,,,,,,,
47,472158,,沖縄県,南城市,大城城跡,ウフグスクシロアト,,,史跡,建造物,,沖縄県南城市大里大城951,他16筆,26.167183,127.7575,,,,,,,1993-02-02,,,,,,,,,,,,
48,472158,,沖縄県,南城市,船越グスク,フナコシグスク,,,史跡,建造物,,沖縄県南城市玉城船越338,,26.154322,127.75489,,,,,,,1994-02-23,,,,,,,,,,,,
49,472158,,沖縄県,南城市,知念按司の墓,チネンアンジノハカ,,,史跡,建造物,,沖縄県南城市知念知念1148-10,,26.162497,127.814644,,,,,,,1996-05-01,,,,,,,,,,,,
50,472158,,沖縄県,南城市,知名御川,チナウッカー,,,史跡,その他,,沖縄県南城市知念知名815,,26.18421,127.81617,,,,,,,1996-05-01,,,,,,,,,,,,
51,472158,,沖縄県,南城市,苗代大比屋の屋敷跡,ナーシルウフヤ,,,史跡,建造物,,沖縄県南城市佐敷佐敷島宜原86,,26.165562,127.789841,,,,,,,2002-03-04,,,,,,,,,,,,
52,472158,,沖縄県,南城市,具志堅の樋川,グシケンノカー,,,史跡,その他,,沖縄県南城市知念具志堅164-1,,26.157013,127.809311,,,,,,,2002-08-19,,,,,,,,,,,,
53,472158,,沖縄県,南城市,ウローカーの砲台跡,ウローカーノホウダイアト,,,史跡,その他,,沖縄県南城市知念久手堅255,,26.170654,127.823814,,,,,,,2018-04-24,,,,,,,,,,,,
54,472158,,沖縄県,南城市,前川民間防空壕,マエカワミンカンボウクウゴウ,,,史跡,建造物,,沖縄県南城市玉城前川306－3,他17筆等,26.144705,127.749931,,,,,,,2018-04-24,,,,,,,,,,,,
1,473570,40000001,沖縄県,南大東村,ダイトウオオコオモリ,ダイトウオオコオモリ,,,天然記念物,,,,,,,,,,,,,,,,,,,,,,,,,
2,473570,40000002,沖縄県,南大東村,南大東島東海岸植物群落,ミナミダイトウジマヒガシカイガンショクブツグンラク,,,天然記念物,,,沖縄県島尻郡南大東村字旧東436-1,,25.835281,131.265703,,,,,,,,,,,,,,,,,,,
3,473570,40000003,沖縄県,南大東村,大池のオヒルギ群落,オオイケノオヒルギグンラク,,,天然記念物,,,沖縄県島尻郡南大東村字北518,,25.858626,131.234892,,,,,,,,,,,,,,,,,,,
4,473570,40000004,沖縄県,南大東村,南大東島西港旧ボイラー小屋,ミナミダイトウジマニシコウキュウボイラーゴヤ,,,登録有形文化財,建造物,,沖縄県島尻郡南大東村字池之沢146,,25.842603,131.218059,,,,,,,,,,,,,,,,,,,
1,473502,473500401,沖縄県,南風原町,修宮城橋碑,シュウミヤグスクバシヒ,修宮城橋碑,Miyagusuku Bridge Commemoration Stone,町指定重要文化財,建造物,南風原町立南風原文化センター,沖縄県島尻郡南風原町喜屋武257,,26.187295,127.730469,(098)889-7399,,,,,,1990-06-27,,,,,,,国場川上流にかかる宮城橋近くに立っていた石碑。1728年、かつて東西にあった旧橋を廃棄し、その中間に新しく橋を築いたことが記されている。交通の要路として重要視された南風原を裏付ける文化財である。,,与那原から首里・識名方面に向かう県道40号線、国場川上流にかかる宮城橋近くに立っていた石碑。かつてここには西と東に二つの橋があったが破損が甚だしかった。そこで東西にある二つの旧橋を廃棄し、その中間に新しく橋を築いたのが1728年である。8月8日に起工し、10月31日に完成した。そのことが書いてあるのがこの「修宮城橋碑」である。都通事の蔡其棟が文を作り、秀才の陳昌言がこれを書いている。石碑は、大戦で破壊され現存するものは中央部分である。しかし『碑文記』の文章と比較すると加除のあとがみられ碑残欠には裏文もないことから、後代に再建されたものと考えられる。町内に現存する石碑として、かつて交通の要路として重要視された南風原を裏付ける歴史的に重要な文化財である。,,,
2,473502,473500402,沖縄県,南風原町,宇平橋碑,ウヒーバシヒ,宇平橋碑,Uhi Bridge Commemoration Stone,町指定重要文化財,建造物,南風原町立南風原文化センター,沖縄県島尻郡南風原町喜屋武257,,26.187295,127.730469,(098)889-7399,,,,,,1990-06-27,,,,,,,琉球王府が建てた橋の石碑としては5番目に古いもので、完全な形状で残っているものとしては最古の碑である。,,琉球王府が建てた橋の石碑としては5番目に古いものである。沖縄戦で台座は破壊され、石碑本体表面にも戦車んぼキャタピラの傷跡はあるものの割れずに完全な形状で残っているものとしては最古の碑である。当時の社会状況を知る貴重な文化財である。,,,
3,473502,473500403,沖縄県,南風原町,印部土手石,シルビドテイシ,印部土手石,Shirubi Field Boundary,町指定重要文化財,建造物,南風原町立南風原文化センター,沖縄県島尻郡南風原町喜屋武257,,26.187295,127.730469,(098)889-7399,,,,,,1990-06-27,,,,,,,印部土手石は、琉球王府時代から明治にかけて田畑を測量する基準点として設定されたもので、首里王府の農業政策の断面を知ることができる文化財である。南風原町からは4個発見されている。,,印部土手石は、琉球王府時代から明治にかけて、田畑を測量する基準点として設定され、各間切に約300個あったといわれている。現在沖縄では100個あまり発見されており、南風原町からは4個発見されている。『南風原村史』に印部土手石についての資料がある。「南風原間切農業取締法」の条項に首里王府の田畑奉行から、各村（現在の字）の掟に対して、「シルビ土手石や本田畑、山野・川沿いの宿道を左右、境土手は度々申し渡しておいた通り保護に念を入れるように下知」、その検分を間切役人に申しつけている。また、南風原間切番所から各村に、「印部土手石の崩れた所があったら、直径六尺の根張石で積廻しておくこと」と具体的に補修の仕方まで指示している。さらに「印部土手石の破れたところは一ヶ所につき、百貫文ずつ」と管理を怠った村に対して科銭（罰金）を課すという念の入れようだった。このように、印部土手石は首里王府の農業政策の断面を知る実物であり、文化財としての価値は大である。,,,
4,473502,473500404,沖縄県,南風原町,兼城の石獅子,カネグスクノイシジシ,兼城の石獅子,Stone Lion of Kanegusuku Village,町指定重要有形民俗文化財,建造物,,沖縄県島尻郡南風原町兼城190-1,,26.195578,127.728159,,,,,,,1990-06-27,,,,,,,南風原に4基ある村落石獅子のひとつ。上間（那覇市）へのケーシ（返し）であると伝えられ、上間が周辺の人々にとって恐れの対象になっていたことをうかがわせる。,,南風原に4基ある村落石獅子のひとつ。兼城にはかつてもう1基あったというが、現在は消失して1基だけが残る。当石獅子は、上間（那覇市）へのケーシ（返し）であると伝えられる。上間がその一帯の人々にとって恐れの対象になっていたことをうかがわせる。,,,
5,473502,473500405,沖縄県,南風原町,本部の石獅子,モトブノイシジシ,本部の石獅子,Stone Lione of Motobu Village,町指定重要有形民俗文化財,建造物,,沖縄県島尻郡南風原町本部145-7,,26.19088,127.72728,,,,,,,1990-06-27,,,,,,,本部集落の北の丘陵にあり、東風平のエージ（八重瀬）に向けられている。南部一帯には、八重瀬がヒーザン（火山）であるという考えがあり、フーチゲーシ（邪気返し）の目的で石獅子が作られたと伝えられている。,,集落の北の丘陵にあり、南南西の方に正面を向けている。本部にはかつて2基の村落石獅子があったが、1基は消失、1基が残存している。2基とも東風平のエージ（八重瀬）に向けられた点で共通している。八重瀬はシー（精）高い山であるという考えがあり、また本部集落は八重瀬と向かい合う形で立地していると考えられていたため、それへのフーチゲーシ（邪気返し）の目的で石獅子が作られたと伝えられている。八重瀬がヒーザン（火山）であるという考えは、南部一帯に流布している。なお、当石獅子は、その形態・表情が一般の石獅子とは異なって大変ユニークである点も一つの特徴である。,,,
6,473502,473500406,沖縄県,南風原町,照屋の石獅子（A）,テルヤノイシジシ,照屋の石獅子（A）,Stone Lione of Teruya Village,町指定重要有形民俗文化財,建造物,,沖縄県島尻郡南風原町照屋53,,26.188068,127.726429,,,,,,,1990-06-27,,,,,,,伝承では、本部がフーチゲーシのために東風平の八重瀬に向けて石獅子を作ったが、照屋の人々は故意に自分たちの集落に石獅子を向けていると思い込み、それに対抗するため2基の石獅子を作って本部集落に向けたという。照屋と本部の間には、水の問題をめぐって争いがあったと伝えられている。,,照屋集落にある2基の石獅子は、本部集落に向けられているといわれる。本部では、東風平の八重瀬へのフーチゲーシのために2基の石獅子を作ったが、その2基の石獅子は照屋集落に向くかたちになった。伝承では、照屋の人々は、本部が故意に自分たちの集落に石獅子を向けているものと思い込み、それに対抗するため2基の石獅子を作って本部集落に向けたという。照屋と本部の間には、水の問題をめぐってしばしば争いがあったと伝えられており、かつての両集落の関係を示唆する興味深い伝承である。,,,
7,473502,473500407,沖縄県,南風原町,照屋の石獅子（B）,テルヤノイシジシ,照屋の石獅子（B）,Stone Lione of Teruya Village,町指定重要有形民俗文化財,建造物,,沖縄県島尻郡南風原町照屋111,デー森,26.186971,127.724519,,,,,,,1990-06-27,,,,,,,伝承では、本部がフーチゲーシのために東風平の八重瀬に向けて石獅子を作ったが、照屋の人々は故意に自分たちの集落に石獅子を向けていると思い込み、それに対抗するため2基の石獅子を作って本部集落に向けたという。照屋と本部の間には、水の問題をめぐって争いがあったと伝えられている。,,照屋集落にある2基の石獅子は、本部集落に向けられているといわれる。本部では、東風平の八重瀬へのフーチゲーシのために2基の石獅子を作ったが、その2基の石獅子は照屋集落に向くかたちになった。伝承では、照屋の人々は、本部が故意に自分たちの集落に石獅子を向けているものと思い込み、それに対抗するため2基の石獅子を作って本部集落に向けたという。照屋と本部の間には、水の問題をめぐってしばしば争いがあったと伝えられており、かつての両集落の関係を示唆する興味深い伝承である。,,,
8,473502,473500408,沖縄県,南風原町,御宿井,ウスクガー,御宿井,Usukuga Well,町指定史跡,建造物,,沖縄県島尻郡南風原町宮城89-1,,26.205246,127.743357,,,,,,,1990-06-27,,,,,,,御宿井は「羽衣伝説」の言い伝えが残る井戸。長らく区の生活水として利用され、現在では拝所となっている。周辺からはグスク時代の人々の生活をしのばせる出土品もあり、歴史的に価値の高い文化財といえる。,,御宿井は『琉球国由来記』（1713年）と『球陽』外巻の『遺老説伝』（1745年）に「羽衣伝説」の言い伝えが残る井戸として紹介されている。直径1.2mほど、琉球石灰岩を用いて作られた井戸は、上水道が普及する以前までは区の生活水として利用されていた。現在ではウマチーなどの行事の拝所となっている。また、周辺からはフェンサ上層式土器や須恵器、青磁片などグスク時代の人々の生活をしのばせる出土品もあり、歴史的に価値の高い文化財といえる。,,,
9,473502,473500409,沖縄県,南風原町,大名ヒージャーガーと石碑,オオナヒージャーガートセキヒ,大名ヒージャーガーと石碑,Ona Village Hijaga Well and Commemoration Stone,町指定史跡,建造物,,沖縄県島尻郡南風原町大名80,,26.209971,127.733202,,,,,,,1990-06-27,,,,,,,大名から首里に向かう旧街道脇にある共同井戸で、そばに井戸の由来が刻まれている石碑が建つ。碑文によると、この道路は雨天時には往来が難渋するので1769年に改修し、樋川を築かせたという。また、王妃が行幸の際に水を求め、美味の水を賞賛して碑を建てたとの伝承もある。,,大名の首里に向かう旧街道脇にある共同井戸で、個人の屋敷東側にある。井戸の口は直径1mの楕円形をしており、水深4m、深さ1まで石積みされており現在でも水量は豊富である。井戸のそばに石碑があり、漢文でヒージャーガーの出来た由来が刻まれている。碑文によると、この道路は雨天時には往来が難渋するので乾隆34年（1769年）これを改修し、樋川を築かせたという。一方では、王妃が久高島に向かう途中で休息して水を求めたところ、美味の湧泉があったので、これを賞賛して碑を建てたとの伝承もある。この道はわりと急な坂でヒージャーガービラとよばれ、かつて与那原から宮城橋を通り首里に至る幹線道路であった。その街道を裏付ける現在も唯一残っている井戸としてまた石碑として歴史的に貴重な文化財である。,,,
10,473502,473500410,沖縄県,南風原町,沖縄陸軍病院南風原壕,オキナワリクグンビョウインハエバルゴウ,沖縄陸軍病院南風原壕,Okinawa Army Hospital Haebaru Bunkers,町指定史跡,建造物,,沖縄県島尻郡南風原町喜屋武,内地真原、大門原、慶原の町有地,26.18795,127.732906,,,,,,,1990-06-27,,,,,,,沖縄陸軍病院は1944年5月に編成され那覇市内で活動を始めたが、同年10月の空襲により南風原国民学校校舎に移転した。1945年3月下旬、病院は字喜屋武と字兼城に掘られた約30の横穴壕へと移った。軍医、看護婦、衛生兵ら約350人に加え、いわゆるひめゆり学徒222人が引率教師18人と共に看護補助要員として動員された。5月下旬、南部撤退命令が出されたが、重症患者に青酸カリが配られ、自決の強要が行われた。1990年、戦争の悲惨さを伝える証として壕群を町の文化財に指定した。,,沖縄陸軍病院は1944年5月に熊本で第32軍の陸軍病院として編成された。6月から那覇市内で活動を始めたが、同年10月10日米軍の空襲によって施設が焼失し、南風原国民学校校舎に移転した。それ以降、第32軍野戦築城隊の指導のもと、字喜屋武（黄金森）と字兼城（現在の役場北側丘）に約30の横穴壕が造られた。米軍の艦砲射撃が始まった1945年3月下旬、陸軍病院は各壕へと移った。広池文吉病院長以下、軍医、看護婦、衛生兵ら約350人に加えて、3月24日には沖縄師範学校女子部・県立第一高等女学校の生徒（ひめゆり学徒）222人が教師18人に引率され、看護補助要員として動員された。4月1日の米軍上陸後、外傷患者の激増に対応する為、外科を第一外科、内科を第二外科、伝染病科を第三外科と改めた。5月下旬、第32軍司令部は摩文仁（糸満市）へ撤退を決定し、陸軍病院に撤退命令が出された。その際、重症患者に青酸カリが配られ、自決の強要が行われた。南風原町は1990年、戦争の悲惨さを伝える証として第一外科壕群・第二外科壕群を町の文化財に指定した。,,,
11,473502,473500411,沖縄県,南風原町,南風原間切番所跡のフクギ群,ハエバルマギリバンジョアトノフクギグン,南風原間切番所跡のフクギ群,Fukugi Grove at the Haebaru District Royal Government Office Ruins,町指定天然記念物,その他,,沖縄県島尻郡南風原町宮平9,,26.196003,127.73269,,,,,,,1990-06-27,,,,,,,南風原間切番所は1611年頃に設置された。現在、番所跡には7本のフクギの老木が残り、その大きさは県指定天然記念物、名護番所跡のフクギ群（推定樹齢300年）に近い。また、上杉県令が1881年に記した日誌に「老大のフクギ」との記述があり、樹齢はかなり古いものと思われる。,,1611年頃、尚寧王が各間切に番所を設置し、南風原間切番所もそのときに設置された。現在、番所跡には道路に沿って7本のフクギの老木が残っており、町内では珍しい。このフクギ群は樹高が約9m前後あり、胸高直径は71cmを最大として、62cm、52cm、50cm、50cm、40cm、29cmを示す。これらの数値は県指定天然記念物、名護番所跡のフクギ群（推定樹齢300年）に近い。また、上杉県令の『沖縄県巡回日誌』（1881年）では「老大のフクギ」と記述されている。これらのことから樹齢はかなり古いものと思われる。,,,
12,473502,473500412,沖縄県,南風原町,中毛小ガジュマル群,ナカモウグヮーガジュマルグン,中毛小ガジュマル群,Gajumaru Grove at Nakamogwa,町指定天然記念物,その他,,沖縄県島尻郡南風原町喜屋武67,,26.190844,127.728998,,,,,,,1990-06-27,,,,,,,ガジュマルはクワ科植物で、熱帯を中心に分布し、北は種子島まで分布している。琉球列島では、低地林の代表的な構成種である。字喜屋武の中毛小には5本のガジュマルの大木が並んで生育し、そのうちの3本は四方に枝を広げている。5本のガジュマルの根は互いに網目状にからみつき、土手を覆い、幅1.5m、長さ14mにも広がり美しい。樹高は480～920cm気根がからみついた幹の胸高周囲は370cmを最大に282cm、215cm、185cm、180cmである。枝の広がりは全体で19m×19.5mの広さに達し、遊び場の緑影樹になっている。樹皮は凹凸が著しく、地衣やコケ類が着生し、いかにも古木の様相を呈する。「私達が子供の頃も、今と変わらぬ大きさだった」と古老は話す。このような大木のガジュマルが群がって生育しているのは町内では他にほとんどなく貴重である。,,ガジュマルはクワ科植物で、熱帯を中心に分布し、北は種子島まで分布している。琉球列島では、低地林の代表的な構成種である。字喜屋武の中毛小には5本のガジュマルの大木が並んで生育し、そのうちの3本は四方に枝を広げている。5本のガジュマルの根は互いに網目状にからみつき、土手を覆い、幅1.5m、長さ14mにも広がり美しい。樹高は480～920cm気根がからみついた幹の胸高周囲は370cmを最大に282cm、215cm、185cm、180cmである。枝の広がりは全体で19m×19.5mの広さに達し、遊び場の緑影樹になっている。樹皮は凹凸が著しく、地衣やコケ類が着生し、いかにも古木の様相を呈する。「私達が子供の頃も、今と変わらぬ大きさだった」と古老は話す。このような大木のガジュマルが群がって生育しているのは町内では他にほとんどなく貴重である。,,,
13,473502,473500413,沖縄県,南風原町,宮城の舞方棒,ミヤグスクノメーカタボウ,宮城の舞方棒,Miyagusuku Village Mekatabo Traditional Dance Routine,町指定重要無形民俗文化財,芸能,,沖縄県島尻郡南風原町宮城218,,26.204362,127.742886,,,,,,,1990-06-27,,,,,,,宮城には、琉球王国時代、王府に仕えた者に棒者（棒術）がいて多くの棒術が残っていた。その中に「ジジンヌ棍」「サクガーヌ棍」「ウーラン」という型の棒術があり、この三つの型を組み込んで仕立てたのが宮城の舞方棒だといわれている。,,舞方棒は、舞台や祭事等の場における清めの開幕舞踊で、力強い棒の舞いによって、疫病、災害、悪霊を祓う意味がある。宮城には、琉球王国時代、王府に仕えた者に棒者（棒術）がいて多くの棒術が残っていた。その中に「ジジンヌ棍」「サクガーヌ棍」「ウーラン」という型の棒術があり、この三つの型を組み込んで仕立てたのが宮城の舞方棒だといわれている。「がぎやで風」の音曲に、次の歌詞で踊られる。“たちみしょり舞方　歌やわんさびら　にせがする舞方　観ぶさびけい”　内容を分析すると、①上句の「たちみしょり舞方･･･」が「ジジンヌ棍」の手、②下句の「にせがする舞方･･･」が「サクガーヌ棍」の手、③「ハーリーにせがする舞方･･･」の切り返し以下が「ウーラン」の手である。全体の流れは、一見して同じ動作の繰り返しのようで単調に見えるが、よく見ると微妙な味の技と変化がある。たとえば、退却は①～③ともに型が違うし、突き手は槍をしごき出すように使い、とくに「ウーラン」の手の突きは右掌が左掌に付くまでしごき出して突くのは他にあまり類をみない。また最後の横への動きも三尺棒に持ち替えて変化をみせる。着付けは、白の長襦袢に袴下と棒縞脚絆、紫の帯と襷、白の請鉢巻。樫の六尺棒と三尺棒を使う。,,,
14,473502,473500414,沖縄県,南風原町,兼城の舞方棒,カネグスクノメーカタボウ,兼城の舞方棒,Kanegusuku Village Mekatabo Traditional Dance Routine,町指定重要無形民俗文化財,芸能,,沖縄県島尻郡南風原町兼城84,,26.193949,127.72874,,,,,,,1990-06-27,,,,,,,兼城の舞方棒は「村遊び」を通して祖先代々受け継がれてきたものである。「棍の手」と「津堅手」の二つの型があって、この二つは常に対にして踊られるという特徴をもっている。,,舞方棒は、舞台や祭事等の場における清めの開幕舞踊で、力強い棒の舞いによって、疫病、災害、悪霊を祓う意味がある。兼城の舞方棒は「村遊び」を通して祖先代々受け継がれてきたものである。「棍の手」と「津堅手」の二つの型があって、「大遊び」のときは、邪気払い・舞台清めとして、開幕、中踊り、閉幕の三回演じられたが、この二つは常に対にして踊られるという特徴をもっている。「かぎやで風」音曲で演じられ、次の歌詞と順序で踊られる。「棍の手」今日の誇らしゃや　なをにぎゃなたてる　つぼでをる花の露きゃたごと「津堅手」出ぢみしょれ舞方　わ身やうたしゃべら　二才がする舞方　見欲しゃびけい型の上からいくと、「棍の手」は棒の基本型で、空手でいうとナイファンチの型にあたるという。「津堅手」は、前半は「棍の手」と同じだが、後半に手を持ちかえてのはなやかな技があり、技能面からしても「棍の手」を習得してから習うのを順序としている。技は前半は大体一般的な手で、後半の切り返しからは実戦棒術を踊りにしたような特徴のある技がみられる。また前進後退するときの足の踏み、とくに後退するときの足を力強く踏みならすところなどは古式を思わせる。着付けは白の長じゅばんに袴下と棒縞脚絆、紫の帯と襷をかけ、頭は紫のマンサージ。樫の六尺棒を使う。,,,
15,473502,473500415,沖縄県,南風原町,喜屋武の舞方棒,キャンノメーカタボウ,喜屋武の舞方棒,Kyan Village Mekatabo Traditional Dance Routine,町指定重要無形民俗文化財,芸能,,沖縄県島尻郡南風原町喜屋武139,,26.186047,127.729718,,,,,,,1990-06-27,,,,,,,喜屋武の舞方棒は、「津堅手」といわれる「三方向い」「四方向い」など、三つの型があったが、現在残っているのは「四方向い」だけである。,,舞方棒は、舞台や祭事等の場における清めの開幕舞踊で、力強い棒の舞いによって、疫病、災害、悪霊を祓う意味がある。喜屋武の舞方棒は、「大遊び」や「十五夜遊び」において伝承されてきたもので「津堅手」といわれる「三方向い」「四方向い」など、三つの型があったが、現在残っているのは「四方向い」だけである。「かぎやで風」の音曲にのせ、次の歌詞で踊られる。今日の誇らしゃや　なをにぎゃなたてる　つぼでをる花の　露きゃたごとこの「四方向い」と称する舞方棒は、打ち、受け、突きの基本技をもって四方へ進退し、ほとんど同じ動作を2回繰り返すものである。ただ、歌の後半「ハーリーつぼでをる･･･」の切り返しのところで、左斜めに進行する変化技があって一つの見どころとなっている。これは「砂かち」とよばれる手で、船を漕ぐ櫂を地面に垂直に立て、その下方を足で蹴って砂をかき上げ相手の目をつぶすという技法である。「津堅手」の一つの要素を示すものである。全体として特に見栄えのする技や動きの少ない舞方だけに熟練をもってみせることが望まれる。着付けは、白の長襦袢に袴下と棒縞脚絆、紫の帯と襷、白の受け鉢巻。樫の六尺棒を使う。,,,
16,473502,473500416,沖縄県,南風原町,照屋の舞方棒,テルヤノメーカタボウ,照屋の舞方棒,Teruya Village Mekatabo Traditional Dance Routine,町指定重要無形民俗文化財,芸能,,沖縄県島尻郡南風原町照屋134,,26.185463,127.725249,,,,,,,1990-06-27,,,,,,,照屋の舞方棒は、かつての「村遊び」の中で伝承されてきたもので、「アブシの手」と「北谷の手」の二つの型があった。近年は「アブシの手」だけが年中行事と慶祝の場や舞台で演じられている。,,舞方棒は、舞台や祭事等の場における清めの開幕舞踊で、力強い棒の舞いによって、疫病、災害、悪霊を祓う意味がある。照屋の舞方棒は、かつての「村遊び」の中で伝承されてきたもので、「アブシの手」と「北谷の手」の二つの型があった。近年は「アブシの手」だけが年中行事と慶祝の場や舞台で演じられている。それは「かぎやで風」の音曲にのせ、次の歌詞で踊られる。今日の誇らしゃや　なをにぎゃなたてる　つぼでをる花の　露きゃたごと「アブシの手」とよばれるこの舞方棒は、十文字に動く型で、大きな変化や特技はみせず、打ち・受け・突きを主とした均整のとれたスマートの舞で、技と動きを極力きりつめて演じる特徴をもつ。「アブシの手」の「アブシ」というのは田畑の畦のことで、老支障たちは、田圃の畦の交差点で動作する気持ちで演じるように教えたという。踊りの速度は「かぎやで風」の扇舞の音曲より早めに弾いて演じるのを是としている。着付けは、白の長袖シャツとズボン、棒縞脚絆、紫の帯と襷、白請鉢巻かマンサージをする。樫の六尺棒を使う。,,,
17,473502,473500417,沖縄県,南風原町,津嘉山の舞方棒,ツカザンノメーカタボウ,津嘉山の舞方棒,Tsukazan Village Mekatabo Traditional Dance Routine,町指定重要無形民俗文化財,芸能,,沖縄県島尻郡南風原町津嘉山690,,26.188694,127.716514,,,,,,,1990-06-27,,,,,,,津嘉山の舞方棒は、舞台の開幕一番に演じられる「左舞方」と閉幕のときの「右舞方」が一対として伝承され、その歴史は古く由来も詳らかではない。この舞方は、独特の技がこめられていて、テンポを早めれば実践型の棒術ともなり、昔は門外不出とされていた。「左舞方」はとくに邪気払いの意味をもつとされている。,,舞方棒は、舞台や祭事等の場における清めの開幕舞踊で、力強い棒の舞いによって、疫病、災害、悪霊を祓う意味がある。津嘉山の舞方棒は、舞台の開幕一番に演じられる「左舞方」と閉幕のときの「右舞方」の二種類あって、それが一対として「村遊び」を通して伝承されてきたものなので、その歴史は古く由来も詳らかではない。この舞方は、津嘉山の誇りとするもので、独特の技がこめられていて、テンポを早めれば実践型の棒術ともなり、昔は門外不出とされていた。二種類のうち座開きの「左舞方」はとくに邪気払いの意味をもつとされている。舞方の伴奏はいずれも「かぎやで風」の曲に次の歌詞がつけられる。「左舞方」根の張りや巌　身は龍のごと　ことぶきや千歳　子孫そろて「右舞方」常磐なる松の　変わること無いさめ　いつも春くれば　色どまさる着付けは、白襦袢に白袴下、棒縞脚絆、紫の帯に襷をかけ、白い請鉢巻をする。棒は六尺の樫棒を持つ。,,,
18,473502,473500418,沖縄県,南風原町,神里の舞方棒,カミザトノメーカタボウ,神里の舞方棒,Kamizato Village Mekatabo Traditional Dance Routine,町指定重要無形民俗文化財,芸能,,沖縄県島尻郡南風原町神里120-1,,26.172956,127.731446,,,,,,,1990-06-27,,,,,,,神里の舞方棒は、「イェークの棍」といって、本来は五尺三寸四分の櫂で演じるのを六尺棒に改めたものだといわれる。玉城村字志堅原より伝わった。まず姿勢を第一とし、打ち・突き手の多彩な技に特徴がみられる。,,舞方棒は、舞台や祭事等の場における清めの開幕舞踊で、力強い棒の舞いによって、疫病、災害、悪霊を祓う意味がある。神里の舞方棒は、「イェークの棍」といって、本来は五尺三寸四分の櫂で演じるのを六尺棒に改めたものだといわれる。神里の棒の師匠であった金城関太郎翁（明治37年生）の母方の祖父が、玉城村字志堅原の某氏より習い覚えたものである。その祖父が神里の村人に教えているのを関太郎翁が18歳の頃に傍で見て修得したのが現在の神里の舞方棒である。この舞方棒はまず姿勢を第一とし、打ち・突き手の多彩な技に特徴がみられる。戦前の「村遊び」で受け継がれてきたものだが、戦後は村の年中行事や慶事の場、舞台で演じられ今日に至っている。舞いは「かぎやで風」の音曲と次の歌詞による。今日の誇らしゃや　なをにぎゃなたてる　つぼでをる花の　露きゃたごと着付けは白襦袢にズボン、棒縞脚絆、黒の帯と襷、白い請鉢巻、樫の六尺棒を使う。,,,
19,473502,473500419,沖縄県,南風原町,宮平の獅子舞,ミヤヒラノシシマイ,宮平の獅子舞,Miyahira Village Lion Dance,町指定重要無形民俗文化財,芸能,,沖縄県島尻郡南風原町宮平785-1,,26.19588,127.735613,,,,,,,1990-06-27,,,,,,,字宮平の初代獅子は首里王府から拝領したと伝わるが、沖縄戦で行方不明となり、ハワイ在住の宮平出身者らにより1950年に寄贈された。現在の獅子は3代目。舞型には尺の手、六尺、マーイ手、猿手、ムッチュー、巻捨（マチシティ）、カクジシリの七種類がある。特にその中で、「猿手」と「カクジシリ」は、見ごたえがあり他地域に類をみない。,,字宮平の初代の獅子は首里王府から拝領したものであると伝えられているが、年代ははっきりせず今次大戦で行方不明となった。2代目の獅子はハワイ在の宮平出身者の有志により1950年に寄贈されたもので、現在の獅子は3代目になる。舞型には尺の手、六尺、マーイ手、猿手、ムッチュー、巻捨（マチシティ）、カクジシリの七種類がある。「尺の手」は三尺棒、「六尺」は六尺棒で獅子を誘い出す。「猿手」は、はじめ2匹の猿が逆立ちをしたり、じゃれ遊んだ後、獅子に向かって「チャウチャウ」と呼びかけ誘い出す。「マーイ手」も同じく2匹の猿が紅白紐の両端に結び付けた毬をもって「与那節」で踊る。その後獅子が飛び出して猿を追いかける。「巻捨」「ムッチュー」「カクジシリ」には「シーサーワクヤー」はなく、獅子の演技から始まる。各舞型に共通する技として「三方」（獅子頭は、上を向いたままの姿勢から急に早く歩み前方に跳び、獅子頭を前肢の間に入れて、すぐ上を向き立ち上がりアゴを引き正面を向き、獅子頭を半回転させ片足を前方に出しながら獅子頭を突き出し、元の姿勢に戻る。以上の動作を正面、右、左、正面の順にスピーディーに行う）があり、演技の始めと終わりにとりいれられている。これは宮平独特の技であり、獅子舞いの中核をなすものである。毎年行われる八月十五夜の演目のうち獅子舞いは最も人気が高く区民の誇りでもある。特にその中で、「猿手」と「カクジシリ」（顎を床面につけ周囲を見回しながらゆっくり立ち上がっていく、顎を逆にし同様に演ずる）は、見ごたえがあり他地域に類をみない。獅子舞いを演ずるには、相当の体力と技術が要求されるため、後継者養成には苦労している地域が多い。そういうなかで、字宮平では「獅子舞保存会」が結成され青年層を中心にして獅子舞を継承発展させていこうとの機運が盛り上がってきた。近年、ハワイに「里帰り公演」を果たしたり、県内各地の「まつり」に出演するなど、宮平の獅子舞に対する県内外の評価は、以前にもまして高まってきた。,,,
20,473502,473500420,沖縄県,南風原町,本部の獅子舞,モトブノシシマイ,本部の獅子舞,Motobu Village Lion Dance,町指定重要無形民俗文化財,芸能,,沖縄県島尻郡南風原町本部117,,26.19088,127.72728,,,,,,,1990-06-27,,,,,,,尚?王時代、本部の豪農であった赤嶺が王府一行の接待のために庭に米を敷いたが、それが怒りにふれ、償いとして村に獅子と龕を寄贈したと伝えられている。本部の獅子舞の舞型には、「御月拝ん」「クルビン手」「シランガチ」「フィーバー巻ち」の4種類がある。特徴としては、軽快でリズミカルに歩み、自然に獅子の風格がにじみでてくるよう気取らない歩み方がある。,,字本部の獅子の由来は、尚?王の時代の「本部赤嶺の伝説」にさかのぼることができる。その当時の本部の赤嶺は豪農であった。ある日、首里王府から赤嶺を視察することになった。一行を接待するため、門から家までの間に米を敷いてしまった。ところが一行は、その様子をみてたいそう立腹し、門に入らず帰ってしまった。それがもとで赤嶺は王府から罰を受け、島流しになったとか、処刑されたと伝えられている。その罪の償いとして、村に獅子と龕を寄贈したと伝えられている。したがって、本部の獅子は200年もの伝統があると考えていいと思われる。本部の獅子舞の舞型には、「御月拝ん（月見）」「クルビン手（馬の動作）」「シランがち（全身がかゆそうに）」「フィーバー巻ち（蛇の動作）」の4種類がある。これらの中で、特に「クルビン手」は寸分の狂いも許されない程、前肢と後肢の呼吸が重要である。舞型の特徴としては、軽快でリズミカルに歩み、自然に獅子の風格がにじみでてくるよう気取らない歩み方や各舞方に共通する突き（舞台中央で「顎」を左上後方に向けていき、左足を前方に大きく踏み出しながら突き出し、左足を引きながら「顎」を少し上に上げた位置から引き下げ正面を正視する）や演技終了後、前肢より下手奥に退場（現在は後肢より退場）する点等がある。獅子舞いは、毎年旧盆・八月十五夜で演じられ、特に八月十五夜でにおいては獅子舞は中心的な演目のひとつとなっている。どの村においてもそうであろうが、獅子舞の後継者養成にはかなり苦労しているようである。獅子舞の技術を習得するにはかなりの年数を必要とする。幸いなことに字本部においては1981年「獅子舞保存会」が結成され、かなり意欲的に獅子舞の継承、保存に取り組んでいる。,,,
21,473502,473500421,沖縄県,南風原町,喜屋武の獅子舞,キャンノシシマイ,喜屋武の獅子舞,Kyan Village Lion Dance,町指定重要無形民俗文化財,芸能,,沖縄県島尻郡南風原町喜屋武139,,26.186047,127.729718,,,,,,,1990-06-27,,,,,,,字喜屋武の獅子舞は少なくとも100年以上前から演じられていた。舞型は「ゼイクーヤー」、「マーイクーヤー」、「ションカニグヮー」がある。喜屋武の獅子は村の守護神であると同時に、区民に親しまれ愛されている。,,字喜屋武の獅子舞がいつ頃から演じられるようになったか不明である。ただ、かつての獅子舞の縁者の系譜をたどっていた場合、少なくとも100年以上前から演じられていたことがわかる。先代の獅子は1949年に作製されたが、それ以前にも3回程度作り替えられたことが古老たちが記憶している。舞型には最初の演目「ゼイクーヤー」と中間の演目「マーイクーヤー」と最後の演目「ションカニグヮー」の三つがある。これらの中でも「ションカニグヮー」は技術的にも一番難しく、最も体力が要求される。喜屋武の獅子は村の守護神であると同時に、区民に親しまれ愛されている。特徴としてあげられるのは、一歩一歩同じ側の足を踏み込むように歩み、どっしりとした重量感に満ち、視線は百獣の王らしく絶えず周囲を威圧するようににらみつけること、各舞型に共通する技としての顔振りや、演技終了後、後肢から下手奥に退場することである。喜屋武の獅子舞は対外的にはあまり知られていないが、上記の特徴は喜屋武独特の技であろう。,,,
22,473502,473500422,沖縄県,南風原町,宮平の女踊り「綛掛」,ミヤヒラノオンナオドリカシカキ,宮平の女踊り「綛掛」,"Miyahira Village ""women's Dance"":Kashikaki (Thread Winding)",町指定重要無形民俗文化財,芸能,,沖縄県島尻郡南風原町宮平785-1,,26.19588,127.735613,,,,,,,1990-06-27,,,,,,,宮平の「綛掛」は出羽「干瀬節」中踊「七尺節」入羽「サアサア節」三曲三部立てとなっており、古典女踊りの伝統的な型を保持している。御冠船踊りとして継承される多くの特徴をもつ宮平の「綛掛」は、女踊りの綛掛けの歴史的研究の上からも大変貴重である。,,戦後になって「綛掛」の踊りは、干瀬節と七尺節の二曲組で演じられ今日に至っているが、宮平の「綛掛」は出羽「干瀬節」中踊「七尺節」入羽「サアサア節」三曲三部立てとなっており、古典女踊りの伝統的な型を保持している。踊りは多くの特徴をもっており、まず出羽の「干瀬節」は前奏曲なしで歌い出し「綛かけて･･･」から踊りの手が入る。綛、綛枠も右手に持って（普通は左手）登場し、中踊りの「七尺節」の貸しも一首しか歌わない。そのためか踊りの手数は省略され少なくなっている。運歩もすり足ではなく、田舎女踊りに多くみられる独特の古風な足の運び方をする。その他二人で踊るのを伝統とし、入羽に手を取り合うしぐさや頭髪も特徴的である。御冠船踊りとして継承される多くの特徴をもつ宮平の「綛掛」は、女踊りの綛掛けの歴史的研究の上からも大変貴重である。,,,
23,473502,473500423,沖縄県,南風原町,兼城の二才踊り「揚作田」,カネグスクノニーセーオドリアギチクテン,兼城の二才踊り「揚作田」,"Kanegusuku Village ""Young Men's Dance"": Agichikuten",町指定重要無形民俗文化財,芸能,,沖縄県島尻郡南風原町兼城84,,26.193949,127.72874,,,,,,,1990-06-27,,,,,,,兼城の「揚作田」は二人打組みの代表的な二才踊で、「御冠船踊」として先祖代々から八月十五夜の「村遊び」において伝承されてきたものである。全体として動きが力強くおおらかなところは、いかにも伝統の古さを感じさせる踊りとなっている。,,兼城の「揚作田」は二人打組みの代表的な二才踊で、「御冠船踊」として先祖代々から八月十五夜の「村遊び」において伝承されてきたものである。両手にゼイを持ち、腰を深く入れた構え、活発な足の運び、力のこもったゼイの手の振りなど、全体として動きが力強くおおらかなところは、いかにも伝統の古さを感じさせる踊りとなっている。,,,
24,473502,473500424,沖縄県,南風原町,喜屋武の長者の大主,キャンノチョウジャノウフシュ,喜屋武の長者の大主,"Kyan Village ""Choja nu Ufushu"" Drama (The Village Patriarch)",町指定重要無形民俗文化財,芸能,,沖縄県島尻郡南風原町喜屋武139,,26.186047,127.729718,,,,,,,1990-06-27,,,,,,,「長者の大主」は、旧暦八月十五夜のまつりなどに演じられる祝賀の芸能で、福禄寿の三徳を兼備した「長者」が五穀豊穣と村の繁栄を祈願し、子孫達の芸能を披露して神をもてなすものである。,,「長者の大主」は、旧暦八月十五夜のまつりなどに演じられる祝賀の芸能で、福禄寿の三徳を兼備した「長者」が五穀豊穣と村の繁栄を祈願し、子孫達の芸能を披露して神をもてなすものである。喜屋武の「長者の大主」はむかしの「大遊び」から現在の「十五夜遊び」にいたるまで毎年上演されてきている。内容は、120余歳の長者の大主が八月の十五夜遊びに招かれて、村の守護神である獅子加那志に子孫繁栄と弥勒世果報の祝言を述べ、多くの子孫達に芸能を演じさせ祝い遊ぶというもの。「長者の大主」は沖縄各地に多いが、喜屋武の「長者の大主」は台詞に類型的なものや冗漫さがなく、演出、構成ともに要を得て無駄がない。また、獅子を村の神として崇める筋書きも他に例が少ない。登場人物は、長者、親雲上、筑登之ジルー、サンドー、二才2人、若衆6人。上演時間は約20分。喜屋武の「長者の大主」は、喜屋武の住民が最も誇りとして代々継承してきた芸能で、また南風原で唯一現存する「長者の大主」であり、南風原の民俗芸能を知るうえで極めて貴重である。,,,
25,473502,473500425,沖縄県,南風原町,宮城の狂言「銭借人」,ミヤグスクノチョーギンジンカヤー,宮城の狂言「銭借人」,Miyagusuku Village Traditional Comedy:Jinkaya (The Money Borrower),町指定重要無形民俗文化財,芸能,,沖縄県島尻郡南風原町宮城218,,26.204362,127.742886,,,,,,,1990-06-27,,,,,,,「狂言」組踊以外の劇的な演目をいい、内容は滑稽なものや教訓的なものが多い。宮城の狂言「銭借人」もおよそ120年前の「大遊び」以後には「十五夜遊び」のなかで伝承された。内容は、金持ちの伊計ペーチンから金を借り、返済を迫られ困った与那嶺が、新築したペーチンの家や庭の造りをほめあげて上機嫌にさせ、「借用証文」をただでもらいうけるというもの。,,「狂言」は能狂言ではなく、組踊以外の劇的な演目をいい、内容は滑稽なものや教訓的なものが多い。「村遊び」では舞踊演目の間毎に挟み込まれて上演され人気があった。宮城の狂言「銭借人」もおよそ120年前の「大遊び」以後には「十五夜遊び」のなかで伝承され、戦後もよく演じられた数種類の狂言のうちのひとつである。内容は、金持ちの伊計ペーチンから金を借り、返済を迫られ困った与那嶺が、新築したペーチンの家や庭の造りをほめあげて上機嫌にさせ、「借用証文」をただでもらいうけるというもの。言葉のやりとり（機知に富む）の面白さの上に、歌あわせ、口説囃ありで、昔のウチナーグチの妙味が満喫できる狂言の一品である。衣装は、伊計ペーチンが片かしら（髪）に黒の紋付羽織、扇子を持ち、与那嶺は短衣芭蕉百姓姿。,,,
26,473502,473500426,沖縄県,南風原町,琉球絣と南風原花織,リュウキュウカスリトハエバルハナオリ,琉球絣と南風原花織,Ryukyukasuri and Haebaru Hanaori :Haebaru Traditional Textile,町指定重要無形民俗文化財,美術工芸品,琉球かすり会館,沖縄県島尻郡南風原町本部175,,26.189589,127.727717,098-889-1634,,,,,,2004-03-24,,,,,,,「琉球絣」と「南風原花織」は、手括の絣、糸綜絖による綜絖掛けの工程を経て機仕掛けが行われ、投げ杼によって製織される。古くは自給自足的に芭蕉布などの織物が織られていたと考えられる。明治の終わり頃からは小禄や泊、首里の下請けとして絣・花織生産がさかんになり、その後生産基盤が整えられる。戦後、県下でいち早く織物を復興しており、現在、県内で最も大きな産地である。,,南風原では伝統的な技術を受け継ぎ、多様な織物が今なお生産されている。「琉球絣」と「南風原花織」の名で知られるこれらの織物は天然素材を使用し、手括りによる絣、糸綜絖による綜絖掛けの工程を経て機仕掛けが行われ、投げ杼によって製織される。南風原の織物には染色や絣括りの伝統的な技術に加え、高機が導入される以前から行われていた糸綜絖つくりの技術が今なお継承されていることに顕著な特徴がみられる。また伝統的な柄に加え、新柄の展開にも特に芸術的な価値がみられる。南風原では染織物が生産され始めたのは定かではないが、沖縄の各地同様、自給自足的に芭蕉布などの織物が織られていたと考えられる。また、地機を使っていた明治40年以前に花織のティサージが織られていたことが伝えられている。明治の終わりから大正時代に入ると、小禄や泊、首里の染織業者の下請けとして絣や花織生産がさかんになり、その後生産基盤が整えられる。大正から昭和初期に掛けて染色や絣括りを専門とする職人が生まれ、分業体制が確立していった。太平洋戦争は織物生産の中断を余儀なくさせたが、戦後、県下でいち早く織物を復興し、その後県内各地の織物産地へ大きな影響を与えた。材料の確保、量産のための合理的な生産体制が作られ、生活必需品としての布の生産から、最近では絣や花織の芸術性、機能性を追求し伝統を守りながら時代に合った布づくりを地域をあげて取り組んでいる。,,,
27,473502,473500427,沖縄県,南風原町,摩文仁家の墓,マブニケノハカ,摩文仁家の墓,Grave of Mabuni Family,県指定重要文化財,建造物,,沖縄県島尻郡南風原町大名146,,26.208074,127.737146,,,,,,,1970-07-14,,,,,,,尚質王の次男・摩文仁家始祖・尚弘毅（大里朝亮：1647～1686年）の墓。尚弘毅は尚貞王代に11年間摂政をつとめ、その功績によりこの墓を拝領した。墓は平葺き型の天井板に土を盛った亀甲型で、内部が住居のような造りをしているのが特徴である。,,摩文仁家の墓は、尚質王の次男・摩文仁家始祖・尚弘毅（大里朝亮：1647～1686年）の墓で、別名宮城墓ともいわれる。尚弘毅は尚貞王代に11年間摂政をつとめ、その功績によりこの墓を拝領した。墓は山の中腹の砂岩層を掘削して造られ、壁は琉球石灰岩の切石積みである。屋根は細粒砂岩でできた平葺き型の天井板に土を盛った亀甲型で、漆喰で仕上げてある。墓室内に石柱を立て石梁を渡し天井を支えている。この墓は内部が住居のような造りをしているのが特徴である。,,,
1,473278,1,沖縄県,北中城村,中城城跡,ナカグスクジョウセキ,,,史跡,建造物,,沖縄県中頭郡北中城村大城,,26.290113,127.800117,098-935-5719,,,,,中城村・北中城村,1972-05-15,月火水木金土日,8:30,17:00,5月～9月は18：00まで,,,城跡,,中城城跡は、中城村と北中城村にまたがる標高約160ｍの石灰岩丘陵に築かれた6つの郭からなる連郭式の山城（やまじろ）である。2000年に「琉球王国のグスク及び関連遺産群」として世界遺産に登録された。,,,
2,473278,2,沖縄県,北中城村,中村家住宅,ナカムラケジュウタク,,,重要文化財,建造物,,沖縄県中頭郡北中城村大城106,,26.289862,127.80069,098-935-3500,,1,棟,,個人,1972-05-15,月水木金土日,9:00,17:30,,,,近世の古民家,,中村家住宅は中村家住宅は、約250年前に首里にあった士族の家を移築したと伝えられている。屋敷は母屋、アシャギ（離れ座敷）高倉、前の家（畜舎）、豚小屋などからなる。,,,
3,473278,3,沖縄県,北中城村,荻堂貝塚,オギドウカイヅカ,,,史跡,建造物,,沖縄県中頭郡北中城村荻道,,26.292847,127.796944,,,,,,,1972-05-15,,,,,,,縄文時代の貝塚,,"荻道貝塚は、荻道集落の北側の石灰岩丘陵の崖下に形成された、縄文時代（約3,000～3,500年前）の貝塚である。",,,
4,473278,4,沖縄県,北中城村,渡口のテラ,トグチノテラ,和仁屋間門のテラ,,県指定有形民俗文化財,建造物,,沖縄県中頭郡北中城村渡口453,,26.303017,127.811378,,,,,,渡口区,1981-02-09,,,,,,,拝所,,渡口のテラは桁・梁とも約3.4ｍ高さ1.35ｍの石造構造物（石灰岩製）で屋根には宝珠がある。「和仁屋間のテラ」「浜崎のテラ」とも呼ばれる。,,,
5,473278,5,沖縄県,北中城村,根所火の神,ニードゥクルヒヌカン,,,県指定有形民俗文化財,建造物,,沖縄県中頭郡北中城村安谷屋126,,26.297972,127.789963,,,,,,安谷屋区,2002-12-12,,,,,,,拝所,,根所の火の神は安谷屋集落の拝所で、琉球石灰岩を組み合わせて造られた幅約180cm、高さ約150cm、奥行き約140cmの祠の中に三個の石が安置されている。,,,
6,473278,6,沖縄県,北中城村,渡口の梵字の碑「アビラウンケン」,トグチノボンジノヒ「アビラウンケン」,,,県指定有形民俗文化財,建造物,,沖縄県中頭郡北中城村渡口7,,26.304625,127.809425,,,1,基,,渡口区,1997-10-01,,,,,,,梵字の線刻された石碑,,高さ104cm、幅55cm、厚さ13cmの細粒砂岩（方言名：ニービヌフニ）に梵語（インドの文語）を記した石碑である。,,,
7,473278,7,沖縄県,北中城村,龕屋,ガンヤー,,,県指定有形民俗文化財,建造物,,沖縄県中頭郡北中城村喜舎場763,,26.304804,127.790337,,,,,,喜舎場区,1995-06-16,,,,,,,龕を納めた施設,,龕屋は龕（棺を墓まで運ぶ朱塗りの輿）を納める建造物で、喜舎場の龕屋は幅3.4ｍ、高さ1.9ｍ、奥行き4.4ｍで石材には琉球石灰岩が用いられている。,,,
8,473278,8,沖縄県,北中城村,喜舎場の石獅子,キシャバノイシジシ,,,県指定有形民俗文化財,建造物,,沖縄県中頭郡北中城村喜舎場192,,26.305475,127.795227,,,1,基,,喜舎場区,1995-06-16,,,,,,,石造の獅子,,長さ102cm、高さ59cm、幅45cm琉球石灰岩製の石獅子。もとは集落の南西側に置かれていたが、昭和58年8月に現在地に移設している。,,,
9,473278,9,沖縄県,北中城村,荻道のヒージャーガー,オギドウノヒージャーガー,,,県指定有形民俗文化財,建造物,,沖縄県中頭郡北中城村荻道26,,26.293034,127.798653,,,,,,荻道区,2010-03-16,,,,,,,集落井戸,,荻道集落の中心部に所在する井泉。井戸の石積みや樋、石敷き、周囲の土留めの石積みがよく残っている。,,,
10,473278,10,沖縄県,北中城村,赤木名節,アカキナブシ,,,村指定無形民俗文化財,芸能,島袋公民館内,沖縄県中頭郡北中城村島袋102,,26.319866,127.799263,,,,,,字島袋民俗芸方保存会,2002-12-12,,,,,,,舞踊,,琉球王府時代から伝承されてきたと伝えられる舞で、振りは一番から四番まで異なり空手の型の連続で、二人組で同じ型で踊る二才踊りである。,,,
11,473278,11,沖縄県,北中城村,南島,フェーヌシマ,,,村指定無形民俗文化財,芸能,熱田公民館内,沖縄県中頭郡北中城村熱田68ｰ1,,26.296082,127.807625,,,,,,熱田フェーヌシマ保存会,1980-03-18,,,,,,,舞踊,,棒踊りと手踊りからなる踊りで、三線でうたわれる歌の歌意は不明である。熱田では美里間切知花から伝わり、津堅島の棒の型を取り入れて独特な踊りに作りあげたと伝えられる。,,,
12,473278,12,沖縄県,北中城村,棒術,ボウジュツ,,,村指定無形民俗文化財,芸能,喜舎場公民館内,沖縄県中頭郡北中城村喜舎場75,,26.303583,127.794365,,,,,,字喜舎場民俗芸能補損壊,1982-03-18,,,,,,,棒術,,棒術は、二人一組となった組棒で、ドラ、ホラ貝、太鼓のリズムに合わせて型を演じる。,,,
13,473278,13,沖縄県,北中城村,獅子舞い,シシマイ,,,村指定無形民俗文化財,芸能,喜舎場公民館内,沖縄県中頭郡北中城村喜舎場75,,26.303583,127.794365,,,,,,字喜舎場民俗芸能補損壊,1982-03-18,,,,,,,獅子舞い,,獅子の胴体に二人の男が入り、三線、太鼓、ドラに合わせて演じられる。喜舎場では旧盆のウークイの日に、厄払いや集落の発展を祈願して演じられる。,,,
14,473278,14,沖縄県,北中城村,中城若松の墓,ナカグスクワカマツノハカ,,,村指定史跡,建造物,,沖縄県中頭郡北中城村安谷屋1447,,26.297413,127.788025,,,,,,個人,1982-03-18,,,,,,,石造の墓,,中城若松は、玉城朝薫作の組踊「執心鐘入」の主人公のモデルとなった人物といわれる。墓は、安谷屋集落の後方にあり、岩の前に切石を積んで囲んだ墓庭がある。,,,
15,473278,15,沖縄県,北中城村,渡口の印部土手石（ハル石）,トグチノシルベドテイシ（ハルイシ）,,,村指定史跡,建造物,,沖縄県中頭郡北中城村渡口7,,26.304625,127.809425,,,1,基,,渡口区,1997-10-01,,,,,,,近世の図根点,,印部土手石は、琉球王府が元文検地（1737～50年）の際に使用した図根点である。渡口の印部土手石は、細粒砂岩製で「とくち原　ニ」と刻まれている。,,,
16,473278,16,沖縄県,北中城村,ナスの御嶽,ナスノウタキ,,,村指定史跡,建造物,,沖縄県中頭郡北中城村仲順169,,26.306524,127.797157,,,,,,仲順区,1995-06-16,,,,,,,拝所,,仲順集落の北側に位置する御嶽で、岩の上には舜天・舜馬順熈・義本の三王を葬ったとされる墓がある。,,,
17,473278,17,沖縄県,北中城村,喜舎場のウフカー,キシャバノウフカー,,,村指定史跡,建造物,,沖縄県中頭郡北中城村喜舎場81,,26.303272,127.794106,,,,,,喜舎場区,2004-08-05,,,,,,,集落井戸,,喜舎場集落が南側に広がってからのンブガー（産井戸）で、敷地の面積が村内で最も大きく、井戸や周囲の石積み、階段などがよく残っている。,,,
18,473278,18,沖縄県,北中城村,大城のイリヌカー,オオグスクノイリヌカー,,,村指定史跡,建造物,,沖縄県中頭郡北中城村大城141ｰ1,,26.290113,127.800117,,,,,,大城区,2004-08-05,,,,,,,集落井戸,,大城集落の西側に位置する井泉で、水を溜めるための池や石敷き、周囲の土留め石積みがよく残っている。北側には琉球石灰岩を掘った隧道も残る。,,,
1,472093,,沖縄県,名護市,名護のひんぷんガジュマル,ナゴノヒンプンガジュマル,,,天然記念物,その他,,沖縄県名護市名護299,他,26.610247,127.984612,,,,,,,1997-09-02,,,,,,,,,,,,
2,472093,,沖縄県,名護市,カラスバト,カラスバト,,,天然記念物,その他,,沖縄県名護市：地域を定めず,,26.591555,127.97747,,,,,,,1970-11-12,,,,,,,,,,,,
3,472093,,沖縄県,名護市,オカヤドカリ,オカヤドカリ,,,天然記念物,その他,,沖縄県名護市：地域を定めず,,26.591555,127.97747,,,,,,,1970-11-12,,,,,,,,,,,,
4,472093,,沖縄県,名護市,ケナガネズミ,ケナガネズミ,,,天然記念物,その他,,沖縄県名護市：地域を定めず,,26.591555,127.97747,,,,,,,1972-05-15,,,,,,,,,,,,
5,472093,,沖縄県,名護市,オキナワトゲネズミ,オキナワトゲネズミ,,,天然記念物,その他,,沖縄県名護市：地域を定めず,,26.591555,127.97747,,,,,,,1972-05-15,,,,,,,,,,,,
6,472093,,沖縄県,名護市,アカヒゲ,アカヒゲ,,,天然記念物,その他,,沖縄県名護市：地域を定めず,,26.591555,127.97747,,,,,,,1972-05-15,,,,,,,,,,,,
7,472093,,沖縄県,名護市,ジュゴン,ジュゴン,,,天然記念物,その他,,沖縄県名護市：地域を定めず,,26.591555,127.97747,,,,,,,1972-05-15,,,,,,,,,,,,
8,472093,,沖縄県,名護市,リュウキュウヤマガメ,リュウキュウヤマガメ,,,天然記念物,その他,,沖縄県名護市：地域を定めず,,26.591555,127.97747,,,,,,,1975-06-26,,,,,,,,,,,,
9,472093,,沖縄県,名護市,ノグチゲラ,ノグチゲラ,,,天然記念物,その他,,沖縄県名護市：地域を定めず,,26.591555,127.97747,,,,,,,1977-03-15,,,,,,,,,,,,
10,472093,,沖縄県,名護市,ヤンバルクイナ,ヤンバルクイナ,,,天然記念物,その他,,沖縄県名護市：地域を定めず,,26.591555,127.97747,,,,,,,1982-12-18,,,,,,,,,,,,
11,472093,,沖縄県,名護市,名護市嘉陽層の褶曲,ナゴシカヨウソウノシュウキョク,,,天然記念物,その他,,沖縄県名護市天仁屋825ｰ22,他,26.577972,128.117935,,,,,,,2012-09-19,,,,,,,,,,,,
12,472093,,沖縄県,名護市,津嘉山酒造所施設,ツカザンシュゾウショシセツ,,,重要文化財,建造物,,沖縄県名護市大中1ｰ14ｰ6,,26.5914928,127.9810194,,,,,,,2009-06-30,,,,,,,,,,,,
13,472093,,沖縄県,名護市,旧国頭農学校玄関(一棟),キュウクニガミノウガッコウゲンカン（イットウ）,,,登録有形文化財,建造物,,沖縄県名護市宇茂佐13,,26.5951041,127.9600895,,,,,,,2006-08-03,,,,,,,,,,,,
14,472093,,沖縄県,名護市,操り獅子,アヤツリシシ,,,記録作成等の措置を講ずべき無形の民俗文化財,芸能,,沖縄県名護市川上区,,26.618202,128.022232,,,,,,,2004-02-06,,,,,,,,,,,,
15,472093,,沖縄県,名護市,嘉津宇岳安和岳八重岳自然保護区,カツウダケアワダケヤエダケシゼンホゴク,,,県指定天然記念物,その他,,沖縄県名護市勝山・安和,・本部町,26.623922,127.936607,,,,,,,1972-03-14,,,,,,,,,,,,
16,472093,,沖縄県,名護市,宮里前の御嶽のハスノハギリ林,ミヤザトメーノウタキノハスノハギリバヤシ,,,県指定天然記念物,その他,,沖縄県名護市宮里１,,26.5947885,127.9704489,,,,,,,1973-03-19,,,,,,,,,,,,
17,472093,,沖縄県,名護市,名護番所跡のフクギ群,バゴバンショアトノフクギグン,,,県指定天然記念物,その他,,沖縄県名護市東江1ｰ８ｰ11,,26.5861724,127.9847308,,,,,,,1974-03-18,,,,,,,,,,,,
18,472093,,沖縄県,名護市,コノハチョウ,コノハチョウ,,,県指定天然記念物,その他,,沖縄県名護市：地域を定めず,,26.591555,127.97747,,,,,,,1969-08-26,,,,,,,,,,,,
19,472093,,沖縄県,名護市,フタオチョウ,フタオチョウ,,,県指定天然記念物,その他,,沖縄県名護市：地域を定めず,,26.591555,127.97747,,,,,,,1969-08-26,,,,,,,,,,,,
20,472093,,沖縄県,名護市,クロイワトカゲモドキ,クロイワトカゲモドキ,,,県指定天然記念物,その他,,沖縄県名護市：地域を定めず,,26.591555,127.97747,,,,,,,1978-11-09,,,,,,,,,,,,
21,472093,,沖縄県,名護市,イボイモリ,イボイモリ,,,県指定天然記念物,その他,,沖縄県名護市：地域を定めず,,26.591555,127.97747,,,,,,,1978-11-09,,,,,,,,,,,,
22,472093,,沖縄県,名護市,イシカワガエル,イシカワガエル,,,県指定天然記念物,その他,,沖縄県名護市：地域を定めず,,26.591555,127.97747,,,,,,,1985-03-29,,,,,,,,,,,,
23,472093,,沖縄県,名護市,ナミエガエル,ナミエガエル,,,県指定天然記念物,その他,,沖縄県名護市：地域を定めず,,26.591555,127.97747,,,,,,,1985-03-29,,,,,,,,,,,,
24,472093,,沖縄県,名護市,ホルストガエル,ホルストガエル,,,県指定天然記念物,その他,,沖縄県名護市：地域を定めず,,26.591555,127.97747,,,,,,,1985-03-29,,,,,,,,,,,,
25,472093,,沖縄県,名護市,アマミヤマシギ,アマミヤマシギ,,,県指定天然記念物,その他,,沖縄県名護市：地域を定めず,,26.591555,127.97747,,,,,,,1994-02-04,,,,,,,,,,,,
26,472093,,沖縄県,名護市,運天原サバヤ貝塚,ウンテンバルサバヤカイヅカ,,,県指定史跡,その他,,沖縄県名護市運天原437,他,26.670431,128.001312,,,,,,,1956-10-19,,,,,,,,,,,,
27,472093,,沖縄県,名護市,改決羽地川碑記,カイケツハネジガワヒキ,,,県指定史跡,その他,,沖縄県名護市田井等426,他,26.600531,128.023651,,,,,,,1969-08-26,,,,,,,,,,,,
28,472093,,沖縄県,名護市,古我知焼窯跡,コガチヤキガマアト,,,県指定史跡,その他,,沖縄県名護市古我知499,他,26.626181,127.983269,,,,,,,1972-05-12,,,,,,,,,,,,
29,472093,,沖縄県,名護市,轟の滝,トドロキノタキ,,,県指定名勝,その他,,沖縄県名護市数久田轟木原,,26.556204,127.987427,,,,,,,1956-02-22,,,,,,,,,,,,
30,472093,,沖縄県,名護市,屋部の久護家,ヤブノクゴケ,,,県指定登録有形文化財,建造物,,沖縄県名護市屋部175,,26.602922,127.954834,,,,,,,1973-03-19,,,,,,,,,,,,
31,472093,,沖縄県,名護市,三府龍脉碑,サンプリュウミャクヒ,,,県指定登録有形文化財,その他,,沖縄県名護市東江1-8ｰ11,名護博物館,26.5861805,127.9847558,(0980)53-1342,,,,,,1991-01-16,,,,,,,,,,,,
32,472093,,沖縄県,名護市,我部祖河の高倉,ガブソカノタカクラ,,,県指定重要有形民俗文化財,建造物,,沖縄県名護市我部祖河109,,26.621799,128.000763,,,,,,,1967-04-11,,,,,,,,,,,,
33,472093,,沖縄県,名護市,安和のくばのうたき,アワノクバノウタキ,,,県指定重要有形民俗文化財,その他,,沖縄県名護市安和488,他,26.614853,127.916855,,,,,,,1973-07-30,,,,,,,,,,,,
34,472093,,沖縄県,名護市,屋部の八月踊り,ヤブノハチガツオドリ,,,県指定重要有形民俗文化財,芸能,,沖縄県名護市屋部区,,26.609001,127.950233,,,,,,,1988-01-12,,,,,,,,,,,,
35,472093,,沖縄県,名護市,済井出のアコウ,スミイデノアコウ,,,市指定天然記念物,その他,,沖縄県名護市済井出18ｰ1,,26.66942,128.015091,,,,,,,1973-06-15,,,,,,,,,,,,
36,472093,,沖縄県,名護市,東江のミフクラギ,アガリエノミフクラギ,,,市指定天然記念物,その他,,沖縄県名護市東江3ｰ158,、159-1,26.58209,127.987511,,,,,,,1973-06-15,,,,,,,,,,,,
37,472093,,沖縄県,名護市,屋部小学校のデイゴ,ヤブショウガッコウノデイゴ,,,市指定天然記念物,その他,,沖縄県名護市屋部47,,26.601177,127.953712,,,,,,,1973-06-15,,,,,,,,,,,,
38,472093,,沖縄県,名護市,許田のウバメガシ,キョダノウバメガシ,,,市指定天然記念物,その他,,沖縄県名護市許田122,,26.540749,127.979507,,,,,,,1973-11-27,,,,,,,,,,,,
39,472093,,沖縄県,名護市,底仁屋の御神松,テニヤノゴシンマツ,,,市指定天然記念物,その他,,沖縄県名護市天仁屋,,26.577972,128.117935,,,,,,,1975-09-03,,,,,,,,,,,,
40,472093,,沖縄県,名護市,屋我地小学校のアコウ,ヤガジショウガッコウノアコウ,,,市指定天然記念物,その他,,沖縄県名護市饒平名159,,26.654305,128.007828,,,,,,,1979-03-24,,,,,,,,,,,,
41,472093,,沖縄県,名護市,大湿帯のオキナワウラジロガシ,オオシッタイノオキナワウラジロガシ,,,市指定天然記念物,その他,,沖縄県名護市源河2534ｰ1,,26.616926,128.074051,,,,,,,1983-03-23,,,,,,,,,,,,
42,472093,,沖縄県,名護市,大浦のマングローブ林,オオウラノマングローブバヤシ,,,市指定天然記念物,その他,,沖縄県名護市大浦418ｰ1,、418ｰ2,26.562912,128.040619,,,,,,,1995-10-20,,,,,,,,,,,,
43,472093,,沖縄県,名護市,真喜屋のサガリバナ,マキヤノサガリバナ,,,市指定天然記念物,その他,,沖縄県名護市真喜屋,,26.615919,128.047897,,,,,,,1998-02-20,,,,,,,,,,,,
44,472093,,沖縄県,名護市,仲尾次アシャギ庭のヤブツバキ群生,ナカオジアシャギミャーノヤブツバキグンセイ,,,市指定天然記念物,その他,,沖縄県名護市仲尾次406,,26.62328,128.025955,,,,,,,2004-01-28,,,,,,,,,,,,
45,472093,,沖縄県,名護市,安部拝所のガジマル,アブハイショノガジマル,,,市指定天然記念物,その他,,沖縄県名護市安部7,125ｰ3,26.54546,128.087204,,,,,,,2004-01-28,,,,,,,,,,,,
46,472093,,沖縄県,名護市,大浦アサギ庭のガジマル,オオウラアサギミャーノガジマル,,,市指定天然記念物,その他,,沖縄県名護市大浦144,,26.562912,128.040619,,,,,,,2006-02-15,,,,,,,,,,,,
47,472093,,沖縄県,名護市,大浦のイチョウ,オオウラノイチョウ,,,市指定史跡,その他,,沖縄県名護市大浦131,,26.554384,128.042419,,,,,,,2006-02-15,,,,,,,,,,,,
48,472093,,沖縄県,名護市,瀬喜田小学校のセンダン,セキダショウガッコウノセンダン,,,市指定天然記念物,その他,,沖縄県名護市幸喜4番地1,,26.538301,127.952713,,,,,,,2006-06-07,,,,,,,,,,,,
49,472093,,沖縄県,名護市,川上の蔡温松,カワカミノサイオンマツ,,,市指定天然記念物,その他,,沖縄県名護市川上168,,26.618202,128.022232,,,,,,,2012-10-01,,,,,,,,,,,,
50,472093,,沖縄県,名護市,屋我のコバテイシ並木,ヤガノコバテイシナミキ,,,市指定天然記念物,その他,,沖縄県名護市屋我３７ｰ３,他,26.651749,128.031036,,,,,,,2013-06-04,,,,,,,,,,,,
51,472093,,沖縄県,名護市,オキナワコキクガシラコウモリ,オキナワコキクガシラコウモリ,,,市指定天然記念物,その他,,沖縄県名護市：地域を定めず,,26.591555,127.97747,,,,,,,1992-03-01,,,,,,,,,,,,
52,472093,,沖縄県,名護市,許田の手水,キョダノテミジ,,,市指定史跡,建造物,,沖縄県名護市許田122,,26.540749,127.979507,,,,,,,1973-11-27,,,,,,,,,,,,
53,472093,,沖縄県,名護市,ウランダー墓,ウランダーバカ,,,市指定史跡,建造物,,沖縄県名護市運天原848,,26.670431,128.001312,,,,,,,1983-03-23,,,,,,,,,,,,
54,472093,,沖縄県,名護市,瀬嵩さんたち原のハル石,セダケサンタチバルノハルイシ,,,市指定史跡,その他,,沖縄県名護市瀬嵩403,,26.568281,128.056885,,,,,,,1983-03-23,,,,,,,,,,,,
55,472093,,沖縄県,名護市,古我知うちはら原のハル石,コガチウチハラバルノハルイシ,,,市指定史跡,その他,,沖縄県名護市古我知345,,26.626181,127.983269,,,,,,,1992-03-01,,,,,,,,,,,,
56,472093,,沖縄県,名護市,幸地又かうち原のハル石　ウ,コウチマタカウチバルノハルイシ　ウ,,,市指定史跡,その他,,沖縄県名護市名護2130,2131番地,26.586657,127.995552,,,,,,,2007-08-17,,,,,,,,,,,,
57,472093,,沖縄県,名護市,久志間切番所ガー,クシマギリバンジュガー,,,市指定史跡,その他,,沖縄県名護市瀬嵩173ｰ2,,26.5502115,128.0471358,,,,,,,2011-03-18,,,,,,,,,,,,
58,472093,,沖縄県,名護市,我部の塩田跡,ガブノエンデンアト,,,市指定史跡,その他,,沖縄県名護市我部６９７,地先,26.661095,128.00061,,,,,,,2013-06-04,,,,,,,,,,,,
59,472093,,沖縄県,名護市,幸地又かうち原のハル石　ぬ,コウチマタカウチバルノハルイシ　ヌ,,,市指定史跡,その他,,沖縄県名護市名護幸地原5829,,26.610247,127.984612,,,,,,,2018-12-28,,,,,,,,,,,,
60,472093,,沖縄県,名護市,天仁屋バンサチの火立跡,テニヤバンサチノホダチアト,,市指定史跡・名勝,市指定史跡・名勝,その他,,沖縄県名護市天仁屋865ｰ1,,26.577972,128.117935,,,,,,,1990-07-01,,,,,,,,,,,,
61,472093,,沖縄県,名護市,源河ウェーキ,ゲンガウェーキ,,,市指定登録有形文化財,建造物,,沖縄県名護市源河213,、214番地,26.613892,128.076813,,,,,,,2000-12-22,,,,,,,,,,,,
62,472093,,沖縄県,名護市,安和の石橋,アワノイシバシ,,,市指定登録有形文化財,建造物,,沖縄県名護市安和156-2,地先,26.6112282,127.9278804,,,,,,,2014-09-11,,,,,,,,,,,,
63,472093,,沖縄県,名護市,「琉球嶌真景」絵巻,「リュウキュウトウシンケイ」エマキ,,,市指定登録有形文化財,その他,,沖縄県名護市東江1-8ｰ11,名護博物館,26.5861805,127.9847558,(0980)53-1342,,,,,,1992-11-01,,,,,,,,,,,,
64,472093,,沖縄県,名護市,名護小学校の「のぞみの像」,ナゴショウガッコウノ「ノゾミノゾウ」,,,市指定登録有形文化財,美術工芸品,,沖縄県名護市大西2ｰ2-22 ,名護小学校,26.5937755,127.980292,,,,,,,2016-09-05,,,,,,,,,,,,
65,472093,,沖縄県,名護市,古我知焼黒釉耳付壺,コガチヤキコクユウミミツキツボ,,,市指定登録有形文化財,美術工芸品,,沖縄県名護市東江1-8ｰ11,名護博物館,26.5861805,127.9847558,(0980)53-1342,,,,,,1992-12-01,,,,,,,,,,,,
66,472093,,沖縄県,名護市,古我知焼焼締小型水甕,コガチヤキヤキシメコガタミズガメ,,,市指定登録有形文化財,美術工芸品,,沖縄県名護市東江1-8ｰ11,名護博物館,26.5861805,127.9847558,(0980)53-1342,,,,,,1992-12-01,,,,,,,,,,,,
67,472093,,沖縄県,名護市,古我知焼壺型飴釉厨子甕,コガチヤキツボガタアメユウズシガメ,,,市指定登録有形文化財,美術工芸品,,沖縄県名護市東江1-8ｰ11,名護博物館,26.5861805,127.9847558,(0980)53-1342,,,,,,1992-12-01,,,,,,,,,,,,
68,472093,,沖縄県,名護市,古我知焼壺型黒釉厨子甕(登録924),コガチヤキツボガタコクユウズシガメ(トウロク924),,,市指定登録有形文化財,美術工芸品,,沖縄県名護市東江1-8ｰ11,名護博物館,26.5861805,127.9847558,(0980)53-1342,,,,,,1992-12-01,,,,,,,,,,,,
69,472093,,沖縄県,名護市,古我知焼壺型黒釉厨子甕(登録2504,コガチヤキツボガタコクユウズシガメ(トウロク2504),,,市指定登録有形文化財,美術工芸品,,沖縄県名護市東江1-8ｰ11,名護博物館,26.5861805,127.9847558,(0980)53-1342,,,,,,1992-12-01,,,,,,,,,,,,
70,472093,,沖縄県,名護市,古我知焼壺型黒釉厨子甕(登録4739-2),コガチヤキツボガタコクユウズシガメ(トウロク4739-2),,,市指定登録有形文化財,美術工芸品,,沖縄県名護市東江1-8ｰ11,名護博物館,26.5861805,127.9847558,(0980)53-1342,,,,,,1992-12-01,,,,,,,,,,,,
71,472093,,沖縄県,名護市,古我知焼壺型クワディーサー釉厨子甕,コガチヤキツボガタクワディーサーユウズシガメ,,,市指定登録有形文化財,美術工芸品,,沖縄県名護市東江1-8ｰ11,名護博物館,26.5861805,127.9847558,(0980)53-1342,,,,,,1992-12-01,,,,,,,,,,,,
72,472093,,沖縄県,名護市,壷屋焼焼締四耳蓋付壺,ツボヤヤキヤキシメヨツミミフタツキツボ,,,市指定登録有形文化財,美術工芸品,,沖縄県名護市東江1-8ｰ11,名護博物館,26.5861805,127.9847558,(0980)53-1342,,,,,,1992-12-01,,,,,,,,,,,,
73,472093,,沖縄県,名護市,古我知焼水盤,コガチヤキスイバン,,,市指定登録有形文化財,美術工芸品,,沖縄県名護市東江1-8ｰ11,名護博物館,26.5861805,127.9847558,(0980)53-1342,,,,,,2012-10-01,,,,,,,,,,,,
74,472093,,沖縄県,名護市,程順則書軸,テイジュンソクショジク,,,市指定登録有形文化財,その他,,沖縄県名護市東江1-8ｰ11,名護博物館,26.5861805,127.9847558,(0980)53-1342,,,,,,1992-11-01,,,,,,,,,,,,
75,472093,,沖縄県,名護市,我部祖河仲ノ屋文書,ガブソカナカノヤブンショウ,,,市指定登録有形文化財,その他,,沖縄県名護市我部祖河109,,26.6219587,127.999168,,,,,,,1983-03-23,,,,,,,,,,,,
76,472093,,沖縄県,名護市,山本川恒の民話,ヤマモトセンコウノミンワ,,,市指定登録有形文化財,その他,,沖縄県名護市：地域を定めず,,26.591555,127.97747,,,,,,,2003-08-28,,,,,,,,,,,,
77,472093,,沖縄県,名護市,久志の観音堂,クシノカンノンドウ,,,市指定重要有形民俗文化財,建造物,,沖縄県名護市久志369,,26.5151977,128.0097978,,,,,,,1987-07-15,,,,,,,,,,,,
78,472093,,沖縄県,名護市,我部の葬具一式,ガブノソウグイッシキ,,,市指定重要有形民俗文化財,その他,,沖縄県名護市東江1-8ｰ11,名護博物館,26.5861805,127.9847558,(0980)53-1342,,,,,,1992-11-01,,,,,,,,,,,,
79,472093,,沖縄県,名護市,ピトゥ狩猟具,ピトゥシュリョウグ,,,市指定重要有形民俗文化財,その他,,沖縄県名護市東江1-8ｰ11,名護博物館,26.5861805,127.9847558,(0980)53-1342,,,,,,1992-11-01,,,,,,,,,,,,
80,472093,,沖縄県,名護市,謝名城の高倉,ジャナグスクノタカクラ,,,市指定重要有形民俗文化財,建造物,,沖縄県名護市東江1-8ｰ11,名護博物館,26.5861805,127.9847558,(0980)53-1342,,,,,,1992-11-01,,,,,,,,,,,,
81,472093,,沖縄県,名護市,名護博物館収蔵のハル石,ナゴハクブツカンシュウゾウノハルイシ,,,市指定重要有形民俗文化財,その他,,沖縄県名護市東江1-8ｰ11,名護博物館,26.5861805,127.9847558,(0980)53-1342,,,,,,1992-11-01,,,,,,,,,,,,
82,472093,,沖縄県,名護市,名護博物館収蔵のハル石,ナゴハクブツカンシュウゾウノハルイシ,,,市指定重要有形民俗文化財,その他,,沖縄県名護市東江1-8ｰ11,名護博物館,26.5861805,127.9847558,(0980)53-1342,,,,,,2014-03-31,,,,,,,,,,,,
83,472093,,沖縄県,名護市,天仁屋ウッカーヌビジュル,テニヤウッカーヌビジュル,,,市指定重要有形民俗文化財,その他,,沖縄県名護市天仁屋288,、311番地とその間の河川,26.577972,128.117935,,,,,,,2007-08-17,,,,,,,,,,,,
84,472093,,沖縄県,名護市,源河の長者の大主,ゲンガノチョウジャノオオヌシ,,,市指定重要有形民俗文化財,その他,,沖縄県名護市源河区,,26.613892,128.076813,,,,,,,2000-12-22,,,,,,,,,,,,
85,472093,,沖縄県,名護市,安和のウシデーク,アワノウシデーク,,,市指定重要有形民俗文化財,その他,,沖縄県名護市安和区,,26.614853,127.916855,,,,,,,2000-12-22,,,,,,,,,,,,
86,472093,,沖縄県,名護市,幸喜の柳,コウキノヤナギ,,,市指定重要有形民俗文化財,その他,,沖縄県名護市幸喜区,,26.532351,127.95919,,,,,,,2001-12-27,,,,,,,,,,,,
