_id,NO,名称,名称_カナ,住所,方書,緯度,経度,標高,電話番号,内線番号,市区町村コード,都道府県名,市区町村名,災害種別_洪水,災害種別_崖崩れ、土石流及び地滑り,災害種別_高潮,災害種別_地震,災害種別_津波,災害種別_大規模な火事,災害種別_内水氾濫,災害種別_火山現象,指定避難所との重複,想定収容人数,対象となる町会・自治会,URL,備考
1,1,南桃原二丁目公園,ミナミトウバルニチョウメコウエン,沖縄県沖縄市南桃原2-5,,26.31852006,127.7822035,,,,47211,沖縄県,沖縄市,1,1,1,1,1,,,,,,,,
2,2,諸見里公園,モロミザトコウエン,沖縄県沖縄市園田3-25,,26.32672024,127.7963947,,,,47211,沖縄県,沖縄市,1,,1,1,1,,,,,,,,
3,3,若夏公園,ワカナツコウエン,沖縄県沖縄市東2-23,,26.34525568,127.824246,,,,47211,沖縄県,沖縄市,1,1,1,1,1,,,,,,,,
4,4,マンタ公園,マンタコウエン,沖縄県沖縄市海邦2-13,,26.33182029,127.8349648,,,,47211,沖縄県,沖縄市,1,1,,1,,,,,,,,,
5,5,松本都市緑地,マツモトトチリョクチ,沖縄県沖縄市松本1-10,,26.35437758,127.8166858,,,,47211,沖縄県,沖縄市,1,1,1,1,1,,,,,,,,
6,6,馬場都市緑地,ババトシリョクチ,沖縄県沖縄市知花6-41,,26.36592315,127.8172958,,,,47211,沖縄県,沖縄市,1,1,1,1,1,,,,,,,,
7,7,センター公園,センターコウエン,沖縄県沖縄市嘉間良1-1,,26.3403425,127.8026493,,,,47211,沖縄県,沖縄市,1,,1,1,1,,,,,,,,
8,8,明道公園,アケミチコウエン,沖縄県沖縄市明道1-13,,26.3563335,127.8220533,,,,47211,沖縄県,沖縄市,1,1,1,1,1,,,,,,,,
9,9,美里公園,ミサトコウエン,沖縄県沖縄市美原4-4,,26.34862873,127.8195605,,,,47211,沖縄県,沖縄市,1,1,1,1,1,,,,,,,,
10,10,黒潮公園,クロシオコウエン,沖縄県沖縄市泡瀬2-34,,26.31754159,127.8348412,,,,47211,沖縄県,沖縄市,1,1,,1,,,,,,,,,
11,11,美東公園,ビトウコウエン,沖縄県沖縄市高原5-20,,26.32165735,127.8272543,,,,47211,沖縄県,沖縄市,1,1,,1,,,,,,,,,
12,12,越来小学校（運動場）,ゴエクショウガッコウ（ウンドウジョウ）,沖縄県沖縄市越来1-2-2,,26.342561,127.812369,,,,47211,沖縄県,沖縄市,1,1,1,1,1,,,,1,,,,
13,13,コザ小学校（運動場）,コザショウガッコウ（ウンドウジョウ）,沖縄県沖縄市中央4-16-1,,26.342548,127.800729,,,,47211,沖縄県,沖縄市,1,1,1,1,1,,,,1,,,,
14,14,中の町小学校（運動場）,ナカノマチショウガッコウ（ウンドウジョウ）,沖縄県沖縄市上地3-4-1,,26.333113,127.793205,,,,47211,沖縄県,沖縄市,1,1,1,1,1,,,,1,,,,
15,15,安慶田小学校（運動場）,アゲタショウガッコウ（ウンドウジョウ）,沖縄県沖縄市安慶田2-18-1,,26.334965,127.813403,,,,47211,沖縄県,沖縄市,,1,1,1,1,,,,,,,,
16,16,諸見小学校（運動場）,モロミショウガッコウ（ウンドウジョウ）,沖縄県沖縄市胡屋2-3-1,,26.333372,127.800322,,,,47211,沖縄県,沖縄市,1,1,1,1,1,,,,1,,,,
17,17,島袋小学校（運動場）,シマブクロショウガッコウ（ウンドウジョウ）,沖縄県沖縄市久保田2-21-1,,26.324894,127.798209,,,,47211,沖縄県,沖縄市,1,1,1,1,1,,,,1,,,,
18,18,山内小学校（運動場）,ヤマウチショウガッコウ（ウンドウジョウ）,沖縄県沖縄市山内2-32-2,,26.3248,127.784247,,,,47211,沖縄県,沖縄市,1,1,1,1,1,,,,1,,,,
19,19,北美小学校（運動場）,キタミショウガッコウ（ウンドウジョウ）,沖縄県沖縄市登川1515,,26.37669,127.821084,,,,47211,沖縄県,沖縄市,1,1,1,1,1,,,,1,,,,
20,20,美里小学校（運動場）,ミサトショウガッコウ（ウンドウジョウ）,沖縄県沖縄市美里4-1-1,,26.3504219,127.8127753,,,,47211,沖縄県,沖縄市,1,1,1,1,1,,,,1,,,,
21,21,美東小学校（運動場）,ビトウショウガッコウ（ウンドウジョウ）,沖縄県沖縄市桃原3-4-1,,26.33351029,127.8279803,,,,47211,沖縄県,沖縄市,1,1,,1,,,,,1,,,,
22,22,宮里小学校（運動場）,ミヤザトショウガッコウ（ウンドウジョウ）,沖縄県沖縄市宮里3-27-1,,26.338868,127.821807,,,,47211,沖縄県,沖縄市,1,1,1,1,1,,,,1,,,,
23,23,高原小学校（運動場）,タカハラショウガッコウ（ウンドウジョウ）,沖縄県沖縄市高原5-12-2,,26.32215731,127.825808,,,,47211,沖縄県,沖縄市,1,1,,1,,,,,1,,,,
24,24,室川小学校（運動場）,ムロカワショウガッコウ（ウンドウジョウ）,沖縄県沖縄市室川2-24-1,,26.335357,127.808586,,,,47211,沖縄県,沖縄市,1,,1,1,1,,,,,,,,
25,25,美原小学校（運動場）,ミハラショウガッコウ（ウンドウジョウ）,沖縄県沖縄市美原4-20-1,,26.350052,127.82051,,,,47211,沖縄県,沖縄市,1,1,1,1,1,,,,1,,,,
26,26,泡瀬小学校（運動場）,アワセショウガッコウ（ウンドウジョウ）,沖縄県沖縄市泡瀬2-33-10,,26.316405,127.835385,,,,47211,沖縄県,沖縄市,1,1,,1,,,,,,,,,
27,27,比屋根小学校（運動場）,ヒヤゴンショウガッコウ（ウンドウジョウ）,沖縄県沖縄市比屋根6-2-1,,26.314049,127.816723,,,,47211,沖縄県,沖縄市,1,1,1,1,1,,,,1,,,,
28,28,越来中学校（運動場）,ゴエクチュウガッコウ（ウンドウジョウ）,沖縄県沖縄市越来1-2-1,,26.34170917,127.8116983,,,,47211,沖縄県,沖縄市,1,1,1,1,1,,,,1,,,,
29,29,コザ中学校（運動場）,コザチュウガッコウ（ウンドウジョウ）,沖縄県沖縄市胡屋3-38-1,,26.332054,127.80529,,,,47211,沖縄県,沖縄市,1,1,1,1,1,,,,1,,,,
30,30,山内中学校（運動場）,ヤマウチチュウガッコウ（ウンドウジョウ）,沖縄県沖縄市山内2-20-1,,26.323523,127.784573,,,,47211,沖縄県,沖縄市,1,1,1,1,1,,,,1,,,,
31,31,美里中学校（運動場）,ミサトチュウガッコウ（ウンドウジョウ）,沖縄県沖縄市知花1-24-1,,26.359801,127.818279,,,,47211,沖縄県,沖縄市,1,1,1,1,1,,,,1,,,,
32,32,美東中学校（運動場）,ビトウチュウガッコウ（ウンドウジョウ）,沖縄県沖縄市高原5-12-1,,26.32265736,127.8251589,,,,47211,沖縄県,沖縄市,1,1,,1,,,,,1,,,,
33,33,安慶田中学校（運動場）,アゲタチュウガッコウ（ウンドウジョウ）,沖縄県沖縄市安慶田3-8-1,,26.33150014,127.812429,,,,47211,沖縄県,沖縄市,,1,1,1,1,,,,,,,,
34,34,宮里中学校（運動場）,ミヤザトチュウガッコウ（ウンドウジョウ）,沖縄県沖縄市東2-17-1,,26.34370696,127.8251165,,,,47211,沖縄県,沖縄市,1,1,1,1,1,,,,1,,,,
35,35,沖縄東中学校（運動場）,オキナワヒガシチュウガッコウ（ウンドウジョウ）,沖縄県沖縄市桃原260-2,,26.329942,127.829815,,,,47211,沖縄県,沖縄市,1,1,,1,,,,,,,,,
36,36,八重島公園,ヤエシマコウエン,沖縄県沖縄市八重島1-1,,26.34485696,127.8012443,,,,47211,沖縄県,沖縄市,1,,1,1,1,,,,,,,,
37,37,コザ運動公園（広域）,コザウンドウコウエン（コウイキ）,沖縄県沖縄市諸見里2-1,,26.33198708,127.7871785,,,,47211,沖縄県,沖縄市,1,1,1,1,1,,,,,,,,
38,38,農民研修センター ふれあい広場（小規模）,ノウミンケンシュウセンター フレアイヒロバ（ショウキボ）,沖縄県沖縄市登川2380,,26.36801984,127.8171943,,,,47211,沖縄県,沖縄市,1,1,1,1,1,,,,,,,,
39,39,泡瀬市営住宅（津波避難ビル）,アワセシエイジュウタク（ツナミヒナンビル）,沖縄県沖縄市泡瀬6-27,,26.329795,127.831659,,,,47211,沖縄県,沖縄市,,,,,1,,,,,,,,
40,40,美里高等学校（運動場）,ミサトコウトウガッコウ（ウンドウジョウ）,沖縄県沖縄市松本2-5-1,,26.355261,127.819746,,,,47211,沖縄県,沖縄市,1,1,1,1,1,,,,1,,,,
41,41,球陽高等学校・球陽中学校（運動場）,キュウヨウコウトウガッコウ・キュウヨウチュウガッコウ（ウンドウジョウ）,沖縄県沖縄市南桃原1-10-1,,26.319306,127.785762,,,,47211,沖縄県,沖縄市,1,1,1,1,1,,,,1,,,,
42,42,コザ高等学校（運動場）,コザコウトウガッコウ（ウンドウジョウ）,沖縄県沖縄市照屋5-5-1,,26.331383,127.819778,,,,47211,沖縄県,沖縄市,1,,1,1,1,,,,1,,,,
43,43,美来工科高等学校（運動場）,ミライコウカコウトウガッコウ（ウンドウジョウ）,沖縄県沖縄市越来3-17-1,,26.34898176,127.807948,,,,47211,沖縄県,沖縄市,1,1,1,1,1,,,,1,,,,
44,44,美里工業高等学校（運動場）,ミサトコウギョウコウトウガッコウ（ウンドウジョウ）,沖縄県沖縄市泡瀬5-42-2,,26.326397,127.82995,,,,47211,沖縄県,沖縄市,1,1,,1,,,,,,,,,
45,45,沖縄県総合運動公園（広域）,オキナワケンソウゴウウンドウコウエン（コウイキ）,沖縄県沖縄市比屋根5-3-1,,26.31043433,127.8223919,,,,47211,沖縄県,沖縄市,1,1,,1,,,,,,,,,
1,1,松田小学校(ｸﾞﾗｳﾝﾄﾞ),マツダショウガッコウ(グラウンド),沖縄県宜野座村松田2261,,26.504902,127.984398,,(098)968-8506,,473138,沖縄県,宜野座村,1,1,1,1,1,1,,,,"2,400",,,
2,2,宜野座小学校(ｸﾞﾗｳﾝﾄﾞ),ギノザショウガッコウ（グラウンド）,沖縄県宜野座村宜野座1198,,26.498165,127.971642,,(098)968-8550,,473138,沖縄県,宜野座村,1,1,1,1,1,1,,,,"3,400",,,
3,3,漢那小学校(ｸﾞﾗｳﾝﾄﾞ),カンナショウガッコウ（グラウンド）,沖縄県宜野座村漢那1987-5,,26.488623,127.944199,,(098)968-2511,,473138,沖縄県,宜野座村,1,1,1,1,1,1,,,,"3,500",,,
4,4,宜野座中学校(ｸﾞﾗｳﾝﾄﾞ),ギノザチュウガッコウ（グラウンド）,沖縄県宜野座村惣慶1505-1,,26.490911,127.960503,,(098)968-8510,,473138,沖縄県,宜野座村,1,1,1,1,1,1,,,,"5,000",,,
5,5,宜野座高校(ｸﾞﾗｳﾝﾄﾞ),ギノザコウコウ（グラウンド）,沖縄県宜野座村宜野座157,,26.498165,127.971642,,(098)968-8311,,473138,沖縄県,宜野座村,1,1,1,1,1,1,,,,"2,400",,,
6,6,村総合グラウントﾞ,ソンソウゴウグラウンド,沖縄県宜野座村宜野座250,,26.498165,127.971642,,,,473138,沖縄県,宜野座村,1,1,1,1,1,1,,,,"3,500",,,
7,7,松田地区農村公園,マツダチクノウソンコウエン,沖縄県宜野座村松田413-1,,26.504902,127.984398,,,,473138,沖縄県,宜野座村,1,1,1,1,1,1,,,,750,,,
8,8,宜野座地区児童公園,ギノザチクジドウコウエン,沖縄県宜野座村宜野座698-2,,26.498165,127.971642,,,,473138,沖縄県,宜野座村,,1,,1,,1,,,,250,,,
9,9,農村公園,ノウソンコウエン,沖縄県宜野座村惣慶1857,,26.490911,127.960503,,,,473138,沖縄県,宜野座村,1,1,1,1,1,1,,,,"3,400",,,
10,10,惣慶児童公園（公民館隣接）,ソケイジドウコウエン（コウミンカンリンセツ）,沖縄県宜野座村惣慶1588,,26.490911,127.960503,,,,473138,沖縄県,宜野座村,1,1,1,1,1,1,,,,"2,750",,,
11,11,福山児童公園（公民館隣接）,フクヤマジドウコウエン（コウミンカンリンセツ）,沖縄県宜野座村惣慶2046-83,,26.490911,127.960503,,,,473138,沖縄県,宜野座村,1,1,1,1,1,1,,,,"1,250",,,
12,12,漢那ﾖﾘｱｹﾞの森緑地公園,カンナヨリアゲノモリリョクチコウエン,沖縄県宜野座村漢那976-1,,26.488623,127.944199,,,,473138,沖縄県,宜野座村,1,1,1,1,1,1,,,,200,,,
13,13,漢那児童公園,カンナジドウコウエン,沖縄県宜野座村漢那1773-1,,26.488623,127.944199,,,,473138,沖縄県,宜野座村,,1,,1,,1,,,,"1,400",,,
14,14,城原緑地公園,シロバルリョクチコウエン,沖縄県宜野座村漢那2276-1,,26.488623,127.944199,,,,473138,沖縄県,宜野座村,1,1,1,1,1,1,,,,650,,,
15,15,城原近隣公園,シロハラリンセツコウエン,沖縄県宜野座村漢那2262-1,,26.488623,127.944199,,,,473138,沖縄県,宜野座村,1,1,1,1,1,1,,,,"6,000",,,
16,16,宜野座ドーム,ギノザドーム,沖縄県宜野座村宜野座181,,26.498165,127.971642,,(098)968-8780,,473138,沖縄県,宜野座村,1,1,1,1,1,1,,,1,"1,000",,,
17,17,宜野座村野球場,ギノザソンヤキュウジョウ,沖縄県宜野座村宜野座188-1,,26.498165,127.971642,,(098)968-8780,,473138,沖縄県,宜野座村,1,1,1,1,1,1,,,,"3,600",,,
18,18,並松公園,ナミマツコウエン,沖縄県宜野座村惣慶1484,,26.490911,127.960503,,,,473138,沖縄県,宜野座村,1,1,1,1,1,1,,,,780,,,
19,19,高松公園,タカマツコウエン,沖縄県宜野座村松田2629-121,,26.504902,127.984398,,,,473138,沖縄県,宜野座村,1,1,1,1,1,1,,,,650,,,
20,20,古島公園,フルジマコウエン,沖縄県宜野座村宜野座13,,26.498165,127.971642,,,,473138,沖縄県,宜野座村,1,1,1,1,1,1,,,,526,,,
1,1,あすなろ児童公園,アスナロジドウコウエン,沖縄県宜野湾市宜野湾市野嵩1-12-1,,26.280349,127.779332,,,,472051,沖縄県,宜野湾市,,1,1,1,1,,,,,925,,,
2,2,まつのおか児童公園,マツノオカジドウコウエン,沖縄県宜野湾市宜野湾市野嵩1-6-1 ,,26.278562,127.781002,,,,472051,沖縄県,宜野湾市,,1,1,1,1,,,,,926,,,
3,3,きさらぎ児童公園,キサラギジドウコウエン,沖縄県宜野湾市宜野湾市野嵩1-43,,26.284564,127.781731,,,,472051,沖縄県,宜野湾市,,1,1,1,1,,,,,983,,,
4,4,のだけ公園,ノダケコウエン,沖縄県宜野湾市宜野湾市野嵩3-15-45,,26.288134,127.783504,,,,472051,沖縄県,宜野湾市,,1,1,1,1,,,,,3325,,,
5,5,ひがし児童公園,ヒガシジドウコウエン,沖縄県宜野湾市宜野湾市野嵩4-23-17,,26.291486,127.783995,,,,472051,沖縄県,宜野湾市,,1,1,1,1,,,,,238,,,
6,6,ふてんま公園,フテンマコウエン,沖縄県宜野湾市宜野湾市普天間1-22-22,,26.292726,127.779944,,,,472051,沖縄県,宜野湾市,,1,1,1,1,,,,,826,,,
7,7,ながつき児童公園,ナガツキジドウコウエン,沖縄県宜野湾市宜野湾市新城1-1-16,,26.292726,127.774819,,,,472051,沖縄県,宜野湾市,,1,1,1,1,,,,,129,,,
8,8,あらしろ児童公園,アラシロジドウコウエン,沖縄県宜野湾市宜野湾市新城2-5-1,,26.285514,127.77196,,,,472051,沖縄県,宜野湾市,,1,1,1,1,,,,,247,,,
9,9,ちゅんなー公園,チュンナーコウエン,沖縄県宜野湾市宜野湾市喜友名1-29-1,,26.286763,127.763711,,,,472051,沖縄県,宜野湾市,,1,1,1,1,,,,,512,,,
10,10,伊佐児童公園,イサジドウコウエン,沖縄県宜野湾市宜野湾市伊佐3-12-2,,26.293792,127.755964,,,,472051,沖縄県,宜野湾市,,1,,1,,,,,,1009,,,
11,11,伊佐第二児童公園,イサダイニジドウコウエン,沖縄県宜野湾市宜野湾市伊佐2-21-2 ,,26.287075,127.753598,,,,472051,沖縄県,宜野湾市,,1,1,1,,,,,,1428,,,
12,12,あだん児童公園,アダンジドウコウエン,沖縄県宜野湾市宜野湾市大山6-26-1 ,,26.277503,127.738467,,,,472051,沖縄県,宜野湾市,,1,1,1,,,,,,711,,,
13,13,シーサー児童公園,シーサージドウコウエン,沖縄県宜野湾市宜野湾市大山6-44-8,,26.278976,127.738463,,,,472051,沖縄県,宜野湾市,,1,,1,,,,,,456,,,
14,14,宜野湾海浜公園,ギノワンカイヒンコウエン,沖縄県宜野湾市宜野湾市真志喜4-2-1 ,,26.281107,127.7339,,,,472051,沖縄県,宜野湾市,,1,,1,,,,,,45142,,,
15,15,市立グラウンド,シリツグラウンド,沖縄県宜野湾市宜野湾市真志喜3-25-1 ,,26.277405,127.734294,,,,472051,沖縄県,宜野湾市,,1,,1,,,,,,8000,,,
16,16,わかたけ児童公園,ワカタケジドウコウエン,沖縄県宜野湾市宜野湾市真志喜2-10-1,,26.274768,127.73802,,,,472051,沖縄県,宜野湾市,,1,1,1,1,,,,,1105,,,
17,17,いすのき児童公園,イスノキジドウコウエン,沖縄県宜野湾市宜野湾市真志喜2-4-1 ,,26.272648,127.738579,,,,472051,沖縄県,宜野湾市,,1,1,1,1,,,,,571,,,
18,18,ましき児童公園,マシキジドウコウエン,沖縄県宜野湾市宜野湾市真志喜3-12-1,,26.27379,127.736104,,,,472051,沖縄県,宜野湾市,,1,1,1,1,,,,,947,,,
19,19,ゆうな児童公園,ユウナジドウコウエン,沖縄県宜野湾市宜野湾市真志喜3-23-1,,26.27617,127.733194,,,,472051,沖縄県,宜野湾市,,1,1,1,,,,,,689,,,
20,20,森川公園,モリカワコウエン,沖縄県宜野湾市宜野湾市真志喜1-24-1,,26.270395,127.741318,,,,472051,沖縄県,宜野湾市,,1,1,1,1,,,,,11920,,,
21,21,かたばる公園 ,カタバルコウエン,沖縄県宜野湾市宜野湾市字宇地泊751-11,,26.274236,127.731014,,,,472051,沖縄県,宜野湾市,,1,1,1,,,,,,757,,,
22,22,ガジュマル児童公園,ガジュマルジドウコウエン,沖縄県宜野湾市宜野湾市字宇地泊471,,26.269767,127.728975,,,,472051,沖縄県,宜野湾市,,1,1,1,1,,,,,800,,,
23,23,ゆうひ児童公園,ユウヒジドウコウエン,沖縄県宜野湾市宜野湾市字宇地泊598,,26.271048,127.726399,,,,472051,沖縄県,宜野湾市,,1,,1,,,,,,577,,,
24,24,青空公園,アオゾラコウエン,沖縄県宜野湾市宜野湾市嘉数4-617-2,,26.262014,127.729633,,,,472051,沖縄県,宜野湾市,,1,1,1,1,,,,,161,,,
25,25,比屋良川公園,ヒヤラガワコウエン,沖縄県宜野湾市宜野湾市嘉数4-824-1,,26.258485,127.740357,,,,472051,沖縄県,宜野湾市,,1,1,1,1,,,,,3496,,,
26,26,嘉数高台公園,カカズタカダイコウエン,沖縄県宜野湾市宜野湾市嘉数1-5,,26.258753,127.736995,,,,472051,沖縄県,宜野湾市,,1,1,1,1,,,,,9638,,,
27,27,まえはら児童公園,マエハラジドウコウエン,沖縄県宜野湾市宜野湾市真栄原1-15-18,,26.257247,127.74643,,,,472051,沖縄県,宜野湾市,,1,1,1,1,,,,,496,,,
28,28,ぐんばる公園,グンバルジドウコウエン,沖縄県宜野湾市宜野湾市真栄原3-11-1,,26.263513,127.743217,,,,472051,沖縄県,宜野湾市,,1,1,1,1,,,,,571,,,
29,29,おおぶき公園,オオブキコウエン,沖縄県宜野湾市宜野湾市真栄原3-24-8,,26.263641,127.745325,,,,472051,沖縄県,宜野湾市,,1,1,1,1,,,,,400,,,
30,30,佐真下公園,サマシタコウエン,沖縄県宜野湾市宜野湾市真栄原3-38,,26.263871,127.748115,,,,472051,沖縄県,宜野湾市,,1,1,1,1,,,,,1914,,,
31,31,がねこ児童公園,ガネコジドウコウエン,沖縄県宜野湾市宜野湾市我如古4-15-40,,26.254307,127.750909,,,,472051,沖縄県,宜野湾市,,1,1,1,1,,,,,346,,,
32,32,しまし公園,シマシコウエン,沖縄県宜野湾市宜野湾市志真志3-16-3,,26.256304,127.761073,,,,472051,沖縄県,宜野湾市,,1,1,1,1,,,,,457,,,
33,33,ながた児童公園,ナガタジドウコウエン,沖縄県宜野湾市宜野湾市長田3-27,,26.260988,127.766123,,,,472051,沖縄県,宜野湾市,,1,1,1,1,,,,,912,,,
34,34,いこいの市民パーク,イコイノシミンパーク,沖縄県宜野湾市宜野湾市宜野湾1-14-24,,26.267272,127.763154,,,,472051,沖縄県,宜野湾市,,1,1,1,1,,,,,13423,,,
35,35,まつぼっくり公園,マツボックリコウエン,沖縄県宜野湾市宜野湾市愛知2-5,,26.268689,127.769866,,,,472051,沖縄県,宜野湾市,,1,1,1,1,,,,,1714,,,
36,36,あかみち公園,アカミチコウエン,沖縄県宜野湾市宜野湾市赤道1-5-14,,26.27188,127.770228,,,,472051,沖縄県,宜野湾市,,1,1,1,1,,,,,594,,,
37,37,うえはら児童公園,ウエハラジドウコウエン,沖縄県宜野湾市宜野湾市上原1-22-8,,26.277414,127.774873,,,,472051,沖縄県,宜野湾市,,1,1,1,1,,,,,714,,,
1,1,平和祈念公園,ヘイワキネンコウエン,沖縄県糸満市摩文仁444,,26.096569,127.723091,,,,472107,沖縄県,糸満市,1,1,1,1,1,1,1,,,"197,933",,,
2,2,糸満観光農園,イトマンカンコウノウエン,沖縄県糸満市摩文仁1018,,26.10376,127.716934,,,,472107,沖縄県,糸満市,1,1,1,1,1,1,1,,,"138,762",,,
3,3,ロンドン杜公園,ロンドンモリコウエン,沖縄県糸満市真栄里1473,,26.115919,127.67643,,,,472107,沖縄県,糸満市,1,1,1,1,1,1,1,,,"12,000",,,
4,4,西崎総合運動公園,ニシザキソウゴウウンドウコウエン,沖縄県糸満市西崎町3,,26.146656,127.666412,,,,472107,沖縄県,糸満市,,1,,,,1,,,,"109,667",,,
5,5,糸満小学校グラウンド,イトマンショウガッコウグラウンド,沖縄県糸満市糸満673,,26.130802,127.674576,,,,472107,沖縄県,糸満市,1,1,1,1,1,1,1,,,"6,753",,,
6,6,糸満中学校グラウンド,イトマンチュウガッコウグラウンド,沖縄県糸満市糸満1880,,26.131386,127.67643,,,,472107,沖縄県,糸満市,1,1,1,1,1,1,1,,,"13,838",,,
7,7,兼城小学校グラウンド,カネグスクショウガッコウグラウンド,沖縄県糸満市賀数1,,26.145575,127.690536,,,,472107,沖縄県,糸満市,1,1,1,1,1,1,1,,,"5,023",,,
8,8,兼城中学校グラウンド,カネグスクチュウガッコウグラウンド,沖縄県糸満市座波1271,,26.145004,127.691521,,,,472107,沖縄県,糸満市,1,1,1,1,1,1,1,,,"10,881",,,
9,9,米須小学校グラウンド,コメスショウガッコウグラウンド,沖縄県糸満市米須632,,26.097443,127.69725,,,,472107,沖縄県,糸満市,1,1,1,1,1,1,1,,,"6,431",,,
10,10,真壁小学校グラウンド,マカベショウガッコウグラウンド,沖縄県糸満市真壁630,,26.102402,127.688858,,,,472107,沖縄県,糸満市,1,1,1,1,1,1,1,,,"9,226",,,
11,11,三和中学校グラウンド,ミワチュウガッコウグラウンド,沖縄県糸満市真壁519,,26.102402,127.688858,,,,472107,沖縄県,糸満市,1,1,1,1,1,1,1,,,"14,754",,,
12,12,喜屋武小学校グラウンド,キャンショウガッコウグラウンド,沖縄県糸満市喜屋武555,,26.093155,127.668007,,,,472107,沖縄県,糸満市,1,1,1,1,1,1,1,,,"8,225",,,
13,13,高嶺小学校グラウンド,タカミネショウガッコウグラウンド,沖縄県糸満市大里1901,,26.127583,127.689133,,,,472107,沖縄県,糸満市,1,1,1,1,1,1,1,,,"6,140",,,
14,14,高嶺中学校グラウンド,タカミネチュウガッコウグラウンド,沖縄県糸満市大里1902,,26.127583,127.689133,,,,472107,沖縄県,糸満市,1,1,1,1,1,1,1,,,"11,201",,,
15,15,社会福祉センターグラウンド,シャカイフクシセンターグラウンド,沖縄県糸満市真栄里857,,26.111498,127.670662,,,,472107,沖縄県,糸満市,1,1,1,1,1,1,1,,,"11,696",,,
16,16,西崎小学校グラウンド,ニシザキショウガッコウグラウンド,沖縄県糸満市西崎2-4-1,,26.142107,127.66626,,,,472107,沖縄県,糸満市,,1,,,,1,,,,"12,121",,,
17,17,西崎小学校校舎,ニシザキショウガッコウコウシャ,沖縄県糸満市西崎2-4-1,,26.142107,127.66626,,,,472107,沖縄県,糸満市,,,,,1,,,,,"1,361",,,
18,18,西崎中学校グラウンド,ニシザキチュウガッコウグラウンド,沖縄県糸満市西崎町3-422,,26.147301,127.669487,,,,472107,沖縄県,糸満市,,1,,,,1,,,,"14,509",,,
19,19,西崎中学校校舎,ニシザキチュウガコウコウシャ,沖縄県糸満市西崎町3-422,,26.147301,127.669487,,,,472107,沖縄県,糸満市,,,,,1,,,,,383,,,
20,20,光洋小学校グラウンド,コウヨウショガッコウグラウンド,沖縄県糸満市西崎町3-7-1,,26.148552,127.660522,,,,472107,沖縄県,糸満市,,1,,,,1,,,,"10,776",,,
21,21,糸満南小学校グラウンド,イトマンミナミショガッコウグラウンド,沖縄県糸満市潮崎町3-1,,26.12006,127.666321,,,,472107,沖縄県,糸満市,,1,,,,1,,,,"11,149",,,
22,22,潮平小学校グラウンド,シオヒラショウガッコウグラウンド,沖縄県糸満市潮平634-2,,26.145119,127.674324,,,,472107,沖縄県,糸満市,,1,,,,1,,,,"6,654",,,
23,23,潮平小学校校舎,シオヒラショウガッコウコウシャ,沖縄県糸満市潮平634-2,,26.145119,127.674324,,,,472107,沖縄県,糸満市,,,,,1,,,,,"1,652",,,
24,24,潮平中学校グラウンド,シオヒラチュウガッコウグラウンド,沖縄県糸満市阿波根1200,,26.148323,127.674683,,,,472107,沖縄県,糸満市,1,1,1,1,1,1,1,,,"10,470",,,
25,25,潮平中学校校舎,シオヒラチュウガッコウコウシャ,沖縄県糸満市阿波根1200,,26.148323,127.674683,,,,472107,沖縄県,糸満市,,,,,1,,,,,"1,948",,,
26,26,県営西崎団地,ケンエイニシザキダンチ,沖縄県糸満市西崎2-5-9,,26.14333,127.665741,,,,472107,沖縄県,糸満市,,,,,1,,,,,"2,256",,,
27,27,県営西崎第2団地,ケンエイニシザキダイニダンチ,沖縄県糸満市西崎町3-1,,26.146854,127.661232,,,,472107,沖縄県,糸満市,,,,,1,,,,,560,,,
28,28,県営潮平高層住宅,ケンエイシオヒラコウソウジュウタク,沖縄県糸満市潮平791,,26.150679,127.670708,,,,472107,沖縄県,糸満市,,,,,1,,,,,"2,584",,,
29,29,スポーツロッジ糸満,スポーツロッジイトマン,沖縄県糸満市西崎町3-1,,26.146854,127.661232,,,,472107,沖縄県,糸満市,,,,,1,,,,,106,,,
30,30,エンゼルハイム糸満,エンゼルハイムイトマン,沖縄県糸満市兼城581-1,,26.135698,127.670708,,,,472107,沖縄県,糸満市,,,,,1,,,,,420,,,
31,31,沖縄水産高等学校,オキナワスイサンコウトウガッコウ,沖縄県糸満市西崎1-1-1,,26.136864,127.665459,,,,472107,沖縄県,糸満市,,,,,1,,,,,"3,011",,,
32,32,県営浜川団地,ケンエイハマガワダンチ,沖縄県糸満市兼城340,,26.1423,127.673492,,,,472107,沖縄県,糸満市,,,,,1,,,,,"2,586",,,
33,33,糸満市役所,イトマンシヤクショ,沖縄県糸満市潮崎町1-1,,26.123459,127.665543,,,,472107,沖縄県,糸満市,,,,,1,,,,,"7,639",,,
34,34,糸満市中央図書館,イトマンシチュウオウトショカン,沖縄県糸満市真栄里1448,,26.119408,127.672501,,,,472107,沖縄県,糸満市,,,,,1,,,,,"3,612",,,
35,35,サザンビーチホテル,サザンビーチホテル,沖縄県糸満市西崎1-6-1,,26.132652,127.651337,,,,472107,沖縄県,糸満市,,,,,1,,,,,"3,428",,,
36,36,沖縄県立糸満高校,オキナワケンリツイトマンコウコウ,沖縄県糸満市糸満1696-1,,26.128204,127.676521,,,,472107,沖縄県,糸満市,,,,,1,,,,,"1,435",,,
37,37,すこやか館,スコヤカカン,沖縄県糸満市西崎6-4-8,,26.142677,127.670441,,,,472107,沖縄県,糸満市,,,,,1,,,,,85,,,
38,38,国道331号糸満高架橋,コクドウ331ゴウイトマンコウカキョウ,沖縄県糸満市糸満市西崎1,,26.128822,127.670143,,,,472107,沖縄県,糸満市,,,,,1,,,,,"1,560",,,
39,39,稲嶺原市営住宅A棟,イナミネバルシエイジュウタクAトウ,沖縄県糸満市糸満1736,,26.126904,127.679138,,,,472107,沖縄県,糸満市,,,,,1,,,,,699,,,
40,40,琉球ガラス村駐車場,リュウキュウガラスムラチュウシャジョウ,沖縄県糸満市福地169,,26.097441,127.677391,,,,472107,沖縄県,糸満市,1,1,1,1,1,1,1,,,"2,030",,,
41,41,優美堂駐車場,ユウビドウチュウシャジョウ,沖縄県糸満市伊原372-2,,26.09528,127.690277,,,,472107,沖縄県,糸満市,1,1,1,1,1,1,1,,,"3,765",,,
42,42,ひめゆり観光センターでいご駐車場,ヒメユリカンコウセンターデイゴチュウシャジョウ,沖縄県糸満市米須1056,,26.09656,127.692879,,,,472107,沖縄県,糸満市,1,1,1,1,1,1,1,,,"2,922",,,
43,43,ひめゆり会館駐車場,ヒメユリカイカンチュウシャジョウ,沖縄県糸満市伊原734,,26.096638,127.688454,,,,472107,沖縄県,糸満市,1,1,1,1,1,1,1,,,"4,181",,,
44,44,平和創造の森公園多目的広場,ヘイワソウゾウノモリコウエンタモクテキヒロバ,沖縄県糸満市山城449,,26.086124,127.686211,,,,472107,沖縄県,糸満市,1,1,1,1,1,1,1,,,"7,832",,,
1,101,大宜味村役場,オオギミソンヤクバ,大宜味村字大兼久157番地,,26.70161,128.120542,,(0980)44-3001,,473022,沖縄県,大宜味村,1,1,1,1,1,,,,1,138,大宜味村全域,,
2,102,田嘉里公民館,タカザトコウミンカン,大宜味村字田嘉里472番地,,26.711593,128.163092,,(0980)44-3026,,473022,沖縄県,大宜味村,,1,1,,,,,,,75,田嘉里区,,
3,103,謝名城公民館,ジャナグスクコウミンカン,大宜味村字謝名城36番地,,26.710213,128.155957,,(0980)44-3030,,473022,沖縄県,大宜味村,,,1,,1,,,,,32,謝名城区区,,
4,104,喜如嘉公民館,キジョカコウミンカン,大宜味村字喜如嘉777番地1,,26.706331,128.144681,,(0980)44-3809,,473022,沖縄県,大宜味村,,1,1,,,,,,,100,喜如嘉区,,
5,105,大宜味村農村環境改善センター,オオギミソンノウソンカンキョウカイゼンセンター,大宜味村字喜如嘉320番地,,26.707827,128.143673,,(0980)44-3672,,473022,沖縄県,大宜味村,,1,1,,,,,,,142,喜如嘉住区または、喜如嘉住区,,
6,106,饒波公民館,ヌウハコウミンカン,大宜味村字饒波22番地,,26.697302,128.131152,,(0980)44-3001,,473022,沖縄県,大宜味村,,,1,,,,,,,15,饒波区,,
7,107,大兼久公民館,オオガネクコウミンカン,大宜味村字大兼久30番地,,26.701974,128.121872,,(0980)44-3001,,473022,沖縄県,大宜味村,,,1,,,,,,,21,大兼久区,,
8,108,大宜味公民館,オオギミコウミンカン,大宜味村字大宜味189番地,,26.701635,128.117173,,(0980)44-3001,,473022,沖縄県,大宜味村,,1,1,,,,,,,34,大宜味区,,
9,109,根路銘公民館,ネロメコウミンカン,大宜味村字根路銘61番地,,26.695201,128.113697,,(0980)44-3001,,473022,沖縄県,大宜味村,,,1,,,,,,,29,根路銘区,,
10,110,上原公民館,ウエバルコウミンカン,大宜味村字上原193番地,,26.687,128.113396,,(0980)44-3001,,473022,沖縄県,大宜味村,,1,1,,1,,,,,26,上原区または、近隣行政区,,
11,111,塩屋公民館,シオヤコウミンカン,大宜味村字塩屋371番地2,,26.672559,128.10756,,(0980)44-2453,,473022,沖縄県,大宜味村,,1,1,,,,,,,43,塩屋区,,
12,112,屋古公民館,ヤココウミンカン,大宜味村字屋古17番地,,26.672867,128.11492,,(0980)44-3001,,473022,沖縄県,大宜味村,,1,1,,,,,,,29,屋古区,,
13,113,田港公民館,タミナトコウミンカン,大宜味村字田港80番地,,26.668352,128.121647,,(0980)44-3001,,473022,沖縄県,大宜味村,,,,,,,,,,13,田港区,,
14,114,押川公民館,オシカワコウミンカン,大宜味村字押川156番地,,26.672743,128.132311,,(0980)44-3001,,473022,沖縄県,大宜味村,,1,1,,1,,,,,19,押川区または、近隣行政区,,
15,115,大保公民館,タイホコウミンカン,大宜味村字大保1番地17,,26.658217,128.125552,,(0980)44-3001,,473022,沖縄県,大宜味村,,1,,,,,,,,30,大保区,,
16,116,白浜公民館,シラハマコウミンカン,大宜味村字白浜146番地,,26.662388,128.10815,,(0980)44-3001,,473022,沖縄県,大宜味村,,1,,,,,,,,16,白浜区,,
17,117,宮城公民館,ミヤギコウミンカン,大宜味村字宮城10番地,,26.665225,128.103429,,(0980)44-3001,,473022,沖縄県,大宜味村,,1,,,,,,,,22,宮城区,,
18,118,江洲公民館,エスコウミンカン,大宜味村字白浜442番地,,26.637284,128.120939,,(0980)44-3001,,473022,沖縄県,大宜味村,,1,1,,1,,,,,43,白浜区,,
19,119,津波公民館,ツハコウミンカン,大宜味村字津波620番地,,26.657815,128.094256,,(0980)44-2518,,473022,沖縄県,大宜味村,,,,,,,,,,33,津波区,,
1,1,防災支援センター,ボウサイシエンセンター,沖縄県渡名喜村445,,26.37211,127.141121,,,,473561,沖縄県,渡名喜村,1,,1,1,1,1,,,,50,,,
2,2,多目的拠点施設,タモクテキキョテンシセツ,沖縄県渡名喜村1860,,26.37211,127.141121,,(098)989-2068,,473561,沖縄県,渡名喜村,,,,,,,,,,45,,,
3,3,渡名喜幼・小中学校,トナキヨウ・ショウチュウガッコウ,沖縄県渡名喜村639,,26.37211,127.141121,,(098)989-2005,,473561,沖縄県,渡名喜村,,,1,,1,,,,,120,,,
1,1,渡慶次公民館,トケシコウミンカン,沖縄県中頭郡読谷村字渡慶次180,,26.420629,127.72655,44,098-958-4922,,47324,沖縄県,読谷村,,,,,,,,,,,,,指定避難所
2,2,渡慶次小学校,トケシショウガッコウ,沖縄県中頭郡読谷村字瀬名波510,,26.418448,127.729042,67,098-958-2503,,47324,沖縄県,読谷村,,,,,,,,,,,,,指定避難所
3,3,儀間公民館,ギマコウミンカン,沖縄県中頭郡読谷村字長浜1409,,26.416107,127.729187,50,098-958-3002,,47324,沖縄県,読谷村,,,,,,,,,,,,,指定避難所
4,4,瀬名波公民館,セナハコウミンカン,沖縄県中頭郡読谷村字瀬名波138,,26.420635,127.731367,63,098-958-2594,,47324,沖縄県,読谷村,,,,,,,,,,,,,指定避難所
5,5,宇座公民館,ウザコウミンカン,沖縄県中頭郡読谷村字長浜1840-2,,26.412586,127.732779,82,098-958-2231,,47324,沖縄県,読谷村,,,,,,,,,,,,,指定避難所
6,6,高志保公民館,タカシホコウミンカン,沖縄県中頭郡読谷村字高志保260,,26.40932,127.733444,78,098-958-4455,,47324,沖縄県,読谷村,,,,,,,,,,,,,指定避難所
7,7,読谷村立図書館,ヨミタンソンリツトショカン,沖縄県中頭郡読谷村字波平37,,26.406598,127.733434,90,098-958-3113,,47324,沖縄県,読谷村,,,,,,,,,,,,,指定避難所
8,8,読谷保育所,ヨミタンホイクジョ,沖縄県中頭郡読谷村字高志保1406,,26.407584,127.733705,86,098-958-3024,,47324,沖縄県,読谷村,,,,,,,,,,,,,指定避難所
9,9,波平公民館,ナミヒラコウミンカン,沖縄県中頭郡読谷村字波平61,,26.405725,127.733944,91,098-958-2229,,47324,沖縄県,読谷村,,,,,,,,,,,,,指定避難所
10,10,読谷小学校,ヨミタンショウガッコウ,沖縄県中頭郡読谷村字高志保1277-1,,26.40711,127.732674,80,098-958-2403,,47324,沖縄県,読谷村,,,,,,,,,,,,,指定避難所
11,11,読谷中学校,ヨミタンチュウガッコウ,沖縄県中頭郡読谷村字座喜味2976-2,,26.396266,127.741291,73,098-958-2303,,47324,沖縄県,読谷村,,,,,,,,,,,,,指定避難所
12,12,読谷村生き活き健康センター,ヨミタンソンイキイキケンコウセンター,沖縄県中頭郡読谷村字都屋167-2,,26.394014,127.725803,30,098-957-3366,,47324,沖縄県,読谷村,,,,,,,,,,,,,指定避難所
13,13,世界遺産座喜味城跡ユンタンザミュージアム,セカイイサンザキミジョウシユンタンザミュージアム,沖縄県中頭郡読谷村字座喜味708-4,,26.406944,127.742392,96,098-958-2254,,47324,沖縄県,読谷村,,,,,,,,,,,,,指定避難所
14,14,座喜味公民館,ザキミコウミンカン,沖縄県中頭郡読谷村字座喜味154,,26.404577,127.744134,82,098-958-2228,,47324,沖縄県,読谷村,,,,,,,,,,,,,指定避難所
15,15,喜名公民館,キナコウミンカン,沖縄県中頭郡読谷村字喜名2207,,26.399025,127.756714,66,098-958-2236,,47324,沖縄県,読谷村,,,,,,,,,,,,,指定避難所
16,16,喜名小学校,キナショウガッコウ,沖縄県中頭郡読谷村字喜名401,,26.400985,127.756577,69,098-958-2405,,47324,沖縄県,読谷村,,,,,,,,,,,,,指定避難所
17,17,読谷村南保育所,ヨミタンソンミナミホイクジョ,沖縄県中頭郡読谷村字楚辺1030-1,,26.381963,127.742495,37,098-956-4179,,47324,沖縄県,読谷村,,,,,,,,,,,,,指定避難所
18,18,伊良皆公民館,イラミナコウミンカン,沖縄県中頭郡読谷村字伊良皆177-3,,26.384693,127.75388,41,098-956-2235,,47324,沖縄県,読谷村,,,,,,,,,,,,,指定避難所
19,19,古堅中学校,フルゲンチュウガッコウ,沖縄県中頭郡読谷村字伊良皆297,,26.380687,127.752654,32,098-956-2221,,47324,沖縄県,読谷村,,,,,,,,,,,,,指定避難所
20,20,古堅小学校,フルゲンショウガッコウ,沖縄県中頭郡読谷村字楚辺999-1,,26.381415,127.741825,31,098-956-2158,,47324,沖縄県,読谷村,,,,,,,,,,,,,指定避難所
21,21,大木公民館,オオキコウミンカン,沖縄県中頭郡読谷村字大木294,,26.380786,127.746253,30,098-956-2020,,47324,沖縄県,読谷村,,,,,,,,,,,,,指定避難所
22,22,牧原公民館,マキバルコウミンカン,沖縄県中頭郡読谷村字比謝315-4,,26.380301,127.751373,30,098-956-2328,,47324,沖縄県,読谷村,,,,,,,,,,,,,指定避難所
23,23,比謝公民館,ヒジャコウミンカン,沖縄県中頭郡読谷村字比謝26,,26.374719,127.754286,21,098-956-2234,,47324,沖縄県,読谷村,,,,,,,,,,,,,指定避難所
24,24,古堅公民館,フルゲンコウミンカン,沖縄県中頭郡読谷村字古堅75-3,,26.369468,127.750441,22,098-956-2238,,47324,沖縄県,読谷村,,,,,,,,,,,,,指定避難所
25,25,古堅南小学校,フルゲンミナミショウガッコウ,沖縄県中頭郡読谷村字古堅612-1,,26.371069,127.747977,20,098-956-1129,,47324,沖縄県,読谷村,,,,,,,,,,,,,指定避難所
26,26,読谷村体育センター,ヨミタンソンタイイクセンター,沖縄県中頭郡読谷村字座喜味2975,,26.399047,127.742454,70,098-982-9231,,47324,沖縄県,読谷村,,,,,,,,,,,,,指定避難所
27,27,読谷村地域振興センター,ヨミタンソンチイキシンコウセンター,沖縄県中頭郡読谷村字喜名2346-11,,26.392917,127.746083,73,098-958-7240,,47324,沖縄県,読谷村,,,,,,,,,,,,,指定避難所
28,28,読谷村健康増進センター,ヨミタンソンケンコウゾウシンセンター,沖縄県中頭郡読谷村字座喜味2901,,26.395778,127.746448,71,098-982-9100,,47324,沖縄県,読谷村,,,,,,,,,,,,,福祉避難所
29,29,読谷村老人福祉センター,ヨミタンソンロウジンフクシセンター,沖縄県中頭郡読谷村字座喜味1976,,26.395326,127.730205,71,098-921-5006,,47324,沖縄県,読谷村,,,,,,,,,,,,,福祉避難所
30,30,みらい児童館,ミライジドウカン,沖縄県中頭郡読谷村字古堅867-2,,26.370707,127.749553,20,098-921-5102,,47324,沖縄県,読谷村,,,,,,,,,,,,,福祉避難所
31,31,社会福祉法人沖縄県福祉事業団よみたん救護園,シャカイフクシホウジンオキナワケンフクシジギョウダンヨミタンキュウゴエン,沖縄県中頭郡読谷村字都屋167,,26.393978,127.724391,26,098-956-4111,,47324,沖縄県,読谷村,,,,,,,,,,,,,福祉避難所
32,32,カサブランカ　スカイ,カサブランカ　スカイ,沖縄県中頭郡読谷村字古堅767-1,,26.367785,127.742704,17,,,47324,沖縄県,読谷村,,,,,1,,,,,,,,津波時指定避難ビル
33,33,カサブランカ　イースト,カサブランカ　イースト,沖縄県中頭郡読谷村字古堅765-2,,26.367347,127.742795,17,,,47324,沖縄県,読谷村,,,,,1,,,,,,,,津波時指定避難ビル
34,34,読谷村運動広場,ヨミタンソンウンドウヒロバ,沖縄県中頭郡読谷村字座喜味2976,,26.398166,127.74338,72,098-982-9200,,47324,沖縄県,読谷村,,,,,,,,,,,,,広域避難場所
35,35,防災拠点広場（予定）,ボウサイキョテンヒロバ（ヨテイ）,沖縄県中頭郡読谷村,,26.396154,127.744423,,,,47324,沖縄県,読谷村,,,,,,,,,,,,,広域避難場所
36,36,長浜地区運動広場,ナガハマチクウンドウヒロバ,沖縄県中頭郡読谷村字長浜364,,26.418685,127.737056,32,,,47324,沖縄県,読谷村,,,,,,,,,,,,,指定緊急避難場所
37,37,宇座東公園,ウザヒガシコウエン,沖縄県中頭郡読谷村字高志保1601,,26.411653,127.734844,84,,,47324,沖縄県,読谷村,,,,,,,,,,,,,指定緊急避難場所
38,38,井之原公園,イノハラコウエン,沖縄県中頭郡読谷村字波平424-2,,26.402996,127.732634,73,,,47324,沖縄県,読谷村,,,,,,,,,,,,,指定緊急避難場所
39,39,観音堂公園,カンノンドウコウエン,沖縄県中頭郡読谷村字喜名448-1,,26.399959,127.755519,72,,,47324,沖縄県,読谷村,,,,,,,,,,,,,指定緊急避難場所
40,40,楚辺東公園,ソベヒガシコウエン,沖縄県中頭郡読谷村字楚辺1272‐5,,26.385836,127.736862,38,,,47324,沖縄県,読谷村,,,,,,,,,,,,,指定緊急避難場所
41,41,セーラの森公園,セーラノモリコウエン,沖縄県中頭郡読谷村字座喜味1975,,26.395641,127.729218,29,,,47324,沖縄県,読谷村,,,,,,,,,,,,,指定緊急避難場所
42,42,有限会社カデナ自動車学校,ユウゲンガイシャカデナジドウシャガッコウ,沖縄県中頭郡読谷村字楚辺1512,,26.38576,127.734869,29,098-956-2363,,47324,沖縄県,読谷村,,,,,,,,,,,,,指定緊急避難場所
1,1,松尾公園,マツオコウエン,沖縄県那覇市松尾2-16,,26.212593,127.68586,,,,47201,沖縄県,那覇市,1,1,1,1,1,,,,0,,,,
2,2,中央公園,チュウオウコウエン,沖縄県那覇市樋川1-15,,26.207264,127.687073,,,,47201,沖縄県,那覇市,1,1,1,1,1,,,,0,,,,
3,3,松山公園,マツヤマコウエン,沖縄県那覇市松山1-17,,26.2188,127.677094,,,,47201,沖縄県,那覇市,1,1,1,1,1,,,,0,,,,
4,4,緑ヶ丘公園,ミドリガオカコウエン,沖縄県那覇市牧志1-4,,26.217489,127.685966,,,,47201,沖縄県,那覇市,1,1,1,1,1,,,,0,,,,
5,5,天久ちゅらまち公園,アメクチュラマチコウエン,沖縄県那覇市天久1-3,,26.231743,127.688965,,,,47201,沖縄県,那覇市,1,1,1,1,1,,,,0,,,,
6,6,新都心公園,シントシンコウエン,沖縄県那覇市おもろまち3-2-1,,26.228434,127.695221,,,,47201,沖縄県,那覇市,1,1,1,1,1,,,,0,,,,
7,7,那覇国際高校（運動場）,ナハコクサイコウコウ（ウンドウジョウ）,沖縄県那覇市天久1-29,,26.231367,127.693581,,,,47201,沖縄県,那覇市,1,1,1,1,1,,,,0,,,,
8,8,那覇高校（運動場）,ナハコウコウ（ウンドウジョウ）,沖縄県那覇市松尾1-21-44,,26.211445,127.684448,,,,47201,沖縄県,那覇市,1,1,1,1,1,,,,0,,,,
9,9,与儀公園,ヨギコウエン,沖縄県那覇市寄宮1-1,,26.209337,127.692177,,,,47201,沖縄県,那覇市,1,1,1,1,1,,,,0,,,,
10,10,真嘉比西公園,マカビニシコウエン,沖縄県那覇市真嘉比2-7,,26.226191,127.701233,,,,47201,沖縄県,那覇市,1,1,1,1,1,,,,0,,,,
11,11,真嘉比南公園,マカビミナミコウエン,沖縄県那覇市真嘉比1-19,,26.222776,127.701782,,,,47201,沖縄県,那覇市,1,1,1,1,1,,,,0,,,,
12,12,真嘉比中央公園,マカビチュウオウコウエン,沖縄県那覇市真嘉比3-16-1,,26.223904,127.704559,,,,47201,沖縄県,那覇市,1,1,1,1,1,,,,0,,,,
13,13,興南学園（運動場）,コウナンガクエン（ウンドウジョウ）,沖縄県那覇市古島1-7-1,,26.228468,127.703644,,,,47201,沖縄県,那覇市,1,1,1,1,1,,,,0,,,,
14,14,沖縄工業高校（運動場）,オキナワコウギョウコウコウ（ウンドウジョウ）,沖縄県那覇市松川3-20-1,,26.215363,127.706802,,,,47201,沖縄県,那覇市,1,1,1,1,1,,,,0,,,,
15,15,真和志高校（運動場）,マワシコウコウ（ウンドウジョウ）,沖縄県那覇市真地248,,26.200521,127.721497,,,,47201,沖縄県,那覇市,1,1,1,1,1,,,,0,,,,
16,16,尚学学園（運動場）,ショウガクガクエン（ウンドウジョウ）,沖縄県那覇市国場747,,26.200539,127.699211,,,,47201,沖縄県,那覇市,1,1,1,1,1,,,,0,,,,
17,17,虎瀬公園,トラセコウエン,沖縄県那覇市首里赤平2-68,,26.223856,127.720963,,,,47201,沖縄県,那覇市,1,1,1,1,1,,,,0,,,,
18,18,末吉公園,スエヨシコウエン,沖縄県那覇市首里末吉町,,26.229061,127.708778,,,,47201,沖縄県,那覇市,1,1,1,1,1,,,,0,,,,
19,19,高前原公園,タカマエハラコウエン,沖縄県那覇市髙良2-5,,26.212296,127.679214,,,,47201,沖縄県,那覇市,1,1,1,1,1,,,,0,,,,
20,20,小禄金城公園,オロクカナグスクコウエン,沖縄県那覇市金城3-2-1,,26.199196,127.665703,,,,47201,沖縄県,那覇市,1,1,1,1,1,,,,0,,,,
21,21,田原公園,タバルコウエン,沖縄県那覇市田原3.-4-1,,26.196301,127.669373,,,,47201,沖縄県,那覇市,1,1,1,1,1,,,,0,,,,
22,22,那覇西高校（ウンドウジョウ）,ナハニシコウコウ（ウンドウジョウ）,沖縄県那覇市金城3-5-1,,26.200237,127.664215,,,,47201,沖縄県,那覇市,1,1,1,1,1,,,,0,,,,
1,1,馬天小学校,バテンショウガッコウ,沖縄県南城市佐敷津波古1800,,26.180487,127.767883,,(098)947-6535,,472158,沖縄県,南城市,1,1,,1,,,,,,"2,084",,,
2,2,佐敷小学校,サシキショウガッコウ,沖縄県南城市佐敷佐敷1193,,26.167746,127.784401,,(098)947-6212,,472158,沖縄県,南城市,1,1,,1,,,,,,"1,979",,,
3,3,佐敷中学校,サシキチュウガッコウ,沖縄県南城市佐敷兼久16-1,,26.172096,127.784798,,(098)947-6210,,472158,沖縄県,南城市,1,1,,1,1,,,,,"2,332",,,
4,4,老人福祉センター,ロウジンフクシセンター,沖縄県南城市佐敷新開1-240,,26.176064,127.774513,,(098)947-3030,,472158,沖縄県,南城市,,1,,,,,,,,443,,,
5,5,さしきスポレクセンター,サシキスポレクセンター,沖縄県南城市佐敷仲伊保390-2,,26.180113,127.793076,,(098)947-1303,,472158,沖縄県,南城市,,1,,1,,,,,,422,,,
6,6,南城市文化センター,ナンジョウシブンカセンター,沖縄県南城市佐敷佐敷307,,26.170223,127.787727,,(098)947-1100,,472158,沖縄県,南城市,1,1,,1,1,,,,,87,,,
7,7,新開スポーツ公園,シンカイスポーツコウエン,沖縄県南城市佐敷新開1-417,,26.176064,127.774513,,,,472158,沖縄県,南城市,,1,,1,,,,,,,,,
8,8,屋比久児童公園,ヤビクジドウコウエン,沖縄県南城市佐敷屋比久67-1,,26.176439,127.802208,,(098)947-3986,,472158,沖縄県,南城市,1,1,,1,1,,,,,,,,
9,9,冨祖崎公園,フソザキコウエン,沖縄県南城市佐敷仲伊保390-2,,26.180113,127.793076,,(098)947-1303,,472158,沖縄県,南城市,,1,,1,,,,,,,,,
10,10,津波古児童公園,ツハコジドウコウエン,沖縄県南城市佐敷津波古1415-2,,26.183477,127.771881,,,,472158,沖縄県,南城市,1,,,1,1,,,,,,,,
11,11,馬天児童公園,バテンジドウコウエン,沖縄県南城市佐敷津波古374,,26.182243,127.770821,,,,472158,沖縄県,南城市,,1,,1,,,,,,,,,
12,12,新開公園,シンカイコウエン,沖縄県南城市佐敷新開1-237,,26.176064,127.774513,,,,472158,沖縄県,南城市,,1,,1,,,,,,,,,
13,13,佐敷農村広場,サシキノウソンヒロバ,沖縄県南城市佐敷佐敷20-1,,26.165562,127.789841,,,,472158,沖縄県,南城市,1,,,1,,,,,,,,,
14,14,外間農村広場,ホカマノウソンヒロバ,沖縄県南城市佐敷屋比久159-1,,26.175234,127.79953,,,,472158,沖縄県,南城市,1,1,,1,1,,,,,,,,
15,15,小谷農村広場,コタニノウソンヒロバ,沖縄県南城市佐敷小谷1-1,,26.173203,127.76561,,(098)947-6550,,472158,沖縄県,南城市,1,,,1,1,,,,,,,,
16,16,新里農村広場,シンザトノウソンヒロバ,沖縄県南城市佐敷新里21-1,,26.167824,127.773163,,(098)947-3593,,472158,沖縄県,南城市,1,,,1,1,,,,,,,,
17,17,手登根農村広場,テドコンノウソンヒロバ,沖縄県南城市佐敷手登根1-1,,26.168901,127.804115,,,,472158,沖縄県,南城市,1,1,,1,1,,,,,,,,
18,18,伊原農村広場,イハラノウソンヒロバ,沖縄県南城市佐敷伊原409,,26.174879,127.80899,,,,472158,沖縄県,南城市,1,,,1,1,,,,,,,,
19,19,つきしろの宮,ツキシロノミヤ,沖縄県南城市佐敷佐敷1151,,26.165562,127.789841,,,,472158,沖縄県,南城市,1,,,1,1,,,,,,,,
20,20,南城市新開多目的広場,ナンジョウシシンカイタモクテキヒロバ,沖縄県南城市佐敷新開1-418,,26.176064,127.774513,,(098)947-6152,,472158,沖縄県,南城市,,1,,1,,,,,,,,,
21,21,南城市営新開球場,ナンジョウシエイシンカイキュウジョウ,沖縄県南城市佐敷新開1-417,,26.176064,127.774513,,(098)947-6152,,472158,沖縄県,南城市,,1,,1,,,,,,,,,
22,22,津波古公民館,ツハココウミンカン,沖縄県南城市佐敷津波古144,,26.182283,127.774033,,(098)947-6510,,472158,沖縄県,南城市,,,,1,,,,,,,,,
23,23,新開公民館,シンカイコウミンカン,沖縄県南城市佐敷新開1-70,,26.176064,127.774513,,(098)852-5950,,472158,沖縄県,南城市,,1,,,,,,,,,,,
24,24,県営団地自治会連絡事務所,ケンエイダンチジチカイレンラクジムショ,沖縄県南城市佐敷新開1-315,,26.176064,127.774513,,(098)947-1633,,472158,沖縄県,南城市,,1,,,,,,,,,,,
25,25,第2団地自治会連絡事務所,ダイニダンチジチカイレンラクジムショ,沖縄県南城市佐敷新開1-236,,26.176064,127.774513,,(098)947-2249,,472158,沖縄県,南城市,,1,,,,,,,,,,,
26,26,ひまわり児童館,ヒマワリジドウカン,沖縄県南城市佐敷新開1-73,,26.176064,127.774513,,(098)947-1655,,472158,沖縄県,南城市,,1,,1,,,,,,,,,
27,27,佐敷公民館,サシキコウミンカン,沖縄県南城市佐敷佐敷420,,26.168001,127.790848,,(098)947-2923,,472158,沖縄県,南城市,,,,1,,,,,,,,,
28,28,佐敷幼稚園,サシキヨウチエン,沖縄県南城市佐敷佐敷1246-2,,26.165562,127.789841,,(098)947-1875,,472158,沖縄県,南城市,1,,,,1,,,,,,,,
29,29,屋比久公民館,ヤビクコウミンカン,沖縄県南城市佐敷屋比久14,,26.175583,127.802666,,(098)947-3936,,472158,沖縄県,南城市,1,1,,1,1,,,,,,,,
30,30,仲伊保団地集会場,ナカイホダンチシュウカイジョ,沖縄県南城市佐敷仲伊保488-1,,26.180904,127.799767,,(098)852-5988,,472158,沖縄県,南城市,1,1,,1,1,,,,,,,,
31,31,仲伊保公民館,ナカイホコウミンカン,沖縄県南城市佐敷仲伊保388-2,,26.180738,127.794189,,(098)947-2714,,472158,沖縄県,南城市,,1,,1,,,,,,,,,
32,32,小谷構造改善センター,コタニコウゾウカイゼンセンター,沖縄県南城市佐敷小谷46,,26.174168,127.764992,,(098)947-6550,,472158,沖縄県,南城市,1,,,1,1,,,,,,,,
33,33,新里公民館,シンザトコウミンカン,沖縄県南城市佐敷新里677-2,,26.170485,127.772606,,(098)947-3593,,472158,沖縄県,南城市,1,1,,1,1,,,,,,,,
34,34,手登根公民館,テドコンコウミンカン,沖縄県南城市佐敷手登根52,,26.171114,127.801277,,,,472158,沖縄県,南城市,1,1,,1,1,,,,,,,,
35,35,伊原公民館,イハラコウミンカン,沖縄県南城市佐敷伊原287,,26.174311,127.807076,,,,472158,沖縄県,南城市,1,1,,,1,,,,,,,,
36,36,冨祖崎公民館,フソザキコウミンカン,沖縄県南城市佐敷冨祖崎385-1,,26.174095,127.791481,,,,472158,沖縄県,南城市,,1,,1,,,,,,,,,
37,37,兼久構造改善センター,カネクコウゾウカイゼンセンター,沖縄県南城市佐敷兼久37-1,,26.171738,127.781563,,(098)947-2766,,472158,沖縄県,南城市,,1,,,,,,,,,,,
38,38,外間公民館,ホカマコウミンカン,沖縄県南城市佐敷屋比久189,,26.177509,127.798035,,,,472158,沖縄県,南城市,,1,,,,,,,,,,,
39,39,佐敷農村婦人の家,サシキノウソンフジンノイエ,沖縄県南城市佐敷新開1-419,,26.176064,127.774513,,(098)947-6624,,472158,沖縄県,南城市,,1,,1,,,,,,,,,
40,40,南城市佐敷農産物直売所,ナンジョウシサシキノウサンブツチョクバイジョ,沖縄県南城市佐敷新開1-240,,26.176064,127.774513,,(098)947-1811,,472158,沖縄県,南城市,,1,,1,,,,,,,,,
41,41,知念小学校,チネンショウガッコウ,沖縄県南城市知念久手堅679,,26.172468,127.818047,,(098)948-1302,,472158,沖縄県,南城市,1,1,,1,1,,,,1,"1,994",,,
42,42,知念中学校,チネンチュウガッコウ,沖縄県南城市知念久手堅700,,26.172468,127.818047,,(098)948-1303,,472158,沖縄県,南城市,1,1,,1,1,,,,1,"1,696",,,
43,43,久高小中学校,クダカショウチュウガッコウ,沖縄県南城市知念久高46,,26.161999,127.893967,,(098)948-3515,,472158,沖縄県,南城市,1,1,,1,,,,,,"1,039",,,
44,44,知念体育館,チネンタイイクカン,沖縄県南城市知念久手堅532,,26.167902,127.827141,,(098)852-6887,,472158,沖縄県,南城市,1,1,,1,1,,,,1,678,,,
45,45,南城市知念児童館,ナンジョウシチネンジドウカン,沖縄県南城市知念久手堅22,,26.169886,127.821266,,,,472158,沖縄県,南城市,1,1,,1,1,,,,1,125,,,
46,46,南城市知念社会福祉センター,ナンジョウシチネンシャカイフクシセンター,沖縄県南城市知念久手堅453,,26.167902,127.827141,,(098)949-7650,,472158,沖縄県,南城市,1,1,,1,1,,,,1,458,,,
47,47,久高島離島復興総合センター,クダカジマリトウフッコウソウゴウセンター,沖縄県南城市知念久高231-2,,26.161999,127.893967,,(098)948-7803,,472158,沖縄県,南城市,,1,,1,,,,,,103,,,
48,48,離島体験宿泊交流施設,リトウタイケンシュクハクコウリュウシセツ,沖縄県南城市知念久高249-1,,26.161999,127.893967,,(098)835-8919,,472158,沖縄県,南城市,1,1,,1,,,,,,288,,,
49,49,岬公園,ミサキコウエン,沖縄県南城市知念久手堅523,,26.170654,127.823814,,,,472158,沖縄県,南城市,1,1,,1,1,,,,,,,,
50,50,志喜屋漁港多目的広場,シキヤギョコウタモクテキヒロバ,沖縄県南城市知念志喜屋9-2,,26.153685,127.799362,,(098)852-6887,,472158,沖縄県,南城市,,1,,1,,,,,,,,,
51,51,久高地区津波避難施設,クダカチクツナミヒナンシセツ,沖縄県南城市知念久高46,,26.161999,127.893967,,,,472158,沖縄県,南城市,1,1,,1,1,,,,,,,,
52,52,知念漁民研修センター,チネンギョミンケンシュウセンター,沖縄県南城市知念海野1-7,漁港内,26.190004,127.81221,,,,472158,沖縄県,南城市,,,,1,,,,,,,,,
53,53,守礼カントリークラブ,シュレイカントリークラブ,沖縄県南城市知念知名1029,,26.177958,127.812943,,(098)947-3411,,472158,沖縄県,南城市,1,1,,1,1,,,,,,,,
54,54,久手堅公民館,クデケンコウミンカン,沖縄県南城市知念久手堅103,,26.169945,127.823189,,(098)948-3244,,472158,沖縄県,南城市,1,1,,,1,,,,,,,,
55,55,志喜屋公民館,シキヤコウミンカン,沖縄県南城市知念志喜屋428,,26.151205,127.800453,,(098)949-7587,,472158,沖縄県,南城市,1,1,,1,1,,,,,,,,
56,56,山里公民館,ヤマザトコウミンカン,沖縄県南城市知念山里22,,26.156317,127.805779,,(098)949-7399,,472158,沖縄県,南城市,1,,,1,1,,,,,,,,
57,57,具志堅公民館,グシケンコウミンカン,沖縄県南城市知念具志堅22,,26.15596,127.8088,,(098)949-7399,,472158,沖縄県,南城市,1,,,,1,,,,,,,,
58,58,知念公民館,チネンコウミンカン,沖縄県南城市知念知念536,,26.160742,127.813293,,(098)948-1773,,472158,沖縄県,南城市,1,1,,1,1,,,,,,,,
59,59,吉富コミュニティ供用施設,ヨシトミコミュニティクヨウシセツ,沖縄県南城市知念吉富106-2,,26.168373,127.818436,,(098)948-1705,,472158,沖縄県,南城市,1,,,1,1,,,,,,,,
60,60,南城市安座真観光交流・防災機能拠点施設,ナンジョウシアザマカンコウコウリュウ・ボウサイキノウキョテンシセツ,沖縄県南城市知念安座真151,,26.177662,127.821785,,(098)948-7221,,472158,沖縄県,南城市,1,,,1,1,,,,,,,,
61,61,知名公民館,チナコウミンカン,沖縄県南城市知念知名107,,26.18421,127.81617,,(098)947-3158,,472158,沖縄県,南城市,1,1,,,1,,,,,,,,
62,62,海野公民館,ウンノコウミンカン,沖縄県南城市知念海野244-2,,26.187809,127.810989,,(098)947-6244,,472158,沖縄県,南城市,1,,,1,1,,,,,,,,
63,63,玉城中学校,タマグスクチュウガッコウ,沖縄県南城市玉城富里153,,26.145525,127.766846,,(098)948-7105,,472158,沖縄県,南城市,1,,,1,1,,,,,"1,913",,,
64,64,玉城小学校,タマグスクショウガッコウ,沖縄県南城市玉城屋嘉部3,,26.145653,127.765167,,(098)948-7251,,472158,沖縄県,南城市,1,,,1,1,,,,,"1,899",,,
65,65,百名小学校,ヒャクナショウガッコウ,沖縄県南城市玉城百名54,,26.143225,127.791672,,(098)948-1012,,472158,沖縄県,南城市,1,1,,1,1,,,,1,"1,572",,,
66,66,南城市福祉センター,ナンジョウシフクシセンター,沖縄県南城市玉城百名1252,,26.134489,127.786453,,(098)948-3975,,472158,沖縄県,南城市,1,1,,,1,,,,,391,,,
67,67,船越小学校,フナコシショウガッコウ,沖縄県南城市玉城船越960,,26.153727,127.75135,,(098)949-7108,,472158,沖縄県,南城市,1,1,,1,1,,,,1,"2,088",,,
68,68,玉城総合体育館,タマグスクソウゴウタイイクカン,沖縄県南城市玉城富里200,,26.143528,127.769699,,(098)948-3039,,472158,沖縄県,南城市,1,,,1,1,,,,,"1,292",,,
69,69,玉城陸上競技場,タマグスクリクジョウキョウギジョウ,沖縄県南城市玉城富里222,,26.143528,127.769699,,(098)948-3039,,472158,沖縄県,南城市,1,1,,,1,,,,,288,,,
70,70,玉城中央公民館,タマグスクチュウオウコウミンカン,沖縄県南城市玉城富里167,,26.145525,127.766846,,(098)948-7320,,472158,沖縄県,南城市,1,1,,,1,,,,,627,,,
71,71,玉城野球場,タマグスクヤキュウジョウ,沖縄県南城市玉城富里186-1,,26.143528,127.769699,,(098)948-3039,,472158,沖縄県,南城市,1,1,,1,1,,,,,,,,
72,72,グスクロード公園,グスクロードコウエン,沖縄県南城市玉城玉城1212,,26.141863,127.782204,,,,472158,沖縄県,南城市,1,1,,1,1,,,,,,,,
73,73,糸数上原公園,イトカズウエハラコウエン,沖縄県南城市玉城糸数245-1,,26.154463,127.765495,,,,472158,沖縄県,南城市,1,1,,1,1,,,,,,,,
74,74,喜良原野球場,キラバルヤキュウジョウ,沖縄県南城市玉城喜良原69,,26.154268,127.775284,,,,472158,沖縄県,南城市,1,1,,1,1,,,,,,,,
75,75,奥武島グラウンド,オウジマグラウンド,沖縄県南城市玉城奥武19-1,,26.1367,127.755966,,,,472158,沖縄県,南城市,,1,,1,,,,,,,,,
76,76,南城市構造改善センター,ナンジョウシコウゾウカイゼンセンター,沖縄県南城市玉城糸数168-16,,26.150785,127.760246,,,,472158,沖縄県,南城市,1,1,,1,1,,,,,,,,
77,77,玉城勤労者体育センター（喜良原体育館）,タマグスキンロウシャタイイクセンター（キラバルタイイクカン）,沖縄県南城市玉城喜良原57,,26.154268,127.775284,,(098)948-2108,,472158,沖縄県,南城市,1,1,,1,1,,,,,,,,
78,78,親慶原公民館,オヤケバルコウミンカン,沖縄県南城市玉城親慶原163,,26.156294,127.78157,,(098)948-7942,,472158,沖縄県,南城市,1,,,1,1,,,,,,,,
79,79,垣花構造改善センター,カキノハナコウゾウカイゼンセンター,沖縄県南城市玉城垣花137,,26.148809,127.793541,,(098)948-2231,,472158,沖縄県,南城市,1,1,,1,1,,,,,,,,
80,80,仲村渠児童館,ナカンダカリジドウカン,沖縄県南城市玉城仲村渠725,,26.145737,127.792282,,(098)948-4101,,472158,沖縄県,南城市,1,1,,1,1,,,,,,,,
81,81,百名公民館,ヒャクナコウミンカン,沖縄県南城市玉城百名104-1,,26.141132,127.790627,,(098)948-7958,,472158,沖縄県,南城市,1,1,,1,1,,,,,,,,
82,82,新原公民館,シンバルコウミンカン,沖縄県南城市玉城百名1422,,26.139734,127.789192,,,,472158,沖縄県,南城市,,1,,,,,,,,,,,
83,83,玉城公民館,タマグスクコウミンカン,沖縄県南城市玉城玉城165-1,,26.141863,127.782204,,,,472158,沖縄県,南城市,1,1,,,,,,,,,,,
84,84,中山公民館,ナカヤマコウミンカン,沖縄県南城市玉城中山75,,26.141809,127.77639,,,,472158,沖縄県,南城市,1,1,,,1,,,,,,,,
85,85,奥武公民館,オウコウミンカン,沖縄県南城市玉城奥武80,,26.1367,127.755966,,(098)948-7190,,472158,沖縄県,南城市,,1,,,,,,,,,,,
86,86,志堅原公民館,シケンバルコウミンカン,沖縄県南城市玉城志堅原48-1,,26.133272,127.768784,,,,472158,沖縄県,南城市,1,1,,,,,,,,,,,
87,87,堀川公民館,ホリカワコウミンカン,沖縄県南城市玉城堀川523,,26.132954,127.761513,,(098)948-2184,,472158,沖縄県,南城市,1,1,,,,,,,,,,,
88,88,富里公民館,トミサトコウミンカン,沖縄県南城市玉城富里92,,26.142586,127.769585,,(098)948-2050,,472158,沖縄県,南城市,1,1,,1,1,,,,,,,,
89,89,當山公民館,トウヤマコウミンカン,沖縄県南城市玉城當山54,,26.141438,127.76622,,(098)948-1458,,472158,沖縄県,南城市,1,1,,,1,,,,,,,,
90,90,屋嘉部公民館,ヤカブコウミンカン,沖縄県南城市玉城屋嘉部34,,26.147406,127.763626,,,,472158,沖縄県,南城市,1,,,1,1,,,,,,,,
91,91,糸数公民館,イトカズコウミンカン,沖縄県南城市玉城糸数44,,26.153076,127.760887,,(098)948-7708,,472158,沖縄県,南城市,1,1,,,1,,,,,,,,
92,92,船越公民館,フナコシコウミンカン,沖縄県南城市玉城船越108,,26.153399,127.754585,,(098)948-1054,,472158,沖縄県,南城市,1,1,,,1,,,,,,,,
93,93,愛地構造改善センター,アイチコウゾウカイゼンセンター,沖縄県南城市玉城愛地373,,26.158398,127.74437,,(098)948-1180,,472158,沖縄県,南城市,1,1,,1,1,,,,,,,,
94,94,南城市前川観光交流・防災機能拠点施設,ナンジョウシマエカワカンコウコウリュウ・ボウサイキノウキョテンシセツ,沖縄県南城市玉城前川180-1,,26.145571,127.749306,,(098)949-7025,,472158,沖縄県,南城市,1,1,,1,1,,,,,,,,
95,95,大里北小学校,オオザトキタショウガッコウ,沖縄県南城市大里嶺井392,,26.193869,127.755638,,(098)945-2362,,472158,沖縄県,南城市,1,1,,,1,,,,1,"2,045",,,
96,96,大里南小学校,オオザトミナミショウガッコウ,沖縄県南城市大里仲間1375,,26.17317,127.749969,,(098)945-2455,,472158,沖縄県,南城市,1,1,,1,1,,,,1,"2,844",,,
97,97,大里中学校,オオザトチュウガッコウ,沖縄県南城市大里仲間978,,26.179037,127.745979,,(098)945-2442,,472158,沖縄県,南城市,1,1,,,1,,,,,"2,204",,,
98,98,南城市大里農村環境改善センター,ナンジョウシオオザトノウソンカンキョウカイゼンセンター,沖縄県南城市大里仲間928,,26.177008,127.744194,,(098)946-2445,,472158,沖縄県,南城市,1,1,,,1,,,,,500,,,
99,99,南城市総合保健福祉センター,ナンジョウシソウゴウホケンフクシセンター,沖縄県南城市大里仲間918,,26.179173,127.742149,,(098)946-8967,,472158,沖縄県,南城市,1,1,,1,1,,,,1,666,,,
100,100,大里城址公園,オオザトジョウシコウエン,沖縄県南城市大里大里386-1,,26.187805,127.762909,,,,472158,沖縄県,南城市,1,1,,1,1,,,,,,,,
1,100000001,南大東村立南大東小中学校,ミナミダイトウソンリツミナミダイトウショウチュウガッコウ,沖縄県島尻郡南大東村字池之沢317,,25.83591,131.228195,8.9,(09802)2-2023,,473570,沖縄県,南大東村,1,1,1,1,1,1,1,1,,,,,
2,100000002,南大東村多目的交流センター,ミナミダイトウソンタモクテキコウリュウセンター,沖縄県島尻郡南大東村字在所307,,25.829684,131.229618,13.8,(09802)2-2211,,473570,沖縄県,南大東村,1,1,1,1,1,1,1,1,,,,,
3,100000003,地域スポーツセンター,チイキスポーツセンター,沖縄県島尻郡南大東村字在所317,,25.829084,131.230602,14.7,(09802)2-2531,,473570,沖縄県,南大東村,1,1,1,1,1,1,1,1,,,,,
4,100000004,在所集会所,ザイショシュウカイジョ,沖縄県島尻郡南大東村字在所238,,25.831915,131.23104,2.6,(09802)2-2400,,473570,沖縄県,南大東村,1,1,1,1,1,1,1,1,,,,,
5,100000005,池之沢集会所,イケノサワシュウカイジョ,沖縄県島尻郡南大東村字池之沢332-3,,25.836653,131.227352,9.2,(09802)2-2046,,473570,沖縄県,南大東村,1,1,1,1,1,1,1,1,,,,,
6,100000006,北集会所,キタシュウカイジョ,沖縄県島尻郡南大東村字北496,,25.861401,131.237784,16.2,(09802)2-2410,,473570,沖縄県,南大東村,1,1,1,1,1,1,1,1,,,,,
7,100000007,新東集会所,シントウシュウカイジョ,沖縄県島尻郡南大東村字新東484,,25.849735,131.252263,8.5,(09802)2-2900,,473570,沖縄県,南大東村,1,1,1,1,1,1,1,1,,,,,
8,100000008,旧東集会所,キュウトウシュウカイジョ,沖縄県島尻郡南大東村字旧東189,,25.837951,131.253697,14.4,(09802)2-2930,,473570,沖縄県,南大東村,1,1,1,1,1,1,1,1,,,,,
9,100000009,南集会所,ミナミシュウカイジョ,沖縄県島尻郡南大東村字南118,,25.828774,131.239103,8.6,(09802)2-2452,,473570,沖縄県,南大東村,1,1,1,1,1,1,1,1,,,,,
10,100000010,国民運動場,コクミンウンドウジョウ,沖縄県島尻郡南大東村字南163-3,,25.82844,131.230896,14.1,,,473570,沖縄県,南大東村,1,1,1,1,1,1,1,1,,,,,
11,100000011,テニスコート,テニスコート,沖縄県島尻郡南大東村字在所317-8,,25.829283,131.231068,14.7,,,473570,沖縄県,南大東村,1,1,1,1,1,1,1,1,,,,,
12,100000012,ふれあい広場,フレアイヒロバ,沖縄県島尻郡南大東村字在所317-1,,25.828973,131.230181,14.7,,,473570,沖縄県,南大東村,1,1,1,1,1,1,1,1,,,,,
13,100000013,南大東村保健センター,ミナミダイトウソンホケンセンター,沖縄県島尻郡南大東村字南144-1,南大東村保健センター,25.829018,131.23283,14.8,(09802)2-2116,,473570,沖縄県,南大東村,1,1,1,1,1,1,1,1,,,,,
14,100000014,南大東村高齢者生活福祉センター,ミナミダイトウソンコウレイシャセイカツフクシセンター,沖縄県島尻郡南大東村字南144-1,南大東村高齢者生活福祉センター,25.828631,131.232594,14.8,(09802)2-2226,,473570,沖縄県,南大東村,1,1,1,1,1,1,1,1,,,,,
1,4735010001,大名公民館,オオナコウミンカン,沖縄県島尻郡南風原町字大名148,,26.208216,127.736916,36.8,(098)(098)889-5267,,47350,沖縄県,島尻郡南風原町,,,,,,,,,,,大名区,,
2,4735010002,宮城公園,ミヤグスクコウエン,沖縄県島尻郡南風原町字宮城242-3,,26.205536,127.740059,40.3,‐,,47350,沖縄県,島尻郡南風原町,,,,,,,,,,,近隣地域,,
3,4735010003,北丘運動公園,キタオカウンドウコウエン,沖縄県島尻郡南風原町字宮平386-38,,26.204838,127.732292,32.9,‐,,47350,沖縄県,島尻郡南風原町,,,,,,,,,,,北丘ハイツ区,,
4,4735010004,北丘ハイツ集会所,キタオカハイツシュウカイショ,沖縄県島尻郡南風原町字宮平381-59,,26.204157,127.731247,45.8,(098)889-0308,,47350,沖縄県,島尻郡南風原町,,,,,,,,,,,北丘ハイツ区,,
5,4735010005,宮城構造改善センター,ミヤグスクコゾウカイゼンセンター,沖縄県島尻郡南風原町字宮城218,,26.204439,127.742798,29.8,(098)889-2257,,47350,沖縄県,島尻郡南風原町,,,,,,,,,,,宮城区,,
6,4735010006,新川コミュニティーセンター,アラカワコミュニティーセンター,沖縄県島尻郡南風原町字新川148-12,,26.203333,127.725716,76.9,(098)889-0383,,47350,沖縄県,島尻郡南風原町,,,,,,,,,,,新川区,,
7,4735010007,北丘小学校,キタオカショウガッコウ,沖縄県島尻郡南風原町字宮平336,,26.204157,127.731247,49.9,(098)889-6520,,47350,沖縄県,島尻郡南風原町,,,,,,,,,1,,町内一円,,
8,4735010008,北丘児童館,キタオカジドウカン,沖縄県島尻郡南風原町字宮平489-1,,26.204157,127.731247,25.4,(098)889-3883,,47350,沖縄県,島尻郡南風原町,,,,,,,,,1,,近隣地域,,
9,4735010009,与那覇コミュニティーセンター,ヨナハコミュニティーセンター,沖縄県島尻郡南風原町字与那覇59,,26.200981,127.746162,37.6,(098)889-2259,,47350,沖縄県,島尻郡南風原町,,,,,,,,,,,与那覇区,,
10,4735010010,ウガンヌ前公園,ウガンヌマエコウエン,沖縄県島尻郡南風原町字宮平161,,26.198402,127.736359,25.1,-,,47350,沖縄県,島尻郡南風原町,,,,,,,,,,,近隣地域,,
11,4735010011,宮平地域振興資料館,ミヤヒラチイキシンコウシリョウカン,沖縄県島尻郡南風原町字宮平785-1,,26.195728,127.735672,19.1,(098)889-6655,,47350,沖縄県,島尻郡南風原町,,,,,,,,,,,宮平区,,
12,4735010012,第二団地集会所,ダイニダンチシュウカイショ,沖縄県島尻郡南風原町字兼城519,,26.195423,127.718773,27.7,(098)889-6225,,47350,沖縄県,島尻郡南風原町,,,,,,,,,,,第二団地区,,
13,4735010013,兼城公園,カネグスクコウエン,沖縄県島尻郡南風原町字兼城170,,26.195045,127.729897,35.9,-,,47350,沖縄県,島尻郡南風原町,,,,,,,,,,,近隣地域,,
14,4735010014,兼城児童館,カネグスクジドウカン,沖縄県島尻郡南風原町字兼城84,,26.193884,127.728851,21.1,(098)889-6114,,47350,沖縄県,島尻郡南風原町,,,,,,,,,,,近隣地域,,
15,4735010015,兼城公民館,カネグスクコウミンカン,沖縄県島尻郡南風原町字兼城84,,26.193884,127.728851,21.1,(098)889-6200,,47350,沖縄県,島尻郡南風原町,,,,,,,,,,,兼城区,,
16,4735010016,南風原中学校,ハエバルチュウガッコウ,沖縄県島尻郡南風原町字兼城780,,26.192194,127.731331,17.1,(098)889-2095,,47350,沖縄県,島尻郡南風原町,,,,,,,,,1,,町内一円,,
17,4735010017,南風原小学校,ハエバルショウガッコウ,沖縄県島尻郡南風原町字兼城685,,26.191999,127.729568,17.6,(098)889-2088,,47350,沖縄県,島尻郡南風原町,,,,,,,,,1,,町内一円,,
18,4735010018,兼本ハイツ集会所,カネモトハイツシュウカイショ,沖縄県島尻郡南風原町字本部434-52,,26.190798,127.723236,38,(098)889-6661,,47350,沖縄県,島尻郡南風原町,,,,,,,,,,,兼本ハイツ区,,
19,4735010019,総合保健福祉防災センター,ソウゴウホケンフクシボウサイセンター,沖縄県島尻郡南風原町字宮平697-10,,26.191832,127.732948,23.9,(098)889-7381,,47350,沖縄県,島尻郡南風原町,,,,,,,,,1,,町内一円,,
20,4735010020,第一団地集会所,ダイイチダンチシュウカイショ,沖縄県島尻郡南風原町字本部144,,26.190851,127.727654,37.4,(098)889-6902,,47350,沖縄県,島尻郡南風原町,,,,,,,,,,,第一団地内,,
21,4735010021,町民広場,チョウミンヒロバ,沖縄県島尻郡南風原町字兼城689,,26.191034,127.728668,29.9,-,,47350,沖縄県,島尻郡南風原町,,,,,,,,,,,町内一円,,
22,4735010022,黄金森公園陸上競技場,コガネモリコウエンリクジョウキョウギジョウ,沖縄県島尻郡南風原町字宮平718-1,,26.190596,127.733383,41.1,(098)889-0502,,47350,沖縄県,島尻郡南風原町,,,,,,,,,,,近隣地域,,
23,4735010023,本部公園,モトブコウエン,沖縄県島尻郡南風原町字本部352,,26.189466,127.723221,48.1,‐,,47350,沖縄県,島尻郡南風原町,,,,,,,,,,,近隣地域,,
24,4735010024,宮平ハイツ集会所,ミヤヒラハイツシュウカイショ,沖縄県島尻郡南風原町字宮平1028-35,,26.190458,127.735985,31.4,‐,,47350,沖縄県,島尻郡南風原町,,,,,,,,,,,宮平ハイツ区,,
25,4735010025,本部公民館,モトブコウミンカン,沖縄県島尻郡南風原町字本部117,,26.19079,127.723747,31.6,(098)889-6648,,47350,沖縄県,島尻郡南風原町,,,,,,,,,,,本部区,,
26,4735010026,本部児童館,モトブジドウカン,沖縄県島尻郡南風原町字本部116,,26.189075,127.724411,31.5,(098)889-5008,,47350,沖縄県,島尻郡南風原町,,,,,,,,,1,,近隣地域,,
27,4735010027,南風原町立中央公民館,ハエバルチョウリツチュウオウコウミンカン,沖縄県島尻郡南風原町字喜屋武236,,26.184002,127.73185,36.5,(098)889-0568,,47350,沖縄県,島尻郡南風原町,,,,,,,,,1,,町内一円,,
28,4735010028,南星中学校,ナンセイチュウガッコウ,沖縄県島尻郡南風原町字照屋200,,26.186712,127.723328,31.8,(098)889-0432,,47350,沖縄県,島尻郡南風原町,,,,,,,,,1,,町内一円,,
29,4735010029,喜屋武集落センター,キャンシュラクセンター,沖縄県島尻郡南風原町字喜屋武139,,26.185696,127.72998,37.7,(098)889-6603,,47350,沖縄県,島尻郡南風原町,,,,,,,,,,,喜屋武区,,
30,4735010030,津嘉山児童館,ツカザンジドウカン,沖縄県島尻郡南風原町字津嘉山663-1,,26.185732,127.715546,14,(098)888-2925,,47350,沖縄県,島尻郡南風原町,,,,,,,,,1,,近隣地域,,
31,4735010031,津嘉山地域振興資料館,ツカザンチイキシンコウシリョウカン,沖縄県島尻郡南風原町字津嘉山690,,26.185949,127.716553,16.1,(098)889-1435,,47350,沖縄県,島尻郡南風原町,,,,,,,,,,,津嘉山区,,
32,4735010032,照屋農村コミュニティーセンター,テルヤノウソンコミュニティーセンター,沖縄県島尻郡南風原町字照屋134,,26.185184,127.725456,18.5,(098)889-6632,,47350,沖縄県,島尻郡南風原町,,,,,,,,,,,照屋区,,
33,4735010033,津嘉山小学校,ツカザンショウガッコウ,沖縄県島尻郡南風原町字津嘉山684,,26.184128,127.717812,26.2,(098)889-1230,,47350,沖縄県,島尻郡南風原町,,,,,,,,,1,,町内一円,,
34,4735010034,翔南小学校,ショウナンショウガッコウ,沖縄県島尻郡南風原町字喜屋武450,,26.183861,127.729851,37.3,(098)889-3401,,47350,沖縄県,島尻郡南風原町,,,,,,,,,1,,町内一円,,
35,4735010035,山川集落センター,ヤマガワシュウラクセンター,沖縄県島尻郡南風原町字山川202,,26.177727,127.722755,17,(098)889-4429,,47350,沖縄県,島尻郡南風原町,,,,,,,,,,,山川区,,
36,4735010036,神里ふれあい公園,カミザトフレアイコウエン,沖縄県島尻郡南風原町字神里712-1,,26.174519,127.730072,39.3,-,,47350,沖縄県,島尻郡南風原町,,,,,,,,,,,近隣地区,,
37,4735010037,神里構造改善センター,カミザトコウゾウカイゼンセンター,沖縄県島尻郡南風原町字神里120-1,,26.172718,127.731918,32.5,(098)889-4428,,47350,沖縄県,島尻郡南風原町,,,,,,,,,,,神里区,,
38,4735010038,沖縄県立沖縄盲学校,オキナワケンリツオキナワモウガッコウ,沖縄県島尻郡南風原町字兼城473,,26.19825,127.722816,23.5,(098)889-5375,,47350,沖縄県,島尻郡南風原町,,,,,,,,,1,,町内一円,,
39,4735010039,東新川災害時避難施設,ヒガシアラカワサイガイジヒナンシセツ,沖縄県島尻郡南風原町字新川584,,26.213068,127.729591,94.1,-,,47350,沖縄県,島尻郡南風原町,,,,,,,,,1,,東新川区,,
40,4735010040,南風原町役場,ハエバルチョウヤクバ,沖縄県島尻郡南風原町字兼城686,,26.191034,127.728668,27.2,(098)889-4415,,47350,沖縄県,島尻郡南風原町,,,,,,,,,,,町内一円,,
1,1,北谷公園,チャタンコウエン,沖縄県中頭郡北谷町字美浜2,,26.311989,127.757498,5,098-936-1234,,47326,沖縄県,北谷町,1,1,,1,,1,,,,"6,666人（2.25平方メートルあたり1人）",,http://ccdc.jp/facility/free-park-facilities/sports-parks/chatan-park/,
2,2,北谷小学校グラウンド,チャタンショウガッコウグラウンド,沖縄県沖縄市南桃原4-13-1,,26.326274,127.778351,88,098-933-3930,,47326,沖縄県,北谷町,1,1,1,1,1,,,,,"2,226人（2.25平方メートルあたり1人）",,https://www.chatan.jp/smph/shisetsu/youchien_syougako/chatansho.html,
3,3,北谷第二小学校グラウンド,チャタンダイニショウガッコウグラウンド,沖縄県中頭郡北谷町字桑江567-1,,26.325264,127.772715,71,098-936-2511,,47326,沖縄県,北谷町,1,1,1,1,1,,,,,"3,873人（2.25平方メートルあたり1人）",,http://www.chatan.jp/smph/shisetsu/youchien_syougako/chatan2sho.html,
4,4,北玉小学校グラウンド,キタタマショウガッコウグラウンド,沖縄県中頭郡北谷町字吉原875,,26.313341,127.773456,32,098-936-3928,,47326,沖縄県,北谷町,1,1,1,1,1,,,,,"3,288人（2.25平方メートルあたり1人）",,http://www.chatan.jp/smph/shisetsu/youchien_syougako/kitatamasho.html,
5,5,浜川小学校グラウンド,ハマガワショウガッコウグラウンド,沖縄県中頭郡北谷町字宮城1-172,,26.326238,127.74867,4,098-936-4952,,47326,沖縄県,北谷町,1,1,,1,,,,,,"4,271人（2.25平方メートルあたり1人）",,http://www.chatan.jp/smph/shisetsu/youchien_syougako/hamagawasho.html,
6,6,北谷中学校グラウンド,チャタンチュウガッコウグラウンド,沖縄県中頭郡北谷町字吉原480,,26.32049,127.779754,101,098-936-3929,,47326,沖縄県,北谷町,1,1,1,1,1,,,,,"4,853人（2.25平方メートルあたり1人）",,https://www.chatan.jp/shisetsu/chugaku/chatanjuniorhs.html,
7,7,桑江中学校グラウンド,クワエチュウガッコウグラウンド,沖縄県中頭郡北谷町美浜1-4-7,,26.311278,127.760574,4,098-936-2244,,47326,沖縄県,北谷町,1,1,,1,,,,,,"10,870人（2.25平方メートルあたり1人）",,https://www.chatan.jp/shisetsu/chugaku/kuwae.html,
8,8,桑江総合運動場,クワエソウゴウウンドウジョウ,沖縄県中頭郡北谷町字桑江595-2,,26.323962,127.769566,59,098-936-1234,,47326,沖縄県,北谷町,1,1,1,1,1,,,,,"6,880人（2.25平方メートルあたり1人）",,https://www.chatan.jp/shisetsu/sports/kuwaeundojo.html,
9,9,上勢頭北公園,カミセドキタコウエン,沖縄県中頭郡北谷町字上勢頭709,,26.330519,127.771785,72,098-936-1234,,47326,沖縄県,北谷町,1,1,1,1,1,,,,,488人（2.25平方メートルあたり1人）,,http://ccdc.jp/facility/free-park-facilities/cityblock-parks/kamisedo-north-park/,
10,10,上勢頭南公園,カミセドミナミコウエン,沖縄県中頭郡北谷町字上勢頭622-2,,26.328501,127.773929,79,098-936-1234,,47326,沖縄県,北谷町,1,1,1,1,1,,,,,88人（2.25平方メートルあたり1人）,,http://ccdc.jp/facility/free-park-facilities/cityblock-parks/kamisedo-south-park/,
11,11,桃原公園,トウバルコウエン,沖縄県中頭郡北谷町字吉原554-1,,26.322362,127.777138,85,098-936-1234,,47326,沖縄県,北谷町,1,,1,1,1,,,,,"5,111人（2.25平方メートルあたり1人）",,http://ccdc.jp/facility/free-park-facilities/neighbors-parks/toubaru-park/,
12,12,桃原東公園,トウバルヒガシコウエン,沖縄県中頭郡北谷町字桃原10-3,,26.321568,127.779936,99,098-936-1234,,47326,沖縄県,北谷町,1,,1,1,1,,,,,88人（2.25平方メートルあたり1人）,,http://ccdc.jp/facility/free-park-facilities/cityblock-parks/tobaru-east-park/,
13,13,桃原西公園,トウバルニシコウエン,沖縄県中頭郡北谷町字桃原2-1,,26.320397,127.77789,101,098-936-1234,,47326,沖縄県,北谷町,1,1,1,1,1,,,,,88人（2.25平方メートルあたり1人）,,http://ccdc.jp/facility/free-park-facilities/cityblock-parks/tobaru-west-park/,
14,14,桑江公園,クワエコウエン,沖縄県中頭郡北谷町字桑江440,,26.324334,127.767813,48,098-936-1234,,47326,沖縄県,北谷町,1,1,1,1,1,,,,,"3,644人（2.25平方メートルあたり1人）",,http://ccdc.jp/facility/free-park-facilities/neighbors-parks/kuwae-park/,
15,15,砂辺第一公園,スナベダイイチコウエン,沖縄県中頭郡北谷町字砂辺311-4,,26.331874,127.750507,11,098-936-1234,,47326,沖縄県,北谷町,1,1,1,1,1,,,,,133人（2.25平方メートルあたり1人）,,http://ccdc.jp/facility/free-park-facilities/cityblock-parks/sunabe-first-park/,
16,16,宮城公園,ミヤギコウエン,沖縄県中頭郡北谷町字宮城1-171,,26.327594,127.748114,5,098-936-1234,,47326,沖縄県,北谷町,1,1,,1,,,,,,177人（2.25平方メートルあたり1人）,,http://ccdc.jp/facility/free-park-facilities/cityblock-parks/miyagi-park/,
17,17,港公園,ミナトコウエン,沖縄県中頭郡北谷町字港17,,26.321766,127.751639,4,098-936-1234,,47326,沖縄県,北谷町,1,1,,1,,,,,,311人（2.25平方メートルあたり1人）,,http://ccdc.jp/facility/free-park-facilities/cityblock-parks/minato-park/,
18,18,北前第一公園,キタマエダイイチコウエン,沖縄県中頭郡北谷町北谷2-4-4,,26.305289,127.760984,4,098-936-1234,,47326,沖縄県,北谷町,1,1,,1,,,,,,133人（2.25平方メートルあたり1人）,,http://ccdc.jp/facility/free-park-facilities/cityblock-parks/kitamae-first-park/,
19,19,北前第二公園,キタマエダイニコウエン,沖縄県中頭郡北谷町北前1-5-5,,26.300152,127.759437,6,098-936-1234,,47326,沖縄県,北谷町,1,1,,1,,,,,,133人（2.25平方メートルあたり1人）,,http://ccdc.jp/facility/free-park-facilities/cityblock-parks/kitamae-second-park/,
20,20,北前第三公園,キタマエダイサンコウエン,沖縄県中頭郡北谷町北前1-14-1,,26.297538,127.759928,6,098-936-1234,,47326,沖縄県,北谷町,1,1,,1,,,,,,133人（2.25平方メートルあたり1人）,,http://ccdc.jp/facility/free-park-facilities/cityblock-parks/kitamae-third-park/,
21,21,安良波公園,アラハコウエン,沖縄県中頭郡北谷町北谷2-21,,26.302742,127.758886,6,098-936-1234,,47326,沖縄県,北谷町,1,1,,1,,,,,,"4,088人（2.25平方メートルあたり1人）",,http://ccdc.jp/facility/free-park-facilities/neighbors-parks/araha-park/,
22,22,砂辺馬場公園,スナベババコウエン,沖縄県中頭郡北谷町字砂辺1-4,,26.333912,127.745168,5,098-936-1234,,47326,沖縄県,北谷町,1,1,,1,,,,,,"2,666人（2.25平方メートルあたり1人）",,http://ccdc.jp/facility/free-park-facilities/neighbors-parks/sunabebaba-park/,
23,23,宇地原公園,ウジバルコウエン,沖縄県中頭郡北谷町字吉原1133-1,,26.314191,127.767826,13,098-936-1234,,47326,沖縄県,北谷町,1,,1,1,1,,,,,933人（2.25平方メートルあたり1人）,,http://ccdc.jp/facility/free-park-facilities/cityblock-parks/ujibaru-park/,
24,24,謝苅公園,ジャアガルコウエン,沖縄県中頭郡北谷町字吉原110-1,,26.317132,127.772263,55,098-936-1234,,47326,沖縄県,北谷町,1,1,1,1,1,,,,,800人（2.25平方メートルあたり1人）,,http://ccdc.jp/facility/free-park-facilities/cityblock-parks/jaagaru-park/,
25,25,上勢桑江公園,カミセクワエコウエン,沖縄県中頭郡北谷町字桑江555-1,,26.325314,127.774003,78,098-936-1234,,47326,沖縄県,北谷町,1,1,1,1,1,,,,,622人（2.25平方メートルあたり1人）,,http://ccdc.jp/facility/free-park-facilities/cityblock-parks/kamise-kuwae-park/,
26,26,美浜第一公園,ミハマダイイチコウエン,沖縄県中頭郡北谷町美浜1-2-9,,26.310909,127.761735,4,098-936-1234,,47326,沖縄県,北谷町,1,1,,1,,,,,,133人（2.25平方メートルあたり1人）,,http://ccdc.jp/facility/free-park-facilities/cityblock-parks/mihama-first-park,
27,27,美浜第二公園,ミハマダイニコウエン,沖縄県中頭郡北谷町美浜2-4-1,,26.315641,127.759654,5,098-936-1234,,47326,沖縄県,北谷町,1,1,,1,,,,,,133人（2.25平方メートルあたり1人）,,http://ccdc.jp/facility/free-park-facilities/cityblock-parks/mihama-second-park/,
28,28,美浜第三公園,ミハマダイサンコウエン,沖縄県中頭郡北谷町美浜2-7-1,,26.31884,127.758707,5,098-936-1234,,47326,沖縄県,北谷町,1,1,,1,,,,,,133人（2.25平方メートルあたり1人）,,http://ccdc.jp/facility/free-park-facilities/cityblock-parks/mihama-third-park/,
29,29,美浜第四公園,ミハマダイヨンコウエン,沖縄県中頭郡北谷町美浜3-2-3,,26.321206,127.757679,6,098-936-1234,,47326,沖縄県,北谷町,1,1,,1,,,,,,133人（2.25平方メートルあたり1人）,,http://ccdc.jp/facility/free-park-facilities/cityblock-parks/mihama-fourth-park/,
30,30,美浜第五公園,ミハマダイゴコウエン,沖縄県中頭郡北谷町美浜3-5-1,,26.323675,127.755747,6,098-936-1234,,47326,沖縄県,北谷町,1,1,,1,,,,,,133人（2.25平方メートルあたり1人）,,http://ccdc.jp/facility/free-park-facilities/cityblock-parks/mihama-fifth-park/,
31,31,宮城北公園,ミヤギキタコウエン,沖縄県中頭郡北谷町字宮城3-142,,26.33235,127.743858,5,098-936-1234,,47326,沖縄県,北谷町,1,1,,1,,,,,,177人（2.25平方メートルあたり1人）,,http://ccdc.jp/facility/free-park-facilities/cityblock-parks/miyagi-north-park/,
32,32,あしびなぁ公園,アシビナァコウエン,沖縄県中頭郡北谷町字上勢頭830-1,,26.327921,127.768776,59,098-936-1234,,47326,沖縄県,北谷町,1,1,1,1,1,,,,,844人（2.25平方メートルあたり1人）,,http://ccdc.jp/facility/free-park-facilities/cityblock-parks/asibinar-park/,
33,33,北玉公園,キタタマコウエン,沖縄県中頭郡北谷町字吉原910-1,,26.312034,127.771719,22,098-936-1234,,47326,沖縄県,北谷町,1,,1,1,1,,,,,488人（2.25平方メートルあたり1人）,,http://ccdc.jp/facility/free-park-facilities/cityblock-parks/kitatama-park/,
34,34,ナガサ公園,ナガサコウエン,沖縄県中頭郡北谷町字伊平160,,26.323709,127.757676,5,098-936-1234,,47326,沖縄県,北谷町,1,1,,1,,,,,,222人（2.25平方メートルあたり1人）,,http://ccdc.jp/facility/free-park-facilities/cityblock-parks/%e3%83%8a%e3%82%ac%e3%82%b5%e5%85%ac%e5%9c%92/,
35,35,奈留川西公園,ナルカワニシコウエン,沖縄県中頭郡北谷町字伊平329-1,,26.321492,127.76105,6,098-936-1234,,47326,沖縄県,北谷町,1,1,,1,,,,,,400人（2.25平方メートルあたり1人）,,http://ccdc.jp/facility/free-park-facilities/cityblock-parks/narukawanisi/,
1,1,北中城小学校,キタナカグスクショウガッコウ,沖縄県中頭郡北中城村字喜舎場1,,26.301451,127.795456,,098-935-3980,,47327,沖縄県,北中城村,1,,1,1,1,1,1,,,,,,
2,2,島袋小学校,シマブクショウガッコウ,沖縄県中頭郡北中城村字島袋1234,,26.321352,127.80648,,098-933-9863,,47327,沖縄県,北中城村,1,,1,1,1,1,1,,,,,,
3,3,北中城中学校,キタナカグスクチュウガッコウ,沖縄県中頭郡北中城村字喜舎場306,,26.299238,127.795853,,098-935-3979,,47327,沖縄県,北中城村,1,1,1,1,1,1,1,,,,,,
4,4,北中城幼稚園,キタナカグスクヨウチエン,沖縄県中頭郡北中城村字喜舎場255-1,,26.301451,127.795456,,098-935-4554,,47327,沖縄県,北中城村,1,1,1,1,1,1,1,,,,,,
5,5,中央公民館,チュウオウコウミンカン,沖縄県中頭郡北中城村字仲順435,,26.305012,127.800293,,098-935-3773,,47327,沖縄県,北中城村,1,,1,1,1,1,1,,,,,,
6,6,仲順児童館,チュンジュンジドウカン,沖縄県中頭郡北中城村字仲順60,,26.301811,127.799095,,098-935-3237,,47327,沖縄県,北中城村,1,1,1,1,1,1,1,,,,,,
7,7,島袋児童館,シマブクジドウカン,沖縄県中頭郡北中城村字島袋215,,26.318695,127.799873,,098-933-8066,,47327,沖縄県,北中城村,1,1,1,1,1,1,1,,,,,,
8,8,北中城村老人デイサービスセンターしおさい,キタナカグスクソンロウジンデイサービスセンターシオサイ,沖縄県中頭郡北中城村字美崎262,,26.303453,127.822594,,098-935-5190,,47327,沖縄県,北中城村,1,1,,1,,1,1,,,,,,
9,9,喜舎場保育所,キシャバホイクショ,沖縄県中頭郡北中城村字喜舎場253,,26.301451,127.795456,,098-935-2510,,47327,沖縄県,北中城村,1,1,1,1,1,1,1,,,,,,
10,10,喜舎場児童公園,キシャバジドウコウエン,沖縄県中頭郡北中城村字喜舎場192,,26.305475,127.795227,,098-935-2233,,47327,沖縄県,北中城村,1,,1,1,1,1,1,,,,,,
11,11,仲順公園,チュンジュンコウエン,沖縄県中頭郡北中城村字仲順85,,26.302649,127.800385,,098-935-2233,,47327,沖縄県,北中城村,1,1,1,1,1,1,1,,,,,,
12,12,熱田公園,アッタコウエン,沖縄県中頭郡北中城村字熱田304,,26.297272,127.804466,,098-935-2233,,47327,沖縄県,北中城村,1,,1,1,1,1,1,,,,,,
13,13,熱田緑地公園,アッタリョクチコウエン,沖縄県中頭郡北中城村字熱田2070-4,,26.297585,127.810143,,098-935-2233,,47327,沖縄県,北中城村,1,1,,1,,1,1,,,,,,
14,14,しおさい公苑,シオサイコウエン,沖縄県中頭郡北中城村字熱田2070-7,,26.297585,127.810143,,098-935-3773,,47327,沖縄県,北中城村,1,1,,1,,1,1,,,,,,
15,15,渡口みどり公園,トグチミドリコウエン,沖縄県中頭郡北中城村字渡口362,,26.304443,127.808556,,098-935-2233,,47327,沖縄県,北中城村,1,1,1,1,1,1,1,,,,,,
16,16,渡口多目的広場,トグチタモクテキヒロバ,沖縄県中頭郡北中城村字渡口475-1,,26.301163,127.810059,,098-935-2233,,47327,沖縄県,北中城村,1,1,,1,,1,1,,,,,,
17,17,島袋中央公園,シマブクチュウオウコウエン,沖縄県中頭郡北中城村字島袋100,,26.319866,127.799263,,098-935-2233,,47327,沖縄県,北中城村,1,1,1,1,1,1,1,,,,,,
18,18,ロカイ公園,ロカイコウエン,沖縄県中頭郡北中城村字島袋261,,26.319872,127.800896,,098-935-2233,,47327,沖縄県,北中城村,1,1,1,1,1,1,1,,,,,,
19,19,あおい公園,アオイコウエン,沖縄県中頭郡北中城村字島袋600-9,,26.32283,127.802452,,098-935-2233,,47327,沖縄県,北中城村,1,1,1,1,1,1,1,,,,,,
20,20,ゆうな公園,ユウナコウエン,沖縄県中頭郡北中城村字島袋606,,26.322563,127.800667,,098-935-2233,,47327,沖縄県,北中城村,1,1,1,1,1,1,1,,,,,,
21,21,屋宜原公園,ヤギバルコウエン,沖縄県中頭郡北中城村字屋宜原794,,26.310146,127.793457,,098-935-2233,,47327,沖縄県,北中城村,1,1,1,1,1,1,1,,,,,,
22,22,若松公園,ワカマツコウエン,沖縄県中頭郡北中城村字安谷屋131,,26.297972,127.789963,,098-935-2233,,47327,沖縄県,北中城村,1,,1,1,1,1,1,,,,,,
23,23,イームイ公園,イームイコウエン,沖縄県中頭郡北中城村字安谷屋223,,26.295374,127.787727,,098-935-2233,,47327,沖縄県,北中城村,1,1,1,1,1,1,1,,,,,,
24,24,農村広場,ノウソンヒロバ,沖縄県中頭郡北中城村字荻道185,,26.290398,127.797112,,098-935-2233,,47327,沖縄県,北中城村,1,1,1,1,1,1,1,,,,,,
25,25,兄弟公園,チョーデーヒロバ,沖縄県中頭郡北中城村字大城140-1,,26.291925,127.800514,,098-935-2233,,47327,沖縄県,北中城村,1,1,1,1,1,1,1,,,,,,
26,26,大城広場,オオグスクヒロバ,沖縄県中頭郡北中城村字大城70,,26.290319,127.79908,,098-935-2233,,47327,沖縄県,北中城村,1,1,1,1,1,1,1,,,,,,
27,27,北中城中央広場,キタナカグスクチュウオウヒロバ,沖縄県中頭郡北中城村字喜舎場253,,26.301451,127.795456,,098-935-2233,,47327,沖縄県,北中城村,1,,1,1,1,1,1,,,,,,
28,28,美崎広場,ミサキヒロバ,沖縄県中頭郡北中城村字美崎265,,26.303453,127.822594,,098-935-2233,,47327,沖縄県,北中城村,1,1,,1,,1,1,,,,,,
29,29,イオンモール沖縄ライカム駐車場,イオンモールオキナワライカムチュウシャジョウ,沖縄県中頭郡北中城村字ﾗｲｶﾑ,,26.312994,127.796249,,,,47327,沖縄県,北中城村,1,1,1,1,1,1,1,,,,,,
30,30,沖縄県総合運動公園,オキナワケンソウゴウウンドウコウエン,沖縄県沖縄市比屋根5-3-1,,26.309458,127.820869,,098-932-5114,,47211,沖縄県,沖縄市,1,1,1,1,1,1,1,,,,,,
1,,名護市立羽地小学校（体育館）,ナゴシリツハネジショウガッコウ（タイイクカン）,沖縄県名護市田井等601ｰ2,,26.618177,128.010513,,,,472093,沖縄県,名護市,,,,,,,,,,,,,
2,,名護市立名護小学校（体育館）,ナゴシリツナゴショウガッコウ（タイイクカン）,沖縄県名護市大西2ｰ2‐22,,26.594496,127.97966,,,,472093,沖縄県,名護市,,,,,,,,,,,,,
3,,名護市立久辺小学校（体育館）,ナゴシリツクベショウガッコウ（タイイクカン）,沖縄県名護市豊原208,,26.520798,128.023468,,,,472093,沖縄県,名護市,,,,,,,,,,,,,
4,,名護市立羽地中学校（体育館）,ナゴシリツハネジチュウガッコウ（タイイクカン）,沖縄県名護市仲尾次770,,26.625132,128.022247,,,,472093,沖縄県,名護市,,,,,,,,,,,,,
5,,名護市立久辺中学校（体育館）,ナゴシリツクベチュウガッコウ（タイイクカン）,沖縄県名護市豊原208,,26.520798,128.023468,,,,472093,沖縄県,名護市,,,,,,,,,,,,,
6,,名護市立大北小学校（体育館）,ナゴシリツオオキタショウガッコウ（タイイクカン）,沖縄県名護市大北4ｰ19ｰ37,,26.605804,127.991562,,,,472093,沖縄県,名護市,,,,,,,,,,,,,
7,,名護市立稲田小学校（体育館）,ナゴシリツイナダショウガッコウ（タイイクカン）,沖縄県名護市我部祖河440‐1,,26.622669,128.003403,,,,472093,沖縄県,名護市,,,,,,,,,,,,,
8,,名護市立大宮小学校（体育館）,ナゴシリツオオミヤショウガッコウ（タイイクカン）,沖縄県名護市宮里5ｰ13‐22,,26.5973,127.971855,,,,472093,沖縄県,名護市,,,,,,,,,,,,,
9,,名護市立大宮中学校（体育館）,ナゴシリツオオミヤチュウガッコウ（タイイクカン）,沖縄県名護市宮里7－2‐66,,26.604961,127.979172,,,,472093,沖縄県,名護市,,,,,,,,,,,,,
10,,名護市立屋部小学校中山分校（体育館）,ナゴシリツヤブショウガッコウナカヤマブンコウ（タイイクカン）,沖縄県名護市中山208‐1,,26.625708,127.964027,,,,472093,沖縄県,名護市,,,,,,,,,,,,,
11,,喜瀬カントリークラブ宿舎前,キセカントリークラブシュクシャマエ,沖縄県名護市喜瀬1345‐1,,26.527142,127.943565,,,,472093,沖縄県,名護市,,,,,,,,,,,,,
12,,喜瀬ビーチパレスホテル,キセビーチパレスホテル,沖縄県名護市喜瀬115ｰ2,,26.53631,127.938301,,,,472093,沖縄県,名護市,,,,,,,,,,,,,
13,,AJ幸喜リゾート,エイジェイコウキリゾート,沖縄県名護市幸喜117,,26.539755,127.949226,,,,472093,沖縄県,名護市,,,,,,,,,,,,,
14,,沖縄サンコーストホテル,オキナワサンコーストホテル,沖縄県名護市幸喜108,,26.535122,127.949707,,,,472093,沖縄県,名護市,,,,,,,,,,,,,
15,,幸喜貯水タンク前,コウキチョスイタンクマエ,沖縄県名護市幸喜499,地先,26.532351,127.95919,,,,472093,沖縄県,名護市,,,,,,,,,,,,,
16,,仲兼久原高台,ナハガニクバルタカダイ,沖縄県名護市,幸喜幹線農道1号線,26.32114,127.57168,,,,472093,沖縄県,名護市,,,,,,,,,,,,,
17,,赤混田原高台,ハークンディバルタカダイ,沖縄県名護市,幸喜幹線農道1号線,26.32214,127.57299,,,,472093,沖縄県,名護市,,,,,,,,,,,,,
18,,許田区津波避難目標地点,キョダクツナミヒナンジョモクヒョウチテン,沖縄県名護市許田675,,26.542883,127.982597,,,,472093,沖縄県,名護市,,,,,,,,,,,,,
19,,許田ゴルフクラブ,キョダゴルフクラブ,沖縄県名護市許田505‐1,,26.540749,127.979507,,,,472093,沖縄県,名護市,,,,,,,,,,,,,
20,,タンク場前,タンクジョウマエ,沖縄県名護市,数久田1号線,26.33553,127.59151,,,,472093,沖縄県,名護市,,,,,,,,,,,,,
21,,世冨慶運動公園,ヨフケウンドウコウエン,沖縄県名護市世冨慶139‐1,,26.575628,127.987549,,,,472093,沖縄県,名護市,,,,,,,,,,,,,
22,,名護市食肉センター駐車場,ナゴシショクニクセンターチュウシャジョウ,沖縄県名護市世冨慶755,,26.565321,127.99662,,,,472093,沖縄県,名護市,,,,,,,,,,,,,
23,,名護城公園ノッポ椰子の広場,ナゴジョウコウエンノッポヤシノヒロバ,沖縄県名護市,名護（名護城公園内）,26.35231,127.59324,,,,472093,沖縄県,名護市,,,,,,,,,,,,,
24,,名護城大橋,ナゴジョウオオハシ,沖縄県名護市,県道18号線上,26.35142,127.59303,,,,472093,沖縄県,名護市,,,,,,,,,,,,,
25,,オリオンビール名護工場,オリオンビールナゴコウジョウ,沖縄県名護市東江2ｰ2‐1,,26.586386,127.989166,,,,472093,沖縄県,名護市,,,,,,,,,,,,,
26,,ホテルルートイン名護,ホテルルートインナゴ,沖縄県名護市東江5ｰ11ｰ3,,26.580326,127.98484,,,,472093,沖縄県,名護市,,,,,,,,,,,,,
27,,県営東江高層住宅 ,ケンエイアガリエコウソウジュウタク,沖縄県名護市東江5ｰ1‐1,,26.584929,127.983559,,,,472093,沖縄県,名護市,,,,,,,,,,,,,
28,,名護市民会館,ナゴシミンカイカン,沖縄県名護市港2ｰ1‐1,,26.59041,127.97525,,,,472093,沖縄県,名護市,,,,,,,,,,,,,
29,,大東区公園　,ダイトウクコウエン,沖縄県名護市大東3ｰ11‐18,,26.592024,127.991211,,,,472093,沖縄県,名護市,,,,,,,,,,,,,
30,,産業支援センター,サンギョウシエンセンター,沖縄県名護市大中1ｰ19‐24,,26.590603,127.984978,,,,472093,沖縄県,名護市,,,,,,,,,,,,,
31,,ホテルデルフィーノ名護,ホテルデルフィーノナゴ,沖縄県名護市大南1ｰ5‐14,,26.592312,127.979996,,,,472093,沖縄県,名護市,,,,,,,,,,,,,
32,,大中緑地公園,オオナカリョクチコウエン,沖縄県名護市大中3ｰ17番,,26.595446,127.985939,,,,472093,沖縄県,名護市,,,,,,,,,,,,,
33,,嵩原公園,タケハラコウエン,沖縄県名護市大中5ｰ1番,,26.594084,127.989983,,,,472093,沖縄県,名護市,,,,,,,,,,,,,
34,,大西公民館,オオニシコウミンカン,沖縄県名護市大西3ｰ8‐12,,26.59597,127.983612,,,,472093,沖縄県,名護市,,,,,,,,,,,,,
35,,うみのほし幼稚園,ウミノホシヨウチエン,沖縄県名護市大西2ｰ1‐20,,26.59341,127.983101,,,,472093,沖縄県,名護市,,,,,,,,,,,,,
36,,柳児童公園,ヤナギジドウコウエン,沖縄県名護市大北5ｰ9‐11,,26.605864,127.983955,,,,472093,沖縄県,名護市,,,,,,,,,,,,,
37,,大中公園,オオナカコウエン,沖縄県名護市大北1ｰ3703‐1,,26.600302,127.991188,,,,472093,沖縄県,名護市,,,,,,,,,,,,,
38,,大北公民館,オオキタコウミンカン,沖縄県名護市大北1ｰ7‐1,,26.601036,127.994255,,,,472093,沖縄県,名護市,,,,,,,,,,,,,
39,,為又公園,ビイマタコウエン,沖縄県名護市為又507‐48,,26.614817,127.974152,,,,472093,沖縄県,名護市,,,,,,,,,,,,,
40,,北部地区医師会北部看護学校の駐車場,ホクブチクイシカイホクブカンゴガッコウノチュウシャジョウ,沖縄県名護市為又1219‐91,,26.616201,127.967697,,,,472093,沖縄県,名護市,,,,,,,,,,,,,
41,,スーパーホテル沖縄名護,スーパーホテルオキナワナゴ,沖縄県名護市宮里1018,,26.60446,127.973747,,,,472093,沖縄県,名護市,,,,,,,,,,,,,
42,,大宮小学校,オオミヤショウガッコウ,沖縄県名護市宮里5ｰ13‐22,,26.5973,127.971855,,,,472093,沖縄県,名護市,,,,,,,,,,,,,
43,,宮里キリストの教会駐車場,ミヤザトキリストノキョウカイチュウシャジョウ,沖縄県名護市宮里3ｰ30ｰ30,,26.594732,127.967323,,,,472093,沖縄県,名護市,,,,,,,,,,,,,
44,,名護厚生園,ナゴコウセイエン,沖縄県名護市宮里5ｰ4‐29,,26.600061,127.971947,,,,472093,沖縄県,名護市,,,,,,,,,,,,,
45,,市立中央図書館,シリツチュウオウトショカン,沖縄県名護市宮里5ｰ6‐1,,26.599579,127.97065,,,,472093,沖縄県,名護市,,,,,,,,,,,,,
46,,ホテルゆがふいんおきなわ,ホテルユガフインオキナワ,沖縄県名護市宮里453‐1,,26.593525,127.965637,,,,472093,沖縄県,名護市,,,,,,,,,,,,,
47,,宮里公園,ミヤザトコウエン,沖縄県名護市宮里4ｰ7番,,26.599396,127.969879,,,,472093,沖縄県,名護市,,,,,,,,,,,,,
48,,久志公園,クシコウエン,沖縄県名護市久志790‐1,,26.517,128.006317,,,,472093,沖縄県,名護市,,,,,,,,,,,,,
49,,みらい四号館,ミライヨンゴウカン,沖縄県名護市久志283,,26.522812,127.99781,,,,472093,沖縄県,名護市,,,,,,,,,,,,,
50,,豊原公民館,トヨハラコウミンカン,沖縄県名護市豊原221ｰ24,,26.520456,128.019318,,,,472093,沖縄県,名護市,,,,,,,,,,,,,
51,,久辺小学校,クベショウガッコウ,沖縄県名護市豊原208,,26.520798,128.023468,,,,472093,沖縄県,名護市,,,,,,,,,,,,,
52,,久辺中学校,クベチュウガッコウ,沖縄県名護市豊原208,,26.520798,128.023468,,,,472093,沖縄県,名護市,,,,,,,,,,,,,
53,,辺野古紫雲道場,ヘノコシウンドウジョウ,沖縄県名護市辺野古134‐15,,26.523258,128.029816,,,,472093,沖縄県,名護市,,,,,,,,,,,,,
54,,辺野古運動公園,ヘノコウンドウコウエン,沖縄県名護市辺野古360‐79,,26.521055,128.037888,,,,472093,沖縄県,名護市,,,,,,,,,,,,,
55,,デイサービス　二見の里,デイサービス　フタミノサト,沖縄県名護市二見241‐7,,26.556677,128.023209,,,,472093,沖縄県,名護市,,,,,,,,,,,,,
56,,大川区津波避難目標地点１（旧道と県道の合流地点）　,オオカワクツナミヒナンモクヒョウチテン１（キュウドウトケンドウノゴウリュウチテン）,沖縄県名護市,旧県道18号,26.34191,128.01536,,,,472093,沖縄県,名護市,,,,,,,,,,,,,
57,,大川区津波避難目標地点２（大股）,オオカワクツナミヒナンモクヒョウチテン２（オオマタ）,沖縄県名護市,農道（名護市）,26.3427,128.02239,,,,472093,沖縄県,名護市,,,,,,,,,,,,,
58,,エナジックカントリークラブ駐車場,エナジックカントリークラブチュウシャジョウ,沖縄県名護市瀬嵩463ｰ3,,26.568281,128.056885,,,,472093,沖縄県,名護市,,,,,,,,,,,,,
59,,汀間区津波避難場所（県タンク）,テイマクツナミヒナンバショ（ケンタンク）,沖縄県名護市,汀間地内,26.332,128.03375,,,,472093,沖縄県,名護市,,,,,,,,,,,,,
60,,三原区津波避難目標地点　,ミハラクツナミヒナンモクヒョウチテン,沖縄県名護市,三原志根垣線延長上,26.34109,128.04117,,,,472093,沖縄県,名護市,,,,,,,,,,,,,
61,,安部区津波避難目標地点１（安部市営住宅上）,アブクツナミヒナンモクヒョウチテン１（アブシエイジュウタクウエ）,沖縄県名護市,安部農道,26.32329,128.05294,,,,472093,沖縄県,名護市,,,,,,,,,,,,,
62,,安部区津波避難目標地点２,アブクツナミヒナンモクヒョウチテン２,沖縄県名護市,国道331号,26.32301,128.05083,,,,472093,沖縄県,名護市,,,,,,,,,,,,,
63,,カヌチャベイリゾート駐車場,カヌチャベイリゾートチュウシャジョウ,沖縄県名護市安部156ｰ2,,26.549772,128.075607,,,,472093,沖縄県,名護市,,,,,,,,,,,,,
64,,嘉陽区津波避難目標地点,カヨウクツナミヒナンモクヒョウチテン,沖縄県名護市,農道,26.3248,128.05577,,,,472093,沖縄県,名護市,,,,,,,,,,,,,
65,,上城（拝所）,ジョウグスク（ハイジョ）,沖縄県名護市嘉陽41,,26.33119,128.06302,,,,472093,沖縄県,名護市,,,,,,,,,,,,,
66,,名護市ポンプ場横一帯,ナゴシポンプジョウヨコイッタイ,沖縄県名護市嘉陽41,,26.33147,128.06345,,,,472093,沖縄県,名護市,,,,,,,,,,,,,
67,,底仁屋公民館,ソコニヤコウミンカン,沖縄県名護市天仁屋696‐1,,26.565798,128.130676,,,,472093,沖縄県,名護市,,,,,,,,,,,,,
68,,天仁屋公民館　,テニヤコウミンカン,沖縄県名護市天仁屋273,,26.577972,128.117935,,,,472093,沖縄県,名護市,,,,,,,,,,,,,
69,,有津簡易水道タンク,アッツカンイスイドウタンク,沖縄県名護市天仁屋516,,26.589527,128.110352,,,,472093,沖縄県,名護市,,,,,,,,,,,,,
70,,有津津波避難目標地点１,アッツツナミヒナンモクヒョウチテン１,沖縄県名護市,国道331号,26.3509,128.07234,,,,472093,沖縄県,名護市,,,,,,,,,,,,,
71,,有津津波避難目標地点２,アッツツナミヒナンモクヒョウチテン２,沖縄県名護市,国道331号,26.35167,128.07386,,,,472093,沖縄県,名護市,,,,,,,,,,,,,
72,,伊差川運動公園,イサガワウンドウコウエン,沖縄県名護市伊差川32ｰ2,,26.605593,128.005371,,,,472093,沖縄県,名護市,,,,,,,,,,,,,
73,,川上公民館,カワカミコウミンカン,沖縄県名護市川上3,,26.619444,128.018707,,,,472093,沖縄県,名護市,,,,,,,,,,,,,
74,,親川公民館,オヤカワコウミンカン,沖縄県名護市親川67‐1,,26.609491,128.024216,,,,472093,沖縄県,名護市,,,,,,,,,,,,,
75,,仲尾区津波避難目標地点,ナカオクツナミヒナンモクヒョウチテン,沖縄県名護市,親川地内,26.37391,128.00591,,,,472093,沖縄県,名護市,,,,,,,,,,,,,
76,,山田公園,ヤマダコウエン,沖縄県名護市田井等909,,26.600531,128.023651,,,,472093,沖縄県,名護市,,,,,,,,,,,,,
77,,我部祖河之御嶽,ガブソカノミタケ,沖縄県名護市我部祖河33‐1,,26.626295,127.999115,,,,472093,沖縄県,名護市,,,,,,,,,,,,,
78,,源河区津波避難目標地点１,ゲンガクツナミヒナンモクヒョウチテン１,沖縄県名護市源河1856,,26.635878,128.069839,,,,472093,沖縄県,名護市,,,,,,,,,,,,,
79,,源河区津波避難目標地点２,ゲンガクツナミヒナンモクヒョウチテン２,沖縄県名護市,県道14号線,26.37524,128.04054,,,,472093,沖縄県,名護市,,,,,,,,,,,,,
80,,稲嶺区津波避難目標地点（クイユーのＴ字路）,イナミネクツナミヒナンモクヒョウチテン（クイユーノティージロ）,沖縄県名護市,稲嶺地区農免農道,26.37488,128.02308,,,,472093,沖縄県,名護市,,,,,,,,,,,,,
81,,真喜屋阿社義,マキヤアシャギ,沖縄県名護市真喜屋84,,26.615919,128.047897,,,,472093,沖縄県,名護市,,,,,,,,,,,,,
82,,真喜屋公民館,マキヤコウミンカン,沖縄県名護市真喜屋73,,26.630098,128.038742,,,,472093,沖縄県,名護市,,,,,,,,,,,,,
83,,屋之上（ヤーヌウイ）,ヤーヌウイ,沖縄県名護市仲尾次1067‐1,,26.609425,128.038788,,,,472093,沖縄県,名護市,,,,,,,,,,,,,
84,,羽地支所,ハネジシショ,沖縄県名護市仲尾次829,,26.623203,128.023788,,,,472093,沖縄県,名護市,,,,,,,,,,,,,
85,,羽地中学校,ハネジチュウガッコウ,沖縄県名護市仲尾次756,,26.625132,128.022247,,,,472093,沖縄県,名護市,,,,,,,,,,,,,
86,,嵐山の茶工場,アラシヤマノチャコウジョウ,沖縄県名護市呉我940ｰ2,,26.634502,127.99826,,,,472093,沖縄県,名護市,,,,,,,,,,,,,
87,,嵐山展望台,アラシヤマテンボウダイ,沖縄県名護市呉我1460ｰ2,,26.634502,127.99826,,,,472093,沖縄県,名護市,,,,,,,,,,,,,
88,,あだね川公園,アダネガワコウエン,沖縄県名護市宇茂佐の森4‐9,,26.601082,127.962357,,,,472093,沖縄県,名護市,,,,,,,,,,,,,
89,,名護特別支援学校後方交差点,ナゴトクベツシエンガッコウコウホウコウサテン,沖縄県名護市,宇茂佐の森地内,26.35594,127.57283,,,,472093,沖縄県,名護市,,,,,,,,,,,,,
90,,県職員住宅入口,ケンショクインジュウタクイリグチ,沖縄県名護市宇茂佐428‐15,,26.35548,127.57252,,,,472093,沖縄県,名護市,,,,,,,,,,,,,
91,,名護療育園,ナゴリョウイクエン,沖縄県名護市宇茂佐1765,,26.607536,127.966431,,,,472093,沖縄県,名護市,,,,,,,,,,,,,
92,,勝山ガーデンゴルフ練習場前,カツヤマガーデンゴルフレンシュウジョウマエ,沖縄県名護市,屋部26号線勝山線,26.36178,127.5638,,,,472093,沖縄県,名護市,,,,,,,,,,,,,
93,,屋部区津波避難目標地点（国道449号線）,ヤブクツナミヒナンモクヒョウチテン（コクドウ449ゴウセン）,沖縄県名護市,国道449号,26.36209,127.57219,,,,472093,沖縄県,名護市,,,,,,,,,,,,,
94,,山入端区津波目標地点１,ヤマノハクツナミモクヒョウチテン１,沖縄県名護市,砂田原線,26.36224,127.56119,,,,472093,沖縄県,名護市,,,,,,,,,,,,,
95,,山入端区津波避難目標地点２,ヤマノハクツナミヒナンモクヒョウチテン２,沖縄県名護市,上原線,26.36414,127.56118,,,,472093,沖縄県,名護市,,,,,,,,,,,,,
96,,安和区津波避難目標地点,アワクツナミヒナンモクヒョウチテン,沖縄県名護市,,26.3636,127.55596,,,,472093,沖縄県,名護市,,,,,,,,,,,,,
97,,琉球セメント事務所屋上,リュウキュウセメントジムショオクジョウ,沖縄県名護市安和1008,,26.620237,127.922981,,,,472093,沖縄県,名護市,,,,,,,,,,,,,
98,,部間権現の鳥居　,ブーマコンゲンノトリイ　,沖縄県名護市安和２６４０,,26.606867,127.901306,,,,472093,沖縄県,名護市,,,,,,,,,,,,,
99,,中山公民館,ナカヤマコウミンカン,沖縄県名護市中山１２９,,26.628656,127.967476,,,,472093,沖縄県,名護市,,,,,,,,,,,,,
100,,饒平名区一時避難場所,ヨヘナクイチジヒナンバショ,沖縄県名護市饒平名1243－1,,26.660213,128.007507,,,,472093,沖縄県,名護市,,,,,,,,,,,,,
1,1,与那原町交流センターひざし,ヨナバルチョウコウリュウセンター　ヒザシ,沖縄県与那原町字与那原3090-2,,26.200232,127.753494,,,,473481,沖縄県,与那原町,1,1,1,1,1,1,,,,,,,
2,2,与那原町コミュニティーセンター,ヨナルチョウコミュニティーセンター,沖縄県与那原町字与那原712,,26.203819,127.755676,,,,473481,沖縄県,与那原町,,1,,1,,1,,,,,,,
3,3,与那原町社会福祉協議会,ヨナバルチョウシャカイフクシキョウギカイ,沖縄県与那原町字上原16-2,,26.199156,127.751305,,,,473481,沖縄県,与那原町,1,1,1,1,1,1,,,,,,,
4,4,与那原町立 あかぎ児童館,ヨナバルチョウリツアカギジドウカン,沖縄県与那原町字与那原912,,26.206688,127.755455,,,,473481,沖縄県,与那原町,,1,,1,,1,,,,,,,
5,5,与那原町観光交流施設,ヨナバルチョウカンコウコウリュウシセツ,沖縄県与那原町字与那原3179,,26.204723,127.751228,,,,473481,沖縄県,与那原町,1,1,1,1,1,1,,,,,,,
6,6,上ノ森公園,ウエノモリコウエン,沖縄県与那原町与那原3179,,26.204723,127.751228,,,,473481,沖縄県,与那原町,1,1,1,1,1,1,,,,,,,
7,7,与原公園,ヨウバルコウエン,沖縄県与那原町与那原897,,26.207174,127.755066,,,,473481,沖縄県,与那原町,,,1,1,1,1,,,,,,,
8,8,与那古浜公園,ヨナコハマコウエン,沖縄県与那原町東浜77,,26.206249,127.76162,,,,473481,沖縄県,与那原町,,1,,1,,1,,,,,,,
